id,isolate,country,year,NEIS0408(pilQ),NEIS0414,NEIS1753(PenA),NEIS2020(porB),NEIS2357
846,F980,Nigeria,2000,,,,,
2597,F982,Nigeria,2000,,,,,
2609,C774,Malawi,1987,,,,,
2610,D779,Malawi,1991,,,,,
2858,22159,South Africa,,,,,,
8969,F981,Nigeria,2000,,,,,
31966,02_225,The Gambia,1989,618,8,533,907,0
31967,02_227,South Africa,1990,251,13,21,908,3
31968,02_228,South Africa,1991,22,185,18,909,0
31969,02_229,South Africa,1991,251,48,20,910,0
31970,02_230,Tanzania,1992,590,185,22,911,0
31971,989000020,Cape Verde,1998,613,8,294,699,3
31972,989000035,Cape Verde,1998,619,8,294,912,3
31973,989000005,The Gambia,1998,321,13,23,913,
31974,989000046,The Gambia,1998,321,13,23,913,3
31975,989000266,The Gambia,1998,620,8,20,878,0
31976,989000418,Morocco,1998,22,13,534,914,0
31977,989000421,Morocco,1998,621,13,,915,0
31978,989000016,Tanzania,1998,19,8,23,733,0
31979,999000083,Uganda,1999,622,8,294,916,0
31980,999000018,Angola,1999,184,8,20,867,0
31981,999000055,The Gambia,1999,184,8,20,917,0
31982,999000051,Guinea,1999,623,377,535,918,2
31983,999000073,Morocco,1999,333,8,504,919,0
31984,08_590_00123,Guinea-Bissau,2007,612,8,228,920,
31985,08_590_125,Guinea-Bissau,2007,612,8,228,920,
31986,08_590_00126,Guinea-Bissau,2007,321,13,23,913,3
31987,08_590_00127,Guinea-Bissau,2007,612,8,228,920,
31988,08_590_00128,Guinea-Bissau,2007,332,8,166,699,0
31989,08_590_00129,Guinea-Bissau,2007,612,8,228,920,3
31990,08_590_00130,Guinea-Bissau,2007,612,8,228,921,
31991,08_590_00131,Guinea-Bissau,2007,321,378,166,920,3
31992,08_590_00132,Guinea-Bissau,2007,332,8,166,699,2
31993,08_590_00133,Guinea-Bissau,2007,612,8,228,920,3
31994,08_590_00134,Guinea-Bissau,2007,332,8,166,699,
31995,08_590_00135,Guinea-Bissau,2007,332,8,166,699,0
31996,08_590_00136,Guinea-Bissau,2007,19,223,23,922,3
31997,08_590_00141,Guinea-Bissau,2007,19,223,23,878,
31998,08_590_00142,Guinea-Bissau,2007,321,378,166,920,3
31999,08_590_00143,Guinea-Bissau,2007,333,227,166,923,0
32000,08_590_00144,Guinea-Bissau,2007,624,8,17,695,3
32001,08_590_00145,Guinea-Bissau,2007,613,379,294,878,0
32002,08_590_00146,Guinea-Bissau,2007,19,223,23,924,
32007,08_590_00153,Guinea-Bissau,2007,333,227,166,925,0
32008,08_590_00154,Guinea-Bissau,2007,612,8,228,920,0
32009,08_590_00156,Guinea-Bissau,2007,612,8,228,927,3
32010,08_590_00157,Guinea-Bissau,2007,619,8,294,920,
32011,08_590_00138_pg_r,Guinea-Bissau,2007,624,8,17,695,0
36238,51212,Kenya,2011,251,13,285,1105,0
36239,T004,Kenya,,783,462,294,733,0
36240,52262,Kenya,2012,333,13,285,1106,3
36241,T006,Kenya,2013,19,8,515,1107,3
36242,T007,Kenya,,784,13,285,1108,3
36243,57547,Kenya,2012,251,13,228,1109,0
36244,56873,Kenya,2012,251,13,285,1110,0
36245,44568,Kenya,2010,333,13,285,1111,3
36246,61467,Kenya,2013,785,13,285,1109,0
36247,62017,Kenya,2013,251,13,20,1112,3
36248,43305,Kenya,2010,251,13,285,1110,10
36249,51451,Kenya,2011,251,13,285,1109,0
36250,58767,Kenya,2012,251,13,294,1113,3
36251,63179,Kenya,2013,786,8,23,1114,0
36252,T032,Kenya,,19,8,294,1115,0
36253,61450,Kenya,2013,613,,285,1116,10
36254,T034,Kenya,,251,13,285,1109,3
36255,45453,Kenya,2010,251,13,285,1110,0
36256,45676,Kenya,2010,251,13,285,1113,0
36257,51960,Kenya,2012,787,8,294,1117,10
36258,T041,Kenya,,251,13,285,1118,0
36259,61580,Kenya,2013,251,13,285,1119,3
36260,T047,Kenya,,19,8,515,1120,3
36261,48871,Kenya,2011,251,13,285,1121,10
36262,T049,Kenya,,19,8,515,1120,3
36263,48501,Kenya,2011,251,13,285,1122,0
36264,T052,Kenya,,19,8,515,1120,3
36265,T053,Kenya,,251,13,285,1121,3
36266,60096,Kenya,2012,251,13,285,719,0
36267,55496,Kenya,2012,333,13,285,826,
36268,T060,Kenya,2013,19,8,515,1107,3
36269,52263,Kenya,2012,251,13,294,1123,0
36270,59688,Kenya,2012,251,8,228,1124,0
36271,50659,Kenya,2011,251,13,20,1125,10
36272,T064,Kenya,,251,13,294,1113,0
36273,55798,Kenya,2012,251,13,294,1126,0
36274,63518,Kenya,2013,251,13,20,1127,10
36275,51468,Kenya,2011,251,13,285,719,0
36276,51645,Kenya,2011,333,13,285,1128,3
36277,59012,Kenya,2012,251,13,20,1129,0
36278,T071,Kenya,,333,13,285,1130,
36279,60243,Kenya,2013,333,13,285,1130,3
36280,47956,Kenya,2011,251,13,285,1131,0
36281,47686,Kenya,2011,251,13,285,1109,0
36282,45029,Kenya,2010,184,47,20,1132,3
36283,47147,Kenya,2011,251,13,285,1110,0
36284,44593,Kenya,2010,251,13,285,1113,0
36285,43346,Kenya,2010,333,13,285,826,3
36286,T083,Kenya,,333,13,285,1128,3
36287,43781,Kenya,2010,333,13,285,1111,3
36288,T087,Kenya,,251,13,285,1109,
36289,42974,Kenya,2010,333,13,285,826,3
36290,47983,Kenya,2011,333,13,285,1128,3
36291,60755,Kenya,2013,251,13,294,1133,0
36292,60709,Kenya,2013,333,13,285,1130,3
36293,43000,Kenya,2010,333,13,285,1111,3
36294,43038,Kenya,2010,333,13,285,1111,3
36295,46146,Kenya,2010,333,13,285,826,3
36296,44569,Kenya,2010,333,13,285,1111,3
36297,52492,Kenya,2012,333,13,285,1126,3
36298,T101,Kenya,2010,333,13,285,1111,3
36299,46445,Kenya,2011,251,13,,1134,0
36300,T104,Kenya,,251,13,285,1110,
36301,T105,Kenya,,333,13,,1130,3
36302,T106,Kenya,,251,13,20,1135,10
39081,64204,Kenya,2014,251,13,20,1279,10
39082,64500,Kenya,2014,333,13,285,1126,0
39083,64579,Kenya,2014,251,13,20,1109,0
39084,64605,Kenya,2014,333,13,285,1280,3
39085,64680,Kenya,2014,251,13,285,1109,0
39086,64586,Kenya,2014,251,13,20,957,0
39087,64361,Kenya,2014,333,13,285,826,3
39088,64755,Kenya,2014,251,13,20,733,10
39089,64203,Kenya,2014,251,13,20,1279,10
39090,65080,Kenya,2014,333,13,285,1281,3
39091,65318,Kenya,2014,333,13,285,1280,3
39092,65320,Kenya,2014,251,13,20,1127,10
39093,65551,Kenya,2014,333,13,285,826,3
39094,65600,Kenya,2014,251,8,294,1282,0
39095,65737,Kenya,2014,251,13,20,1135,0
39096,56474,Kenya,2012,333,13,285,1126,3
39097,56327,Kenya,2012,251,13,294,1133,3
39098,56682,Kenya,2012,919,8,166,1109,0
39099,56835,Kenya,2012,251,13,285,1109,0
39100,57568,Kenya,2012,333,13,285,1126,3
39101,63971,Kenya,2013,333,13,285,1126,3
39102,63748,Kenya,2013,251,13,285,719,0
39103,45858,Kenya,2010,251,13,285,1110,0
39104,45722,Kenya,2010,19,8,515,1120,3
39105,44941,Kenya,2010,19,8,515,1120,3
39106,45388,Kenya,2010,251,13,20,1283,10
39107,45715,Kenya,2010,251,13,285,1113,0
39108,45910,Kenya,2010,251,13,285,1110,0
39109,43208 -1,Kenya,2010,333,13,285,1111,3
39110,43208 -2,Kenya,2010,333,13,285,1111,3
39111,43210,Kenya,2010,333,13,285,1284,0
39112,44271,Kenya,2010,333,13,285,1128,3
39113,42876,Kenya,2010,251,13,285,1109,10
39114,44254,Kenya,2010,333,13,285,1284,3
39115,43306,Kenya,2010,333,13,285,826,3
39116,46745,Kenya,2011,251,13,285,1120,0
39117,47244,Kenya,2011,251,13,285,1110,0
39118,47954,Kenya,2011,19,8,515,1120,3
39119,47547,Kenya,2011,823,8,166,1285,12
39120,47548,Kenya,2011,251,13,285,1110,10
39121,48183,Kenya,2011,251,13,20,826,
39122,48763,Kenya,2011,251,13,285,1109,3
39123,48437,Kenya,2011,919,8,166,1109,0
39124,48563,Kenya,2011,19,8,515,1120,3
39125,48848,Kenya,2011,19,8,515,1120,3
39126,48213,Kenya,2011,251,13,285,1121,0
39127,48502,Kenya,2011,19,8,515,1120,3
39128,48406,Kenya,2011,783,462,294,733,0
39129,50040,Kenya,2011,783,462,294,733,0
39130,49506,Kenya,2011,251,13,285,1118,0
39131,49676,Kenya,2011,783,462,294,733,0
39132,49719,Kenya,2011,251,13,285,1110,0
39133,50869,Kenya,2011,920,8,294,1286,0
39134,51751,Kenya,2011,251,13,228,1109,0
39135,52057,Kenya,2012,251,13,294,1123,0
39136,52441,Kenya,2012,613,13,294,1110,
39137,65907,Kenya,2015,19,8,17,1287,0
39138,66098,Kenya,2015,251,13,20,1288,0
39139,42978,Kenya,2010,251,13,285,1110,10
59511,KNY_NGAMR/9,Kenya,2016,333,8,294,2466,0
60436,KNY_NGAMR/1,Kenya,2014,613,8,294,2465,0
60437,KNY_NGAMR9p,Kenya,2016,333,8,294,2466,0
60439,KNY_NGAMR26,Kenya,2016,622,8,294,1282,10
60440,KNY_NGAMR27,Kenya,2016,,8,294,3677,10
60441,KNY_NGAMR30p,Kenya,2017,251,13,294,2467,3
60442,KNY_NGAMR33,Kenya,2016,3124,1126,294,2468,0
60501,KNY_NGAMR2,Kenya,2014,19,13,23,2477,3
60502,KNY_NGAMR3,Kenya,2014,251,13,285,2478,
60503,KNY_NGAMR4,Kenya,2016,2743,8,228,2479,3
60504,KNY_NGAMR5,Kenya,2015,2750,13,285,2480,3
60505,KNY_NGAMR6,Kenya,2015,786,8,23,1114,0
60506,KNY_NGAMR7,Kenya,2015,251,13,20,2481,10
60507,KNY_NGAMR8,Kenya,2015,251,13,294,2482,0
60508,KNY_NGAMR10,Kenya,2016,19,223,23,966,3
60509,KNY_NGAMR11,Kenya,2016,251,13,294,2483,3
60510,KNY_NGAMR23,Kenya,2014,613,13,285,2484,
60511,KNY_NGAMR14,Kenya,2013,19,223,23,2485,3
60512,KNY_NGAMR20,Kenya,2014,613,13,285,2484,
60513,KNY_NGAMR17,Kenya,2016,251,13,20,1135,0
60514,KNY_NGAMR18,Kenya,2014,251,8,228,2486,3
60515,KNY_NGAMR19,Kenya,2015,251,13,294,2487,0
60516,KNY_NGAMR15,Kenya,2016,251,13,294,878,3
60517,KNY_NGAMR21,Kenya,2015,251,13,294,699,3
60518,KNY_NGAMR22,Kenya,2015,251,8,228,2486,
60519,KNY_NGAMR13,Kenya,2016,251,13,294,699,
60520,KNY_NGAMR24,Kenya,2014,,8,228,2486,
60521,KNY_NGAMR28,Kenya,2017,19,223,23,2488,3
60522,KNY_NGAMR29,Kenya,2017,333,13,294,1282,0
60523,KNY_NGAMR31,Kenya,2017,19,223,23,2489,0
60524,KNY_NGAMR32,Kenya,2017,251,13,294,2490,
60525,KNY_NGAMR35,Kenya,2013,19,223,23,966,3
60526,KNY_NGAMR41,Kenya,2018,,1128,228,2486,3
60527,KNY_NGAMR42,Kenya,2018,2068,8,294,3678,0
60528,KNY_NGAMR50,Kenya,2018,19,1129,23,2491,3
60530,KNY_NGAMR53,Kenya,2018,333,13,294,2492,10
60531,KNY_NGAMR54,Kenya,2018,,1130,20,2493,0
61382,IC_CNR077,Ivory Coast,2012,612,8,228,2505,
61383,IC_15039,Ivory Coast,2012,2759,8,294,2506,
89182,15MUS-Pl003,South Africa,2015,,,,,
89183,15MUS-Pl044,South Africa,2015,,,,,
89185,15MUS-Pl098,South Africa,2015,,,,,
89186,17MUS-AH083,South Africa,2017,,,,,
89187,17MUS-AH094,South Africa,2017,,,,,
89188,17MUS-AH118,South Africa,2017,,,,,
89189,17MUS-AH035,South Africa,2017,,,,,
89190,15MUS-PI063,South Africa,2015,,,,,
89194,17MUS-AH070,South Africa,2017,,,,,
89195,15MUS-PI091,South Africa,2015,,,,,
89196,17MUS-AH060,South Africa,2017,,,,,
89197,15MUS-PI005,South Africa,2015,,,,,
89198,15MUS-PI092,South Africa,2015,,,,,
89199,17MUS-AH077,South Africa,2017,,,,,
89200,17MUS-AH017,South Africa,2017,,,,,
92898,JR-409,South Africa,2019,,,,,
92899,JR-413,South Africa,2019,,,,,
92900,JR-414,South Africa,2019,,,,,
92901,JR-412,South Africa,2018,,,,,
92902,JR-403,South Africa,2019,,,,,
92903,JR-401,South Africa,2019,,,,,
93214,G176,South Africa,2019,,,,,
95771,GHA-ADB-055,Ghana,2014,319,223,23,1729,0
95772,GHA-ADB-088,Ghana,2014,586,13,287,4703,2
95773,GHA-ADB-095,Ghana,2014,19,223,23,699,3
95774,GHA-ADB-099,Ghana,2014,586,13,287,4704,2
95775,GHA-ADB-129,Ghana,2014,251,8,2563,4704,3
95776,GHA-ADB-135,Ghana,2014,2821,8,23,4705,3
95777,GHA-ADB-191,Ghana,2015,251,13,294,699,3
95778,GHA-ADB-216,Ghana,2015,619,8,294,920,3
95779,GHA-ADB-230,Ghana,2015,22,13,266,517,0
95780,GHA-ARM-046,Ghana,2013,184,13,23,4706,3
95781,GHA-ARM-069,Ghana,2013,,8,294,4707,3
95782,GHA-ARM-073,Ghana,2013,,8,294,4707,3
95783,GHA-ARM-106,Ghana,2014,586,13,287,4704,2
95784,GHA-ARM-127,Ghana,2014,,8,166,4708,3
95785,GHA-ARM-163,Ghana,2015,,13,287,4704,2
95786,GHA-ARM-165,Ghana,2015,,13,287,4704,2
95787,GHA-NAV-029,Ghana,2019,586,13,287,4704,2
95788,GHA-NAV-031,Ghana,2019,586,13,287,4704,2
95789,GHA-NAV-040,Ghana,2014,251,13,294,699,3
95790,GHA-TMH-040,Ghana,2012,,8,23,4414,0
95791,GHA-TMH-042,Ghana,2012,319,223,23,4709,2
95792,GHA-TMH-050,Ghana,2012,319,223,23,3206,2
95793,GHA-TMH-067,Ghana,2012,319,223,23,4709,2
95794,GHA-TMH-068,Ghana,2012,586,13,287,4704,2
95795,GHA-TMH-074,Ghana,2012,,223,23,4710,2
95796,GHA-TMH-455,Ghana,2015,319,223,23,4711,2
95797,GHA-TMH-458,Ghana,2015,321,13,23,913,3
95798,GHA-TMH-462,Ghana,2015,321,13,23,913,3
95799,GHA-TMH-465,Ghana,2015,251,13,21,4712,3
95800,GHA-TMH-484,Ghana,2015,319,223,23,4713,2
95801,GHA-TMH-537,Ghana,2015,623,223,23,4714,2
95802,GHA-ADB-284,Ghana,2018,251,13,21,4318,3
95803,GHA-ADB-297,Ghana,2018,251,13,21,773,3
95804,GHA-ADB-340,Ghana,2019,,13,228,826,10
95805,GHA-ADB-342,Ghana,2019,2821,8,23,3206,3
95806,GHA-ADB-347,Ghana,2019,251,13,21,4319,3
95807,GHA-ADB-348,Ghana,2019,251,13,21,4715,3
95808,GHA-ADB-360,Ghana,2019,1399,8,166,4320,2
95809,GHA-ADB-369,Ghana,2019,321,13,23,913,3
95810,GHA-AIR-053,Ghana,2019,,13,228,4321,3
95811,GHA-AIR-057,Ghana,2019,,13,228,699,3
95812,GHA-AIR-058,Ghana,2019,251,13,228,4322,3
95813,GHA-ARM-233,Ghana,2018,321,13,23,913,0
95814,GHA-ARM-285,Ghana,2019,251,13,21,4716,3
95815,GHA-ARM-288,Ghana,2019,251,13,21,4715,
95816,GHA-ARM-299,Ghana,2019,251,13,21,4715,3
95817,GHA-TMH-588,Ghana,2018,251,13,228,4502,0
95818,GHA-TMH-594,Ghana,2018,,8,166,4319,3
95819,GHA-TMH-612,Ghana,2018,251,13,228,4323,3
95820,GHA-TMH-619,Ghana,2018,,8,166,4319,3
95821,GHA-TMH-624,Ghana,2018,251,13,21,4715,3
96169,R3,South Africa,2013,621,13,23,4325,0
96170,R6,South Africa,2013,2759,8,294,4326,0
96171,R48,South Africa,2014,251,13,294,878,10
96172,R59,South Africa,2014,3802,1404,2993,4327,0
96173,R63,South Africa,2014,3802,1404,2993,4328,0
96174,R73,South Africa,2014,,13,294,4329,0
97776,GENT058_YB,Malawi,2018,,,,,
97777,GENT067,Malawi,2018,,,,,
97778,GENT068,Malawi,2018,,,,,
97779,GENT070,Malawi,2018,,,,,
97780,GENT092,Malawi,2018,,,,,
97781,GENT096,Malawi,2018,,,,,
97782,GENT135,Malawi,2018,,,,,
97783,GENT143,Malawi,2018,,,,,
97784,GENT146,Malawi,2018,,,,,
105972,18,Kenya,2012,,,,,
105973,61,Kenya,2012,,,,,
105974,3,Kenya,2012,,,,,
105975,12,Kenya,2012,,,,,
105976,57,Kenya,2012,,,,,
105977,100A,Kenya,2012,,,,,
105978,240,Kenya,2012,,,,,
105979,274,Kenya,2012,,,,,
105980,285,Kenya,2012,,,,,
105981,298,Kenya,2012,,,,,
106122,1107_Kenya,Kenya,2017,,13,294,4505,
106123,1284_Kenya,Kenya,2016,251,13,294,4506,3
106124,1912_Kenya,Kenya,2016,19,223,23,966,0
106125,1912-5_Kenya,Kenya,2017,,13,294,4505,
106126,2086_Kenya,Kenya,2018,251,13,294,4507,0
106127,2172_Kenya,Kenya,2016,2756,13,294,2642,10
106128,2245_Kenya,Kenya,2017,786,8,166,966,0
106129,2250_Kenya,Kenya,2017,,13,294,4508,3
106130,2320_Kenya,Kenya,2016,19,223,23,2489,3
106131,2350_Kenya,Kenya,2016,,8,228,4764,0
106132,2372_Kenya,Kenya,2016,,8,228,4765,0
106133,2416_Kenya,Kenya,2018,19,8,294,733,0
106134,2435_Kenya,Kenya,2016,251,13,285,4509,0
106135,2438_Kenya,Kenya,2017,,13,294,4505,3
106136,2533_Kenya,Kenya,2016,19,8,294,878,0
106137,2537_Kenya,Kenya,2016,622,8,294,2468,0
106138,2560_Kenya,Kenya,2016,251,13,20,4766,0
106139,2564_Kenya,Kenya,2018,251,13,294,4510,3
106140,2628_Kenya,Kenya,2017,251,13,294,4507,0
106141,2643_Kenya,Kenya,2016,786,8,166,966,0
106142,2664_Kenya,Kenya,2016,622,8,294,2468,0
106143,2665_Kenya,Kenya,2017,19,223,23,4767,
106144,2665-25_Kenya,Kenya,2017,19,223,23,4767,
106145,2687_Kenya,Kenya,2016,622,8,294,1128,0
106146,2694_Kenya,Kenya,2016,251,13,20,4768,0
106147,2695_Kenya,Kenya,2016,251,13,20,4769,0
106148,2699_Kenya,Kenya,2018,251,1130,294,4770,3
106149,2710_Kenya,Kenya,2018,251,13,23,733,0
106150,2728_Kenya,Kenya,2018,19,8,294,733,0
106151,2730_Kenya,Kenya,2017,,8,228,4771,0
106152,2783_Kenya,Kenya,2016,251,13,285,1109,0
106153,2796_Kenya,Kenya,2019,333,8,294,4511,
106154,2801_Kenya,Kenya,2016,251,13,20,4766,0
106155,2822_Kenya,Kenya,2017,251,13,294,699,3
106156,2852_Kenya,Kenya,2017,,13,294,4505,3
106157,2875_Kenya,Kenya,2017,22,8,23,699,3
106158,2901_Kenya,Kenya,2017,19,8,294,733,0
106159,2903_Kenya,Kenya,2018,2756,13,294,4512,10
106160,2921_Kenya,Kenya,2017,622,8,294,1282,10
106161,2932_Kenya,Kenya,2017,251,13,294,699,3
106162,3103_Kenya,Kenya,2019,,8,228,1280,0
106163,3107_Kenya,Kenya,2019,19,223,23,1109,0
106164,3140_Kenya,Kenya,2020,251,13,294,4513,0
106165,3313_Kenya,Kenya,2020,22,8,23,4772,3
106166,00N210012_Kenya,Kenya,2019,22,8,23,699,3
106167,33100099_Kenya,Kenya,2020,,8,228,4773,0
109097,SA2018-601,South Africa,2018,,8,228,5268,0
109098,SA2018-602,South Africa,2018,621,,23,5269,0
109099,SA2018-603,South Africa,2018,,13,285,5270,0
109100,SA2018-604,South Africa,2018,621,13,23,5271,
109101,SA2018-605,South Africa,2018,251,13,228,5272,0
109102,SA2018-606,South Africa,2018,251,13,228,5272,0
109103,SA2018-607,South Africa,2018,333,13,,5273,0
109104,SA2018-609,South Africa,2018,251,13,285,763,0
109105,SA2018-610,South Africa,2018,251,13,,5274,0
109106,SA2018-611,South Africa,2018,251,13,17,5275,0
109107,SA2018-612,South Africa,2018,,8,23,5276,0
109108,SA2018-613,South Africa,2018,2759,8,294,763,0
109109,SA2018-614,South Africa,2018,623,8,23,3894,
109110,SA2018-615,South Africa,2018,619,8,166,5277,0
109111,SA2019-810,South Africa,2019,612,8,294,2218,0
109112,SA2019-812,South Africa,2019,,8,23,5278,
109113,SA2019-813,South Africa,2019,251,13,285,878,
109114,SA2019-814,South Africa,2019,621,13,23,5269,0
109115,SA2019-815,South Africa,2019,23,,,554,0
109116,SA2019-816,South Africa,2019,,13,228,,3
109117,SA2019-817,South Africa,2019,23,13,285,554,0
109118,SA2019-818,South Africa,2019,251,13,285,878,
109119,SA2019-819,South Africa,2019,333,13,285,5273,
109120,SA2018-820,South Africa,2018,,13,228,5279,3
109121,SA2018-821,South Africa,2018,,8,23,5280,0
111732,GHA-TMH-633,Ghana,2018,2558,13,228,4324,3
111733,GHA-TMH-657,Ghana,2019,251,13,228,913,3
111734,GHA-TMH-663,Ghana,2019,251,13,21,4715,3
111735,GHA-TMH-679,Ghana,2019,22,1403,23,3206,3
111736,GHA-TMH-685,Ghana,2019,321,13,23,4691,0
115183,19MUS-SR081,South Africa,2019,,,,,
115184,21MUS-AH021,South Africa,2021,,,,,
115185,21MUS-AH105,South Africa,2021,,,,,
116222,UG010,Uganda,2018,785,13,285,7701,0
116223,UG117,Uganda,2018,19,8,294,7676,10
116224,UG182,Uganda,2018,251,13,294,7702,10
116225,UG197,Uganda,2018,251,1130,294,7703,14
116226,UG245,Uganda,2018,251,8,294,7704,3
116227,UG278,Uganda,2018,251,13,294,7705,0
116228,UG282,Uganda,2018,251,8,166,2485,10
116229,UG290,Uganda,2018,19,1225,23,7706,3
116230,UG323,Uganda,2018,19,1225,23,7706,3
116231,UG055,Uganda,2018,251,1130,294,7707,3
116232,UG224,Uganda,2018,251,13,294,7677,10
116233,UG009,Uganda,2018,251,13,294,7675,3
116234,UG052,Uganda,2018,251,13,294,7708,
116235,UG296,Uganda,2018,251,13,294,3135,3
116236,UG440,Uganda,2018,621,,228,7709,3
116237,UG221,Uganda,2018,19,223,23,7710,3
116238,UG040,Uganda,2018,22,8,294,7678,3
116239,UG474,Uganda,2018,251,1130,294,7679,3
116240,UG501,Uganda,2018,251,13,228,7711,10
116241,UG162,Uganda,2018,251,1130,294,7712,3
116242,UG007,Uganda,2018,251,13,294,7713,3
116243,UG393,Uganda,2018,,13,166,7714,2
116244,UG411,Uganda,2018,251,13,294,733,
116245,UG084,Uganda,2018,622,8,294,733,10
116246,UG413,Uganda,2018,22,8,294,3532,0
116247,UG343,Uganda,2018,,223,23,2489,3
116248,UG435,Uganda,2018,251,13,285,7715,10
116249,UG503,Uganda,2018,786,8,294,966,3
116250,UG198,Uganda,2018,251,13,228,7716,10
116251,UG167,Uganda,2018,19,8,294,7680,0
116252,UG189,Uganda,2018,,13,1919,3135,3
116253,UG075,Uganda,2018,251,13,1919,7717,3
117540,NG31052019,Cameroon,2019,251,13,228,4491,3
117541,NG27082019A,Cameroon,2019,251,13,21,966,0
117542,NG27082019B,Cameroon,2019,251,13,21,966,0
117543,NG20042303A,Cameroon,2020,23,13,294,4490,3
117544,NG20042303B,Cameroon,2020,23,13,294,4490,
117545,NG13112001,Cameroon,2020,,8,294,4492,3
117546,NG14112002,Cameroon,2020,251,223,285,4493,3
117547,NG14112003,Cameroon,2020,251,13,294,4494,0
118224,NG20042303AMaxwell,Cameroon,2020,23,13,294,4490,3
118225,NG14112003Maxwell,Cameroon,2020,251,13,294,4494,0
123150,FF05_01-134,Zambia,2020,23,377,166,699,3
123151,FF05_02-104,Zambia,2020,,377,166,6277,3
123152,FF05_02-210,Zambia,2020,23,377,166,699,3
123332,7148,South Africa,2022,,,,,
123333,5054,South Africa,2022,,,,,
123334,1077,South Africa,2022,,,,,
123335,2003,South Africa,2022,,,,,
123336,7023,South Africa,2022,,,,,
123337,8054,South Africa,2022,,,,,
123338,7064,South Africa,2022,,,,,
123339,5051,South Africa,2022,,,,,
123340,3146,South Africa,2022,,,,,
123341,8081,South Africa,2022,,,,,
123342,1030,South Africa,2022,,,,,
123343,3159,South Africa,2022,,,,,
123344,3123,South Africa,2022,,,,,
123345,1075,South Africa,2022,,,,,
123346,8050,South Africa,2022,,,,,
123347,3031,South Africa,2022,,,,,
125903,MDG-NG10,Madagascar,2020,19,8,294,9761,3
125904,MDG-NG11,Madagascar,2015,19,8,294,763,3
125905,MDG-NG12,Madagascar,2019,2748,13,228,9762,3
125906,MDG-NG13,Madagascar,2020,622,13,294,9763,3
125907,MDG-NG14,Madagascar,2020,251,13,23,9761,2
125908,MDG-NG15,Madagascar,2020,23,13,294,9764,3
125909,MDG-NG16,Madagascar,2016,,13,3005,1454,3
125910,MDG-NG17,Madagascar,2020,19,8,294,9765,3
125911,MDG-NG18,Madagascar,2020,251,13,23,9766,0
125912,MDG-NG19,Madagascar,2014,622,13,294,9767,3
125913,MDG-NG1,Madagascar,2020,19,8,294,669,3
125914,MDG-NG20,Madagascar,2020,333,13,285,9768,3
125915,MDG-NG21,Madagascar,2014,,13,294,9765,3
125916,MDG-NG22,Madagascar,2020,19,8,294,9769,3
125917,MDG-NG23,Madagascar,2014,19,8,294,9770,3
125918,MDG-NG24,Madagascar,2020,19,8,294,9771,3
125919,MDG-NG25,Madagascar,2020,251,13,228,1454,3
125920,MDG-NG26,Madagascar,2020,622,13,294,9772,3
125921,MDG-NG27,Madagascar,2020,23,13,20,704,3
125922,MDG-NG28,Madagascar,2017,19,8,2368,9773,3
125923,MDG-NG29,Madagascar,2019,251,13,228,763,3
125924,MDG-NG2,Madagascar,2020,251,13,228,2168,109
125925,MDG-NG30,Madagascar,2020,19,8,294,9765,3
125926,MDG-NG31,Madagascar,2020,251,13,23,9766,0
125927,MDG-NG32,Madagascar,2020,23,13,20,9774,2
125928,MDG-NG33,Madagascar,2020,1751,13,228,,3
125929,MDG-NG34,Madagascar,2020,621,13,228,1666,3
125930,MDG-NG35,Madagascar,2020,,13,228,9775,3
125931,MDG-NG36,Madagascar,2020,251,13,23,9776,2
125932,MDG-NG37,Madagascar,2020,19,8,294,9769,3
125933,MDG-NG38,Madagascar,2017,,8,294,9777,0
125934,MDG-NG39,Madagascar,2020,19,8,294,9778,3
125935,MDG-NG3,Madagascar,2019,23,13,20,9779,0
125936,MDG-NG40,Madagascar,2020,251,8,228,669,0
125937,MDG-NG41,Madagascar,2020,22,13,23,9780,3
125938,MDG-NG42,Madagascar,2020,23,13,20,9774,2
125939,MDG-NG43,Madagascar,2019,,13,228,1454,3
125940,MDG-NG44,Madagascar,2020,,13,228,1666,
125941,MDG-NG45,Madagascar,2020,23,13,20,9781,
125942,MDG-NG46,Madagascar,2020,251,13,228,9782,
125943,MDG-NG47,Madagascar,2016,251,13,228,704,3
125945,MDG-NG4,Madagascar,2020,622,13,294,942,3
125947,MDG-NG5,Madagascar,2020,251,13,23,9761,101
125948,MDG-NG6,Madagascar,2020,621,13,3006,9783,3
125950,MDG-NG8,Madagascar,2016,23,13,20,9784,2
125951,MDG-NG9,Madagascar,2020,19,13,294,9785,0
126241,7135,South Africa,2022,,,,,
126242,8099,South Africa,2022,,,,,
126243,3096,South Africa,2022,,,,,
126244,8076,South Africa,2022,,,,,
126245,8060,South Africa,2022,,,,,
126246,3140,South Africa,2022,,,,,
126247,3166,South Africa,2022,,,,,
126248,3085,South Africa,2022,,,,,
126249,1071,South Africa,2022,,,,,
126250,3118,South Africa,2022,,,,,
126251,8023,South Africa,2022,,,,,
126252,8039,South Africa,2022,,,,,
126253,1040,South Africa,2022,,,,,
126254,3062,South Africa,2022,,,,,
126255,8030,South Africa,2022,,,,,
126256,3095,South Africa,2022,,,,,
126257,1037,South Africa,2022,,,,,
126258,7152,South Africa,2022,,,,,
126259,5068,South Africa,2022,,,,,
126260,8102,South Africa,2022,,,,,
126261,7072,South Africa,2022,,,,,
126262,5059,South Africa,2022,,,,,
126263,5029,South Africa,2022,,,,,
126264,1065,South Africa,2022,,,,,
126265,8098,South Africa,2022,,,,,
126266,1060,South Africa,2022,,,,,
126267,1053,South Africa,2022,,,,,
126268,8011,South Africa,2022,,,,,
126269,3075,South Africa,2022,,,,,
126270,7154,South Africa,2022,,,,,
126271,3158,South Africa,2022,,,,,
126272,3121,South Africa,2022,,,,,
126273,3163,South Africa,2022,,,,,
126274,8078,South Africa,2022,,,,,
126275,5060,South Africa,2022,,,,,
126929,3115,South Africa,2022,,,,,
126930,5043,South Africa,2022,,,,,
126931,5018,South Africa,2022,,,,,
126932,7079,South Africa,2022,,,,,
126933,3044,South Africa,2022,,,,,
126934,7039,South Africa,2022,,,,,
126935,5037,South Africa,2022,,,,,
126936,3076,South Africa,2022,,,,,
126937,7070,South Africa,2022,,,,,
126938,1074,South Africa,2022,,,,,
126939,7129,South Africa,2022,,,,,
126940,1087,South Africa,2022,,,,,
126941,3108,South Africa,2022,,,,,
126942,1109,South Africa,2022,,,,,
126943,5034,South Africa,2022,,,,,
126944,7052,South Africa,2022,,,,,
126945,1105,South Africa,2022,,,,,
126946,5006,South Africa,2022,,,,,
126947,7113,South Africa,2022,,,,,
126948,8089,South Africa,2022,,,,,
126949,5025,South Africa,2022,,,,,
131095,GP-12-MUS-048,South Africa,2012,,13,3248,912,0
131096,GP-12-MUS-049,South Africa,2012,,8,23,2727,2
131097,GP-12-MUS-052,South Africa,2012,621,13,23,,2
131098,GP-12-MUS-069,South Africa,2012,619,8,294,,0
131099,GP-12-MUS-071,South Africa,2012,251,13,228,,3
131100,GP-12-MUS-086,South Africa,2012,2759,8,294,763,3
131101,GP-12-MUS-088,South Africa,2012,251,13,228,,3
131102,GP-12-MUS-092,South Africa,2012,,8,23,,0
131103,GP-12-MUS-093,South Africa,2012,2759,8,294,763,0
131104,GP-12-MUS-096,South Africa,2012,621,13,23,1279,2
131105,GP-12-MUS-099,South Africa,2012,619,8,294,,3
131106,GP-12-MUS-102,South Africa,2012,621,8,23,6296,3
131107,GP-12-MUS-107,South Africa,2012,19,8,294,,0
131108,GP-12-MUS-109,South Africa,2012,618,8,166,,0
131109,GP-12-MUS-110,South Africa,2012,251,13,228,,3
131110,GP-12-MUS-115,South Africa,2012,,13,23,,2
131111,GP-12-MUS-116,South Africa,2012,,8,20,,0
131112,GP-12-MUS-117,South Africa,2012,667,13,228,,3
131113,GP-12-MUS-124,South Africa,2012,251,13,228,,3
131114,GP-12-MUS-137,South Africa,2012,2759,8,294,,0
131115,GP-12-MUS-163,South Africa,2012,251,13,228,6298,3
131116,GP-12-MUS-166,South Africa,2012,1399,8,166,1601,2
131117,GP-12-MUS-170,South Africa,2012,667,13,228,,0
131118,GP-12-MUS-180,South Africa,2012,2759,8,294,,0
131119,GP-12-MUS-190,South Africa,2012,251,13,285,878,0
131120,GP-12-MUS-199,South Africa,2012,621,13,23,,0
131121,GP-12-MUS-205,South Africa,2012,251,13,228,,3
131122,GP-12-MUS-208,South Africa,2012,251,13,228,763,3
131123,GP-12-MUS-211,South Africa,2012,184,13,20,,0
131124,GP-12-MUS-214,South Africa,2012,621,13,23,4329,0
131125,GP-12-MUS-220,South Africa,2012,251,13,285,878,0
131126,GP-12-MUS-242,South Africa,2012,,,,763,3
131127,GP-12-MUS-250,South Africa,2012,2759,8,294,763,3
131128,GP-12-MUS-251,South Africa,2012,2759,13,228,6298,3
131129,GP-12-MUS-252,South Africa,2012,22,8,166,,0
131130,GP-12-MUS-264,South Africa,2012,333,13,285,,3
131131,GP-12-MUS-273,South Africa,2012,251,13,228,,0
131132,GP-12-MUS-276,South Africa,2012,251,13,228,,3
131133,GP-12-MUS-283,South Africa,2012,333,13,23,826,3
131134,GP-12-MUS-289,South Africa,2012,251,13,228,,3
131135,GP-12-MUS-291,South Africa,2012,1399,8,166,,0
131136,GP-12-MUS-297,South Africa,2012,251,8,228,,3
131137,GP-12-MUS-303,South Africa,2012,251,8,228,9300,0
131138,GP-12-MUS-307,South Africa,2012,251,13,228,6298,0
131139,GP-12-MUS-311,South Africa,2012,184,13,166,,0
131140,GP-12-MUS-312,South Africa,2012,251,13,228,,3
131141,GP-12-MUS-317,South Africa,2012,,13,285,6279,
131142,GP-12-MUS-319,South Africa,2012,621,13,23,4329,2
131143,GP-12-MUS-324,South Africa,2012,1399,8,166,,0
131144,GP-12-MUS-325,South Africa,2012,2759,8,294,,
131145,GP-12-MUS-331,South Africa,2012,251,13,228,,0
131146,GP-12-MUS-333,South Africa,2012,621,13,166,,0
131147,GP-12-MUS-337,South Africa,2012,,13,228,,
131148,GP-12-MUS-339,South Africa,2012,251,,228,,3
131149,GP-12-MUS-356,South Africa,2012,333,13,285,2500,3
131150,GP-12-MUS-358,South Africa,2012,333,13,285,,3
131151,GP-12-MUS-361,South Africa,2012,1399,8,166,,0
131152,GP-12-MUS-363,South Africa,2012,623,8,23,,3
131153,GP-12-MUS-368,South Africa,2012,251,13,228,,3
131154,GP-12-MUS-371,South Africa,2012,251,13,228,,
131155,GP-13-MUS-001,South Africa,2013,667,13,228,,0
131156,GP-13-MUS-015,South Africa,2013,251,13,285,,0
131157,GP-13-MUS-032,South Africa,2013,251,13,228,6298,3
131158,GP-13-MUS-044,South Africa,2013,251,13,228,,3
131159,GP-13-MUS-047,South Africa,2013,333,13,285,,3
131160,GP-13-MUS-051,South Africa,2013,251,13,285,878,0
131161,GP-13-MUS-052,South Africa,2013,251,13,285,,0
131162,GP-13-MUS-053,South Africa,2013,251,13,228,,3
131163,GP-13-MUS-067,South Africa,2013,333,13,285,,3
131164,GP-13-MUS-068,South Africa,2013,2759,8,228,,3
131165,GP-13-MUS-070,South Africa,2013,251,13,228,,3
131166,GP-13-MUS-073,South Africa,2013,19,8,294,,0
131167,GP-13-MUS-076,South Africa,2013,621,13,23,,2
131168,GP-13-MUS-077,South Africa,2013,251,13,228,,
131169,GP-13-MUS-080,South Africa,2013,2759,8,294,,3
131170,GP-13-MUS-081,South Africa,2013,19,1230,294,,0
131171,GP-13-MUS-083,South Africa,2013,,,,,
131172,GP13-MUS-085,South Africa,2013,251,13,228,,3
131173,GP13-MUS-086,South Africa,2013,,8,228,1109,
131174,GP13-MUS-088,South Africa,2013,251,,228,3131,3
131175,GP-13-MUS-096,South Africa,2013,,8,23,,2
131176,GP-13-MUS-099,South Africa,2013,621,13,228,,3
131177,GP-13-MUS-103,South Africa,2013,19,8,287,912,0
131178,GP-13-MUS-105,South Africa,2013,,8,515,,3
131179,GP-13-MUS-107,South Africa,2013,,8,23,,0
131180,GP-13-MUS-109,South Africa,2013,621,13,23,,2
131181,GP-13-MUS-116,South Africa,2013,2759,8,294,,3
131182,GP-13-MUS-120,South Africa,2013,621,13,23,,0
131183,GP-13-MUS-121,South Africa,2013,251,13,228,,3
131184,GP-13-MUS-129,South Africa,2013,2759,8,294,,0
131185,GP-13-MUS-132,South Africa,2013,,8,23,,2
131186,GP-13-MUS-133,South Africa,2013,251,13,228,878,3
131187,GP-13-MUS-134,South Africa,2013,,8,294,4127,0
131188,GP13-MUS-144,South Africa,2013,,8,23,,0
131189,GP13-MUS-145,South Africa,2013,251,8,228,,3
131190,GP13-MUS-152,South Africa,2013,,223,166,,0
131191,GP13-MUS-177,South Africa,2013,2759,8,294,,0
131192,GP13-MUS-179,South Africa,2013,251,13,228,763,3
131193,GP13-MUS-187,South Africa,2013,251,13,228,,3
131194,GP13-MUS-189,South Africa,2013,621,13,23,,2
131195,GP13-MUS-190,South Africa,2013,251,8,228,,0
131196,GP13-MUS-195,South Africa,2013,251,13,228,763,3
131197,GP13-MUS-196,South Africa,2013,,13,285,,3
131198,GP13-MUS-203,South Africa,2013,,8,166,,2
131199,GP13-MUS-206,South Africa,2013,251,13,228,,0
131200,GP13-MUS-208,South Africa,2013,251,13,228,,3
131201,GP13-MUS-210,South Africa,2013,251,13,228,878,3
131202,GP13-MUS-213,South Africa,2013,251,13,228,,0
131203,GP13-MUS-215,South Africa,2013,621,13,23,,0
131204,GP13-MUS-218,South Africa,2013,2759,8,294,763,0
131205,GP13-MUS-225,South Africa,2013,623,,515,,
131206,GP13-MUS-231,South Africa,2013,619,8,294,,0
131207,GP-13-MUS-235,South Africa,2013,619,8,294,,0
131208,GP-13-MUS-236,South Africa,2013,621,13,294,1118,0
131209,GP-13-MUS-243,South Africa,2013,251,13,228,6298,3
131210,GP-13-MUS-244,South Africa,2013,,8,23,,2
131211,GP-13-MUS-247,South Africa,2013,619,8,294,,0
131212,GP-13-MUS-253,South Africa,2013,,13,23,,2
131213,GP-13-MUS-256,South Africa,2013,251,13,228,,3
131214,GP-13-MUS-257,South Africa,2013,251,13,228,,
131215,GP-13-MUS-258,South Africa,2013,251,13,228,,0
131216,GP-13-MUS-269,South Africa,2013,251,13,228,6298,3
131217,GP-13-MUS-271,South Africa,2013,613,8,23,,80
131218,GP-13-MUS-272,South Africa,2013,619,8,294,,0
131219,GP-13-MUS-275,South Africa,2013,621,13,23,4329,0
131220,GP-13-MUS-276,South Africa,2013,1399,8,166,,2
131221,GP-14-MUS-017,South Africa,2014,667,13,294,,0
131222,GP-14-MUS-032,South Africa,2014,251,13,228,,3
131223,GP-14-MUS-033,South Africa,2014,586,13,287,4704,2
131224,GP-14-MUS-034,South Africa,2014,251,13,228,,0
131225,GP-14-MUS-042,South Africa,2014,251,13,228,,
131226,GP-14-MUS-052,South Africa,2014,619,8,294,,3
131227,GP-14-MUS-054,South Africa,2014,621,13,23,,2
131228,GP-14-MUS-057,South Africa,2014,251,13,228,,130
131229,GP-14-MUS-063,South Africa,2014,621,8,23,,0
131230,GP-14-MUS-064,South Africa,2014,621,13,23,,0
131231,GP-14-MUS-069,South Africa,2014,1399,8,166,,0
131232,GP-14-MUS-081,South Africa,2014,623,8,515,,3
131233,GP-14-MUS-082,South Africa,2014,,8,166,763,2
131234,GP-14-MUS-088,South Africa,2014,623,8,23,,0
131235,GP-14-MUS-092,South Africa,2014,613,8,228,,0
131236,GP-14-MUS-094,South Africa,2014,251,13,228,,3
131237,GP-14-MUS-095,South Africa,2014,22,13,266,,0
131238,GP-14-MUS-099,South Africa,2014,251,13,228,6298,0
131239,GP-14-MUS-103,South Africa,2014,251,13,228,,3
131240,GP-14-MUS-105,South Africa,2014,184,,285,,3
131241,GP-14-MUS-107,South Africa,2014,621,8,23,,2
131242,GP-14-MUS-110,South Africa,2014,251,13,228,,3
131243,GP-14-MUS-114,South Africa,2014,22,13,166,,0
131244,GP-14-MUS-117,South Africa,2014,333,13,285,826,3
131245,GP-14-MUS-121,South Africa,2014,333,13,494,,3
131246,GP-14-MUS-139,South Africa,2014,251,13,228,,3
131247,GP-14-MUS-143,South Africa,2014,,13,228,763,3
131248,GP-14-MUS-147,South Africa,2014,,8,3248,8437,0
131249,GP-14-MUS-150,South Africa,2014,23,13,228,,3
131250,GP-14-MUS-151,South Africa,2014,251,13,228,,3
131251,GP-14-MUS-154,South Africa,2014,251,13,228,,3
131252,GP-14-MUS-156,South Africa,2014,251,13,228,,3
131253,GP-14-MUS-165,South Africa,2014,,13,285,,
131254,GP-14-MUS-183,South Africa,2014,251,13,228,,3
131255,GP-14-MUS-189,South Africa,2014,2759,8,294,,0
131256,GP-14-MUS-194,South Africa,2014,,13,294,878,10
131257,GP-14-MUS-211,South Africa,2014,184,13,3253,,0
131258,GP-14-MUS-212,South Africa,2014,251,13,21,,0
131259,GP-14-MUS-213,South Africa,2014,251,13,228,,
131260,GP-14-MUS-214,South Africa,2014,251,13,228,763,3
131261,GP-14-MUS-218,South Africa,2014,251,13,228,3131,3
131262,GP-14-MUS-219,South Africa,2014,251,13,228,,3
131263,GP-14-MUS-221,South Africa,2014,251,13,228,,3
131264,GP-14-MUS-224,South Africa,2014,19,8,294,7705,0
131265,GP-14-MUS-232,South Africa,2014,251,13,285,4329,0
131266,GP-14-MUS-238,South Africa,2014,251,13,228,,3
131267,GP-14-MUS-243,South Africa,2014,251,13,228,,0
131268,GP-14-MUS-244,South Africa,2014,251,13,228,,0
131269,GP-14-MUS-246,South Africa,2014,333,13,285,5276,
131270,GP-14-MUS-247,South Africa,2014,251,13,228,5273,
131271,GP-14-MUS-250,South Africa,2014,251,13,228,,3
131272,GP-14-MUS-251,South Africa,2014,619,8,294,,3
131273,GP-14-MUS-252,South Africa,2014,251,13,228,,3
131274,15MUS-AH001,South Africa,2015,251,13,228,,3
131275,15MUS-AH007,South Africa,2015,,8,23,,0
131276,15MUS-AH008,South Africa,2015,251,13,228,,3
131277,15MUS-AH009,South Africa,2015,,13,228,,0
131278,15MUS-AH021,South Africa,2015,251,13,228,,3
131279,15MUS-AH029,South Africa,2015,19,8,294,912,0
131280,15MUS-AH030,South Africa,2015,,13,285,6279,3
131281,15MUS-AH041,South Africa,2015,251,13,228,,
131282,15MUS-AH042,South Africa,2015,,8,294,,
131283,15MUS-AH060,South Africa,2015,621,13,23,4325,0
131284,15MUS-AH061,South Africa,2015,251,13,285,878,0
131285,15MUS-AH063,South Africa,2015,251,13,228,2486,0
131286,15MUS-AH064,South Africa,2015,,8,166,763,2
131287,15MUS-AH068,South Africa,2015,251,13,228,763,3
131288,15MUS-AH077,South Africa,2015,,8,23,6289,
131289,15MUS-AH078,South Africa,2015,251,13,228,,3
131290,15MUS-AH079,South Africa,2015,,13,228,878,3
131291,15MUS-AH083,South Africa,2015,621,13,23,878,129
131292,15MUS-AH084,South Africa,2015,251,13,228,,3
131293,15MUS-AH085,South Africa,2015,,8,23,,0
131294,15MUS-AH086,South Africa,2015,618,13,294,6283,0
131295,15MUS-AH087,South Africa,2015,333,13,285,,3
131296,15MUS-AH088,South Africa,2015,621,13,23,,2
131297,15MUS-AH089,South Africa,2015,251,13,228,763,3
131298,15MUS-AH092,South Africa,2015,619,8,294,,0
131299,15MUS-AH093,South Africa,2015,251,13,285,,0
131300,15MUS-AH094,South Africa,2015,623,8,515,,0
131301,15MUS-AH096,South Africa,2015,613,8,294,,0
131302,15MUS-AH101,South Africa,2015,251,13,294,878,0
131303,15MUS-AH103,South Africa,2015,251,13,228,,3
131304,15MUS-AH106,South Africa,2015,621,13,23,4329,0
131305,15MUS-AH108,South Africa,2015,251,13,228,763,3
131306,15MUS-AH112,South Africa,2015,333,13,285,826,3
131307,15MUS-AH113,South Africa,2015,2759,8,294,,0
131308,15MUS-AH117,South Africa,2015,251,13,285,878,0
131309,15MUS-AH119,South Africa,2015,619,8,294,,0
131310,15MUS-AH121,South Africa,2015,251,8,228,669,0
131311,15MUS-AH122,South Africa,2015,621,8,23,,0
131312,15MUS-AH130,South Africa,2015,,13,228,,3
131313,15MUS-AH131,South Africa,2015,2759,8,17,6295,0
131314,15MUS-AH133,South Africa,2015,621,13,23,763,2
131315,15MUS-AH135,South Africa,2015,621,13,23,4325,0
131316,15MUS-AH138,South Africa,2015,251,13,228,,3
131317,15MUS-AH140,South Africa,2015,251,13,228,,3
131318,15MUS-AH143,South Africa,2015,251,13,228,,
131319,15MUS-AH146,South Africa,2015,251,13,228,,0
131320,15MUS-AH148,South Africa,2015,251,13,228,,3
131321,15MUS-AH149,South Africa,2015,619,,294,,0
131322,15MUS-AH150,South Africa,2015,,,23,,0
131323,15MUS-AH152,South Africa,2015,251,13,228,,
131324,15MUS-AH153,South Africa,2015,251,13,285,,3
131325,15MUS-AH154,South Africa,2015,251,13,228,,3
131326,15MUS-AH160,South Africa,2015,621,13,294,,2
131327,15MUS-AH165,South Africa,2015,251,13,228,,3
131328,15MUS-AH166,South Africa,2015,251,13,294,,3
131329,16MUS-AH007,South Africa,2016,251,13,228,,3
131330,16MUS-AH009,South Africa,2016,251,13,294,,0
131331,16MUS-AH010,South Africa,2016,613,8,228,6282,80
131332,16MUS-AH011,South Africa,2016,621,13,294,,0
131333,16MUS-AH012,South Africa,2016,621,13,23,,2
131334,16MUS-AH017,South Africa,2016,251,13,228,878,3
131335,16MUS-AH019,South Africa,2016,333,13,285,826,
131336,16MUS-AH023,South Africa,2016,2759,8,285,,3
131337,16MUS-AH026,South Africa,2016,251,13,228,,
131338,16MUS-AH029,South Africa,2016,,13,228,,3
131339,16MUS-AH030,South Africa,2016,333,13,285,,3
131340,16MUS-AH034,South Africa,2016,251,13,294,6298,0
131341,16MUS-AH057,South Africa,2016,251,13,228,,3
131342,16MUS-AH060,South Africa,2016,251,13,228,,0
131343,16MUS-AH062,South Africa,2016,251,13,228,,3
131344,16MUS-AH063,South Africa,2016,251,13,23,878,0
131345,16MUS-AH064,South Africa,2016,621,13,294,,0
131346,16MUS-AH067,South Africa,2016,333,13,285,6279,
131347,16MUS-AH068,South Africa,2016,251,13,228,,3
131348,16MUS-aH070,South Africa,2016,621,13,23,,0
131349,16MUS-AH082,South Africa,2016,621,13,23,5355,2
131350,16MUS-AH085,South Africa,2016,251,13,228,,3
131351,16MUS-AH087,South Africa,2016,621,8,23,4325,0
131352,16MUS-AH088,South Africa,2016,333,13,285,5276,3
131353,16MUS-AH089,South Africa,2016,251,13,228,,3
131354,16MUS-AH091,South Africa,2016,621,13,23,,2
131355,16MUS-AH093,South Africa,2016,251,13,228,,3
131356,16MUS-AH094,South Africa,2016,,8,3249,763,0
131357,16MUS-AH097,South Africa,2016,251,13,228,,3
131358,16MUS-AH100,South Africa,2016,251,13,228,,
131359,16MUS-AH101,South Africa,2016,623,8,23,,0
131360,16MUS-AH109,South Africa,2016,251,13,228,,3
131361,16MUS-AH113,South Africa,2016,251,13,228,,
131362,16MUS-AH116,South Africa,2016,,13,285,5273,3
131363,16MUS-AH118,South Africa,2016,251,13,228,,3
131364,16MUS-AH119,South Africa,2016,251,13,228,,3
131365,16MUS-AH121,South Africa,2016,19,1381,294,,0
131366,16MUS-AH124,South Africa,2016,251,13,228,,3
131367,16MUS-AH126,South Africa,2016,251,13,228,,3
131368,16MUS-AH131,South Africa,2016,251,13,228,,0
131369,16MUS-AH140,South Africa,2016,251,13,285,,
131370,16MUS-AH142,South Africa,2016,621,13,23,,2
131371,16MUS-AH146,South Africa,2016,2759,8,294,878,0
131372,16MUS-AH147,South Africa,2016,251,13,228,6298,3
131373,16MUS-AH152,South Africa,2016,621,13,23,,0
131374,17MUS-AH002,South Africa,2017,621,13,23,4329,2
131375,17MUS-AH004,South Africa,2017,333,13,285,5273,3
131376,17MUS-AH007,South Africa,2017,251,13,228,3131,3
131377,17MUS-AH009,South Africa,2017,621,13,23,763,2
131378,17MUS-AH011,South Africa,2017,623,8,3250,,3
131379,17MUS-AH012,South Africa,2017,251,13,228,,3
131380,17MUS-AH014,South Africa,2017,251,13,228,,3
131381,17MUS-AH015,South Africa,2017,251,13,228,878,
131382,17MUS-AH018,South Africa,2017,251,13,228,,
136267,UG001,Uganda,,622,8,294,1282,10
136268,UG002,Uganda,,19,8,166,699,0
136269,UG003,Uganda,,321,8,166,8709,10
136270,UG004,Uganda,,,13,166,2485,0
136271,UG005,Uganda,,19,8,294,8434,0
136272,UG006,Uganda,,251,13,294,8435,3
136273,UG008,Uganda,,19,8,294,878,0
136274,UG011,Uganda,,19,8,166,966,10
136275,UG012,Uganda,,251,13,294,8436,0
136276,UG013,Uganda,,19,8,166,699,10
136277,UG014,Uganda,,786,13,294,1454,3
136278,UG016,Uganda,,251,13,294,699,3
136279,UG017,Uganda,,1270,13,285,1109,3
136280,UG018,Uganda,,19,8,294,878,0
136281,UG019,Uganda,,19,8,166,2485,10
136282,UG020,Uganda,,19,,294,3135,10
136283,UG021,Uganda,,251,13,294,8437,
136284,UG022,Uganda,,333,13,285,8710,10
136285,UG023,Uganda,,622,8,294,8711,10
136286,UG026,Uganda,,251,13,1919,3135,3
136287,UG027,Uganda,,622,8,294,8438,10
136288,UG028,Uganda,,,8,294,8439,10
136289,UG030,Uganda,,19,8,294,8709,0
136290,UG032,Uganda,,251,1130,294,8440,3
136291,UG033,Uganda,,19,223,23,8441,0
136292,UG035,Uganda,,19,8,294,8712,0
136293,UG037,Uganda,,251,13,294,8434,10
136294,UG038,Uganda,,19,8,23,1109,0
136295,UG039,Uganda,,251,13,294,7705,0
136296,UG041,Uganda,,,8,294,1282,10
136297,UG042,Uganda,,251,13,294,1109,10
136298,UG043,Uganda,,19,223,23,8713,0
136299,UG044,Uganda,,622,8,294,733,0
136300,UG045,Uganda,,251,1130,294,8714,3
136301,UG047,Uganda,,,13,166,8442,0
136302,UG048,Uganda,,621,13,23,8715,0
136303,UG049,Uganda,,786,13,294,699,3
136304,UG050,Uganda,,251,13,285,8443,3
136305,UG053,Uganda,,251,13,294,8444,10
136306,UG054,Uganda,,19,8,166,8445,10
136307,UG056,Uganda,,19,223,23,8716,3
136308,UG057,Uganda,,,13,166,878,2
136309,UG058,Uganda,,19,223,23,733,3
136310,UG060,Uganda,,19,8,3124,8717,116
136311,UG061,Uganda,,19,8,3124,1109,10
136312,UG062,Uganda,,613,8,294,8446,0
136313,UG063,Uganda,,321,8,166,8447,10
136314,UG064,Uganda,,251,,294,8718,3
136315,UG065,Uganda,,251,8,294,826,10
136316,UG066,Uganda,,251,1130,294,8719,0
136317,UG067,Uganda,,333,13,294,699,3
136318,UG068,Uganda,,251,13,1919,3135,3
136319,UG069,Uganda,,251,8,294,733,0
136320,UG070,Uganda,,251,13,294,1109,3
136321,UG071,Uganda,,,,20,2493,3
136322,UG072,Uganda,,251,13,294,8448,3
136323,UG073,Uganda,,251,1130,294,8720,3
136324,UG074,Uganda,,251,13,20,1105,0
136325,UG076,Uganda,,251,13,294,8721,0
136326,UG077,Uganda,,251,13,20,8722,10
136327,UG078,Uganda,,251,13,20,8723,10
136328,UG079,Uganda,,19,8,294,878,0
136329,UG080,Uganda,,251,13,285,1109,3
136330,UG081,Uganda,,19,8,294,1454,10
136331,UG082,Uganda,,251,1130,294,8440,3
136332,UG083,Uganda,,,13,20,733,10
136333,UG085,Uganda,,251,1130,294,1109,3
136334,UG086,Uganda,,,13,166,878,0
136335,UG087,Uganda,,251,1130,294,8724,3
136336,UG088,Uganda,,251,13,228,8725,3
136337,UG089,Uganda,,251,13,294,7705,0
136338,UG090,Uganda,,,13,166,966,2
136339,UG091,Uganda,,251,13,294,7705,0
136340,UG092,Uganda,,251,13,1919,3135,3
136341,UG094,Uganda,,251,1130,166,1454,
136342,UG095,Uganda,,19,8,294,1454,10
136343,UG097,Uganda,,251,1130,294,6035,0
136344,UG099,Uganda,,621,13,23,7711,2
136345,UG100,Uganda,,19,8,294,1282,10
136346,UG101,Uganda,,,13,294,4512,0
136347,UG102,Uganda,,19,8,294,3135,0
136348,UG103,Uganda,,251,1130,294,2493,3
136349,UG104,Uganda,,251,13,1919,3135,3
136350,UG105,Uganda,,19,8,294,7702,0
136351,UG106,Uganda,,19,8,3096,878,0
136352,UG107,Uganda,,,13,166,878,2
136353,UG108,Uganda,,251,1130,294,8726,3
136354,UG109,Uganda,,19,8,294,8449,3
136355,UG110,Uganda,,251,13,20,733,10
136356,UG112,Uganda,,1270,13,286,1109,3
136357,UG113,Uganda,,19,8,166,708,10
136358,UG114,Uganda,,,,294,8727,0
136359,UG115,Uganda,,251,1130,294,2493,3
136360,UG116,Uganda,,251,13,228,8728,0
136361,UG118,Uganda,,251,1130,294,8726,3
136362,UG119,Uganda,,621,13,23,7711,2
136363,UG120,Uganda,,251,8,294,1105,0
136364,UG122,Uganda,,251,13,20,8722,
136365,UG124,Uganda,,19,8,166,733,10
136366,UG125,Uganda,,19,13,294,8729,10
136367,UG126,Uganda,,2773,1130,294,8730,3
136368,UG127,Uganda,,,13,166,878,2
136369,UG128,Uganda,,251,1130,294,8726,3
136370,UG129,Uganda,,19,8,294,8450,10
136371,UG130,Uganda,,333,13,285,1128,3
136372,UG132,Uganda,,333,13,285,1128,3
136373,UG134,Uganda,,251,13,1919,3135,3
136374,UG135,Uganda,,19,8,23,1109,10
136375,UG136,Uganda,,19,223,23,8731,3
136376,UG137,Uganda,,2810,8,166,8732,10
136377,UG138,Uganda,,19,8,294,7702,0
136378,UG139,Uganda,,321,8,166,8451,10
136379,UG140,Uganda,,251,13,294,6282,10
136380,UG141,Uganda,,251,,294,8437,
136381,UG142,Uganda,,251,1130,294,8733,3
136382,UG143,Uganda,,19,8,294,8734,0
136383,UG144,Uganda,,251,1130,294,8735,3
136384,UG145,Uganda,,251,1130,294,2493,3
136385,UG147,Uganda,,19,8,166,1109,10
136386,UG148,Uganda,,251,13,1919,3135,3
136387,UG149,Uganda,,321,8,166,8451,10
136388,UG150,Uganda,,251,13,285,2489,3
136389,UG151,Uganda,,251,13,294,8452,
136390,UG152,Uganda,,251,1130,294,6035,3
136391,UG153,Uganda,,251,1130,294,6035,3
136392,UG154,Uganda,,667,13,228,8736,3
136393,UG155,Uganda,,19,8,166,699,0
136394,UG156,Uganda,,19,8,166,2115,10
136395,UG157,Uganda,,19,8,294,7676,10
136396,UG158,Uganda,,19,8,23,1109,10
136397,UG159,Uganda,,19,8,294,8450,10
136398,UG160,Uganda,,621,13,23,7711,
136399,UG161,Uganda,,251,,294,1109,10
136400,UG164,Uganda,,251,13,294,8437,10
136401,UG165,Uganda,,19,223,23,733,3
136402,UG168,Uganda,,251,8,294,826,10
136403,UG169,Uganda,,786,13,294,699,3
136404,UG170,Uganda,,251,13,1919,8437,3
136405,UG171,Uganda,,19,8,294,8453,0
136406,UG172,Uganda,,251,1130,294,1109,3
136407,UG173,Uganda,,19,8,166,8454,10
136408,UG174,Uganda,,251,1130,294,1109,3
136409,UG176,Uganda,,,223,23,,
136410,UG177,Uganda,,19,8,166,1109,10
136411,UG178,Uganda,,251,1130,294,8455,3
136412,UG179,Uganda,,19,8,294,8450,10
136413,UG180,Uganda,,2773,1130,294,7712,3
136414,UG181,Uganda,,19,8,294,8453,0
136415,UG183,Uganda,,19,8,166,8454,10
136416,UG184,Uganda,,251,1130,294,1109,3
136417,UG185,Uganda,,251,13,20,8722,10
136418,UG186,Uganda,,19,8,294,733,10
136419,UG187,Uganda,,19,8,294,7676,10
136420,UG188,Uganda,,251,13,294,8737,3
136421,UG190,Uganda,,251,13,1919,8738,3
136422,UG191,Uganda,,251,13,23,8739,3
136423,UG192,Uganda,,251,13,20,8740,10
136424,UG193,Uganda,,,8,3124,1109,3
136425,UG194,Uganda,,251,13,294,7705,0
136426,UG196,Uganda,,,13,166,878,2
136427,UG199,Uganda,,19,8,294,8450,10
136428,UG200,Uganda,,,8,166,8741,10
136429,UG201,Uganda,,251,1130,294,1109,3
136430,UG202,Uganda,,786,13,294,2484,3
136431,UG203,Uganda,,251,13,294,8456,3
136432,UG204,Uganda,,19,223,23,733,0
136433,UG205,Uganda,,2822,8,294,878,10
136434,UG208,Uganda,,251,13,285,8742,3
136435,UG209,Uganda,,19,8,294,8743,10
136436,UG210,Uganda,,621,13,3097,7711,2
136437,UG211,Uganda,,621,13,23,7711,2
136438,UG212,Uganda,,19,8,166,8437,10
136439,UG213,Uganda,,251,13,1919,3135,3
136440,UG214,Uganda,,251,13,228,699,0
136441,UG215,Uganda,,251,13,294,699,3
136442,UG216,Uganda,,19,223,23,8744,3
136443,UG217,Uganda,,19,8,166,8719,10
136444,UG218,Uganda,,251,13,285,8742,3
136445,UG219,Uganda,,251,13,20,7715,0
136446,UG220,Uganda,,786,13,294,699,3
136447,UG223,Uganda,,251,13,1919,3135,3
136448,UG225,Uganda,,19,8,294,1454,10
136449,UG226,Uganda,,,,20,826,10
136450,UG227,Uganda,,251,13,20,8745,0
136451,UG228,Uganda,,,13,294,699,3
136452,UG229,Uganda,,251,1130,294,8746,3
136453,UG230,Uganda,,251,13,294,878,0
136454,UG231,Uganda,,622,8,294,8747,10
136455,UG233,Uganda,,786,13,20,733,10
136456,UG234,Uganda,,19,13,294,8457,3
136457,UG235,Uganda,,251,13,1919,3135,3
136458,UG236,Uganda,,251,13,294,7705,0
136459,UG237,Uganda,,251,13,1919,8748,3
136460,UG238,Uganda,,,13,294,2642,10
136461,UG239,Uganda,,621,13,3097,7711,2
136462,UG240,Uganda,,251,8,294,8458,3
136463,UG241,Uganda,,251,,294,8749,3
136464,UG243,Uganda,,251,13,1919,8750,
136465,UG244,Uganda,,251,13,20,8751,0
136466,UG246,Uganda,,251,13,1919,8453,3
136467,UG247,Uganda,,,8,294,8752,
136468,UG248,Uganda,,251,13,294,7677,10
136469,UG249,Uganda,,251,13,20,7715,0
136470,UG250,Uganda,,321,13,294,8752,3
136471,UG251,Uganda,,251,13,20,733,0
136472,UG253,Uganda,,251,,294,8437,10
136473,UG256,Uganda,,621,13,23,826,2
136474,UG257,Uganda,,323,13,1919,3135,3
136475,UG258,Uganda,,786,8,294,966,3
136476,UG259,Uganda,,621,13,3097,7711,2
136477,UG260,Uganda,,19,8,294,8443,10
136478,UG261,Uganda,,19,223,23,966,3
136479,UG262,Uganda,,,13,294,8753,3
136480,UG263,Uganda,,621,13,23,7711,2
136481,UG264,Uganda,,251,13,294,3135,10
136482,UG265,Uganda,,251,1130,294,2493,
136483,UG266,Uganda,,251,13,1919,7717,3
136484,UG267,Uganda,,,13,23,4513,117
136485,UG268,Uganda,,251,8,285,1109,3
136486,UG269,Uganda,,251,13,20,7715,0
136487,UG270,Uganda,,621,13,3097,7711,2
136488,UG271,Uganda,,,13,294,8459,
136489,UG273,Uganda,,251,13,294,8721,0
136490,UG274,Uganda,,251,13,1919,3135,3
136491,UG275,Uganda,,,,20,2493,
136492,UG276,Uganda,,251,13,294,7705,0
136493,UG277,Uganda,,19,8,294,8460,0
136494,UG279,Uganda,,786,8,294,966,
136495,UG280,Uganda,,251,8,23,1109,3
136496,UG281,Uganda,,786,8,294,966,3
136497,UG283,Uganda,,19,223,23,536,3
136498,UG284,Uganda,,621,13,23,7711,2
136499,UG285,Uganda,,251,13,20,733,10
136500,UG286,Uganda,,251,13,294,7705,0
136501,UG287,Uganda,,621,13,23,7711,2
136502,UG289,Uganda,,,8,3123,8461,10
136503,UG293,Uganda,,622,8,294,8754,
136504,UG294,Uganda,,251,13,294,8437,0
136505,UG295,Uganda,,251,13,294,8737,3
136506,UG297,Uganda,,251,13,285,8742,3
136507,UG298,Uganda,,621,13,23,7711,2
136508,UG299,Uganda,,251,13,294,966,3
136509,UG300,Uganda,,622,8,294,1282,0
136510,UG301,Uganda,,251,13,294,1282,3
136511,UG302,Uganda,,19,8,294,8755,10
136512,UG303,Uganda,,19,223,23,8744,3
136513,UG304,Uganda,,251,13,285,8756,3
136514,UG305,Uganda,,251,13,294,699,3
136515,UG306,Uganda,,251,13,1919,3135,3
136516,UG308,Uganda,,251,1130,294,536,3
136517,UG309,Uganda,,19,223,23,7710,3
136518,UG310,Uganda,,251,13,294,7708,3
136519,UG311,Uganda,,321,13,294,8752,3
136520,UG312,Uganda,,19,8,294,8755,0
136521,UG313,Uganda,,19,223,23,8744,3
136522,UG314,Uganda,,323,13,1919,3135,3
136523,UG315,Uganda,,251,13,294,1105,10
136524,UG316,Uganda,,621,13,23,8462,0
136525,UG318,Uganda,,19,223,23,8757,0
136526,UG319,Uganda,,19,223,23,7710,3
136527,UG320,Uganda,,,13,166,878,0
136528,UG321,Uganda,,621,13,23,7711,2
136529,UG322,Uganda,,19,8,294,8755,10
136530,UG324,Uganda,,251,13,285,8756,3
136531,UG325,Uganda,,251,1130,294,8463,0
136532,UG326,Uganda,,786,8,294,966,3
136533,UG327,Uganda,,251,1130,294,8463,0
136534,UG328,Uganda,,786,8,294,8441,
136535,UG329,Uganda,,251,,294,8758,0
136536,UG331,Uganda,,321,13,294,8752,
136537,UG332,Uganda,,19,13,3208,8759,3
136538,UG333,Uganda,,19,8,3124,8744,
136539,UG334,Uganda,,251,13,285,8756,3
136540,UG335,Uganda,,251,8,166,2485,10
136541,UG336,Uganda,,786,8,294,966,3
136542,UG338,Uganda,,251,13,294,8464,3
136543,UG339,Uganda,,19,223,23,7710,3
136544,UG340,Uganda,,251,1130,294,1109,3
136545,UG341,Uganda,,251,1130,294,1109,
136546,UG342,Uganda,,321,13,294,8752,
136547,UG344,Uganda,,660,13,294,8437,10
136548,UG346,Uganda,,,13,294,8459,3
136549,UG347,Uganda,,251,13,285,8465,0
136550,UG349,Uganda,,,8,166,8466,10
136551,UG350,Uganda,,251,13,1919,3135,3
136552,UG351,Uganda,,251,1130,294,6035,0
136553,UG352,Uganda,,251,1130,294,6035,0
136554,UG353,Uganda,,2756,13,294,2642,0
136555,UG354,Uganda,,251,13,20,8760,0
136556,UG355,Uganda,,251,13,1919,3135,3
136557,UG357,Uganda,,251,13,3224,8761,3
136558,UG359,Uganda,,621,13,23,814,0
136559,UG360,Uganda,,19,223,23,8762,118
136560,UG361,Uganda,,19,8,294,7680,0
136561,UG362,Uganda,,611,8,3124,8457,10
136562,UG363,Uganda,,321,13,294,8752,3
136563,UG364,Uganda,,251,13,1919,3135,
136564,UG365,Uganda,,786,13,294,699,3
136565,UG367,Uganda,,333,13,285,826,
136566,UG368,Uganda,,251,13,1919,3135,
136567,UG369,Uganda,,786,13,294,8437,3
136568,UG370,Uganda,,19,223,23,7710,3
136569,UG371,Uganda,,251,13,285,2225,
136570,UG372,Uganda,,19,223,23,8445,3
136571,UG373,Uganda,,251,13,294,8763,
136572,UG375,Uganda,,621,13,23,7711,2
136573,UG376,Uganda,,19,223,294,8777,3
136574,UG378,Uganda,,251,13,1919,3135,3
136575,UG379,Uganda,,251,13,1919,3135,
136576,UG380,Uganda,,19,223,23,7710,3
136577,UG381,Uganda,,251,1130,294,8778,
136578,UG382,Uganda,,19,8,166,2485,10
136579,UG383,Uganda,,251,1130,294,536,3
136580,UG384,Uganda,,786,13,294,699,3
136581,UG385,Uganda,,333,13,285,826,3
136582,UG386,Uganda,,251,13,1919,7717,3
136583,UG387,Uganda,,19,8,166,7715,10
136584,UG388,Uganda,,251,8,166,2485,10
136585,UG389,Uganda,,786,13,294,8779,3
136586,UG390,Uganda,,19,223,23,7710,3
136587,UG394,Uganda,,251,13,294,8780,0
136588,UG395,Uganda,,323,13,1919,3135,
136589,UG396,Uganda,,,8,3123,8461,10
136590,UG398,Uganda,,251,13,285,8465,0
136591,UG400,Uganda,,251,,294,8758,0
136592,UG405,Uganda,,786,13,294,699,3
136593,UG406,Uganda,,786,13,294,699,3
136594,UG407,Uganda,,786,13,294,699,3
136595,UG408,Uganda,,19,223,23,8709,118
136596,UG409,Uganda,,786,13,294,8779,3
136597,UG412,Uganda,,251,13,1919,3135,3
136598,UG414,Uganda,,19,223,23,8744,3
136599,UG416,Uganda,,786,13,294,699,3
136600,UG417,Uganda,,19,8,166,8781,10
136601,UG418,Uganda,,251,13,3125,8437,
136602,UG419,Uganda,,251,13,1919,8447,
136603,UG420,Uganda,,621,,228,7709,3
136604,UG421,Uganda,,,1130,294,8782,119
136605,UG422,Uganda,,621,13,23,1109,0
136606,UG423,Uganda,,251,13,285,8719,3
136607,UG424,Uganda,,251,13,285,8719,3
136608,UG425,Uganda,,19,223,23,8783,0
136609,UG427,Uganda,,786,13,294,699,3
136610,UG428,Uganda,,251,13,294,1773,
136611,UG429,Uganda,,786,8,166,966,3
136612,UG430,Uganda,,786,13,294,8779,3
136613,UG432,Uganda,,,1130,294,8782,
136614,UG433,Uganda,,621,13,23,8784,
136615,UG434,Uganda,,22,8,294,3532,0
136616,UG437,Uganda,,786,13,294,699,3
136617,UG438,Uganda,,251,13,294,1773,3
136618,UG439,Uganda,,22,8,294,8785,3
136619,UG442,Uganda,,621,13,23,8764,2
136620,UG443,Uganda,,2773,1130,294,1109,
136621,UG444,Uganda,,19,223,23,8744,3
136622,UG445,Uganda,,251,13,228,8765,0
136623,UG446,Uganda,,19,8,166,8781,10
136624,UG447,Uganda,,786,13,294,699,3
136625,UG448,Uganda,,251,13,294,1773,3
136626,UG449,Uganda,,251,13,1919,8786,3
136627,UG450,Uganda,,621,,228,7709,3
136628,UG451,Uganda,,613,8,294,8766,10
136629,UG453,Uganda,,251,,1919,3135,
136630,UG454,Uganda,,251,1130,294,8767,3
136631,UG456,Uganda,,19,8,294,8787,10
136632,UG457,Uganda,,19,8,294,8768,10
136633,UG458,Uganda,,19,8,294,8787,10
136634,UG459,Uganda,,251,13,294,8780,0
136635,UG460,Uganda,,786,13,294,8437,3
136636,UG462,Uganda,,251,13,1919,8788,3
136637,UG463,Uganda,,251,1130,294,1109,0
136638,UG464,Uganda,,251,8,285,1109,
136639,UG466,Uganda,,19,8,294,8768,10
136640,UG467,Uganda,,19,8,294,8787,
136641,UG468,Uganda,,19,8,166,8781,10
136642,UG469,Uganda,,19,8,166,8769,120
136643,UG471,Uganda,,251,1130,3126,8770,0
136644,UG472,Uganda,,786,8,166,966,0
136645,UG473,Uganda,,621,13,23,7711,2
136646,UG476,Uganda,,19,8,294,8787,10
136647,UG477,Uganda,,786,13,294,699,
136648,UG478,Uganda,,19,8,166,8781,10
136649,UG479,Uganda,,251,13,1919,8447,3
136650,UG481,Uganda,,251,13,1919,8437,
136651,UG482,Uganda,,621,13,23,7711,2
136652,UG483,Uganda,,621,13,23,8764,2
136653,UG484,Uganda,,621,13,23,8789,2
136654,UG486,Uganda,,19,8,294,8768,10
136655,UG487,Uganda,,251,13,1919,3135,3
136656,UG488,Uganda,,251,13,3223,3135,3
136657,UG489,Uganda,,19,8,166,8771,10
136658,UG491,Uganda,,621,13,23,7711,2
136659,UG492,Uganda,,251,13,3224,8761,3
136660,UG493,Uganda,,321,8,166,8790,10
136661,UG494,Uganda,,251,13,1919,3135,3
136662,UG496,Uganda,,19,8,294,8768,10
136663,UG497,Uganda,,19,8,294,8768,10
136664,UG498,Uganda,,622,8,294,8441,0
136665,UG499,Uganda,,621,13,294,8779,3
136666,UG502,Uganda,,786,8,294,966,3
136667,UG504,Uganda,,251,8,23,8791,10
138602,1758620,Burkina Faso,,2821,8,23,3206,
138603,1789338,Burkina Faso,,251,13,228,4502,
138604,1793605,Burkina Faso,,251,13,228,4502,3
138605,1794397,Burkina Faso,,,13,228,,0
138606,1796110,Burkina Faso,,,,294,2506,3
138607,1797304,Burkina Faso,,,13,294,699,3
138608,1797700,Burkina Faso,,612,8,294,8792,3
138609,1798962,Burkina Faso,,2821,8,23,3206,3
138610,1799082,Burkina Faso,,,13,166,913,3
138611,1803769,Burkina Faso,,,,228,8772,3
138612,1811823,Burkina Faso,,612,8,294,,
138613,1812526,Burkina Faso,,321,8,23,8773,0
138614,1812711,Burkina Faso,,623,,,8774,3
138615,1815140,Burkina Faso,,19,8,23,8793,3
138616,1815512,Burkina Faso,,586,13,287,4704,0
138617,1817348,Burkina Faso,,251,13,228,1556,3
138618,1817488,Burkina Faso,,,,23,913,3
138619,1820787,Burkina Faso,,,13,228,8794,
138620,1824480,Burkina Faso,,2558,13,23,3257,3
138621,1833686,Burkina Faso,,,,228,4502,0
138622,1835253,Burkina Faso,,321,8,23,8795,3
138623,1836371,Burkina Faso,,2558,,23,3257,
138624,1837880,Burkina Faso,,321,13,3235,913,3
138625,1851157,Burkina Faso,,1399,8,166,1601,
138626,1852877,Burkina Faso,,612,8,294,2506,0
138627,1860352,Burkina Faso,,,8,23,8796,3
138628,1862007,Burkina Faso,,251,13,228,4502,
138629,1863509,Burkina Faso,,,8,294,2506,3
138630,1863706,Burkina Faso,,251,13,228,4502,0
138631,1868695,Burkina Faso,,251,13,228,4502,0
138632,1869574,Burkina Faso,,2759,8,294,8775,
138633,B33,Burkina Faso,,321,8,23,8776,0
138634,OAAS100,Burkina Faso,,,,23,3257,3
138635,OAAS14,Burkina Faso,,,,228,704,
138636,OAAS19,Burkina Faso,,,13,23,3257,3
138637,OAAS36,Burkina Faso,,,13,228,704,3
138638,OAAS39,Burkina Faso,,,226,23,773,
138639,OAAS46,Burkina Faso,,,,21,647,
138640,OAAS51,Burkina Faso,,,13,228,704,3
138641,OAAS69,Burkina Faso,,,13,21,699,3
138642,OAAS74,Burkina Faso,,,13,228,704,3
138643,OAAS76,Burkina Faso,,,8,166,4319,3
138644,OAAS77,Burkina Faso,,2558,13,23,3257,3
138645,OAAS79,Burkina Faso,,,8,166,4319,3
138646,OAAS80,Burkina Faso,,612,8,,2506,3
138647,OAAS85,Burkina Faso,,251,13,228,8797,3
138648,OAAS86,Burkina Faso,,251,13,228,8797,
138649,OAAS87,Burkina Faso,,,8,166,4319,
138650,OAAS92,Burkina Faso,,,13,228,704,3
138651,OAAS94,Burkina Faso,,2558,13,23,3257,
138652,OAAS96,Burkina Faso,,,13,228,704,3
138653,OAAS97,Burkina Faso,,2558,1031,23,3257,3
138787,7092,South Africa,2022,,,,,
139453,7316,South Africa,2023,,,,,
139454,8374,South Africa,2023,,,,,
139455,8486,South Africa,2023,,,,,
139860,5232,South Africa,2023,,,,,
139861,7493,South Africa,2023,,,,,
139862,5412,South Africa,2023,,,,,
140559,17MUS_AH099_S94,South Africa,2017,,13,285,,3
140560,17MUS_AH121_S96,South Africa,2017,251,13,228,,3
140561,17MUS_AH117_S95,South Africa,2017,23,377,166,,0
140562,18MUS_AH145_S102,South Africa,2018,,13,3513,,0
140563,18MUS_AH147_S103,South Africa,2018,251,13,228,,3
140564,18MUS_KH083_S97,South Africa,2018,,8,3514,,0
140565,18MUS_KM012_S99,South Africa,2018,,8,515,,
140566,18MUS_KM013_S80,South Africa,2018,,8,3515,,0
140567,18MUS_KM016_S100,South Africa,2018,,8,17,,0
140568,18MUS_KM021_S81,South Africa,2018,618,13,294,,0
140569,18MUS_KM070_S101,South Africa,2018,19,8,17,,0
140570,18MUS_KM071_S82,South Africa,2018,1399,8,294,,0
140571,18MUS_ZW085_S98,South Africa,2018,,13,228,,3
140572,19MUS_AH073_S104,South Africa,2019,22,8,538,,0
140573,19MUS_AH108_S105,South Africa,2019,22,8,23,,3
140574,19MUS_AH110_S83,South Africa,2019,621,13,23,,0
140575,19MUS_AH122_S106,South Africa,2019,184,13,20,,0
140576,19MUS_AH166_S107,South Africa,2019,251,13,228,6298,0
140577,20MUS_AH027_S84,South Africa,2020,,8,228,,3
140578,20MUS_AH028_S108,South Africa,2020,333,13,285,,0
140579,20MUS_AH030_S85,South Africa,2020,,8,166,,0
140580,20MUS_AH032_S109,South Africa,2020,,8,166,,2
140581,20MUS_AH0138_S110,South Africa,2020,333,13,285,5273,121
140582,20MUS_CZ054_S86,South Africa,2020,,8,294,878,0
140583,20MUS_CZ055_S111,South Africa,2020,22,8,23,,3
140584,21MUS_AH020_S112,South Africa,2021,251,13,228,,3
140585,21MUS_AH021_S113,South Africa,2021,1399,8,166,,117
140586,21MUS_AH104_S114,South Africa,2021,619,8,166,,3
140587,21MUS_AH105_S87,South Africa,2021,2759,8,294,699,3
140588,21MUS_AH110_S115,South Africa,2021,22,8,23,3894,3
140589,21MUS_AH111_S88,South Africa,2021,,8,166,,0
140590,21MUS_AH124_S116,South Africa,2021,22,8,23,,
140591,21MUS_AH125_S89,South Africa,2021,1399,8,166,,117
140592,21MUS_AH166_S117,South Africa,2021,333,13,285,,3
140593,21MUS_AH237_S90,South Africa,2021,621,8,23,,3
140594,21MUS_AH239_S118,South Africa,2021,,8,23,,0
140595,21MUS_CZ189_S91,South Africa,2021,619,8,294,,
140596,21MUS_CZ191_S119,South Africa,2021,251,8,228,,3
140597,21MUS_CZ197_S120,South Africa,2021,,8,166,699,0
140598,21MUS_CZ198_S92,South Africa,2021,619,8,294,,0
140599,21MUS_CZ201_S121,South Africa,2021,22,8,23,,3
140600,22MUS_AH054_S93,South Africa,2022,2759,8,294,699,3
140601,17MUS_AH098,South Africa,2017,,8,166,763,0
140602,17MUS_AH118,South Africa,2017,621,13,23,,2
140603,17MUS_AH120,South Africa,2017,618,13,294,,0
140604,17MUS_KH085,South Africa,2017,317,8,166,,0
140605,17MUS_ZW084,South Africa,2017,,8,23,6289,0
140611,19MUS_AH072,South Africa,2019,317,8,166,,0
140612,19MUS_AH119,South Africa,2019,317,8,166,,0
140613,19MUS_AH164,South Africa,2019,1399,8,294,763,0
140617,20MUS_AH139,South Africa,2020,,8,23,,3
140618,21MUS_AH165,South Africa,2021,,8,294,699,3
140619,21MUS_CZ202,South Africa,2021,623,8,23,,0
143552,ET22-107,Ethiopia,2022,,,,,
143553,ET22-023,Ethiopia,2022,,,,,
143554,ET22-177,Ethiopia,2022,,,,,
143555,ET22-180,Ethiopia,2022,,,,,
143556,ET22-225,Ethiopia,2022,,,,,
144414,67876,Kenya,2002,,,,,
144419,67886,Kenya,2007,,,,,
144426,67917,Kenya,2002,,,,,
144429,67923,Kenya,2003,,,,,
144430,67924,Kenya,2003,,,,,
144432,67933,Kenya,2004,,,,,
144438,67947,Kenya,2004,,,,,
144440,67956,Kenya,2008,,,,,
144444,67965,Kenya,2006,,,,,
144447,67970,Kenya,2008,,,,,
144448,67974,Kenya,2006,,,,,
144868,M101,Lesotho,2022,,,,,
144869,M107,Lesotho,2022,,,,,
144870,M307,Lesotho,2022,,,,,
144871,M356,Lesotho,2022,,,,,
144872,M357,Lesotho,2022,,,,,
144873,M422,Lesotho,2022,,,,,
144874,M498,Lesotho,2022,,,,,
144990,67967,Kenya,2008,,,,,
144991,67973,Kenya,2008,,,,,
144992,67980,Kenya,2007,,,,,
144998,67990,Kenya,2007,,,,,
145001,68001,Kenya,2007,,,,,
147574,LS-M338,Lesotho,2023,,,,,
147575,LS-M353,Lesotho,2022,,,,,
147576,LS-M355,Lesotho,2022,,,,,
147577,LS-M370,Lesotho,2022,,,,,
147578,LS-M376,Lesotho,2022,,,,,
147579,LS-M380,Lesotho,2022,,,,,
147580,LS-M382,Lesotho,2022,,,,,
147581,LS-M406,Lesotho,2022,,,,,
147582,LS-M417,Lesotho,2023,,,,,
147583,LS-M424,Lesotho,2023,,,,,
147584,LS-M433,Lesotho,2023,,,,,
147585,LS-M446,Lesotho,2023,,,,,
147586,LS-M468,Lesotho,2023,,,,,
147587,LS-M487,Lesotho,2023,,,,,
147588,LS-M495,Lesotho,2023,,,,,
147589,LS-M502,Lesotho,2023,,,,,
147590,LS-M503,Lesotho,2023,,,,,
147591,LS-M535,Lesotho,2023,,,,,
147592,LS-M540,Lesotho,2023,,,,,
150066,M421,Lesotho,2023,,,,,
150067,M105,Lesotho,2023,,,,,
150068,M109,Lesotho,2023,,,,,
150069,M111,Lesotho,2023,,,,,
150070,M420,Lesotho,2023,,,,,
150071,M429,Lesotho,2023,,,,,
150072,M352,Lesotho,2023,,,,,
150073,M423,Lesotho,2023,,,,,
154263,LLL001,South Africa,2013,618,13,294,9936,2
154264,LLL002,South Africa,2013,621,13,23,9937,0
154265,LLL003,South Africa,2013,621,13,23,4325,0
154266,LLL004,South Africa,2013,,8,515,9938,0
154267,LLL005,South Africa,2013,621,13,23,9939,2
154268,LLL006,South Africa,2013,2759,8,294,4326,0
154269,LLL007,South Africa,2013,2759,8,294,763,0
154270,LLL008,South Africa,2013,2759,8,294,2480,
154271,LLL009,South Africa,2013,621,13,294,9940,2
154272,LLL010,South Africa,2013,,8,23,6289,0
154273,LLL011,South Africa,2013,619,8,294,9941,0
154274,LLL012,South Africa,2013,619,8,294,5355,3
154275,LLL013,South Africa,2013,,8,294,9942,0
154276,LLL014,South Africa,2013,2759,8,294,8445,0
154277,LLL015,South Africa,2013,19,8,294,9943,0
154278,LLL016,South Africa,2013,,13,23,9944,0
154279,LLL017,South Africa,2013,251,,23,9945,0
154280,LLL018,South Africa,2013,2759,8,294,8766,0
154281,LLL019,South Africa,2013,619,8,294,9946,3
154282,LLL020,South Africa,2013,184,13,166,9947,0
154283,LLL022,South Africa,2013,19,8,515,9948,0
154284,LLL023,South Africa,2013,621,13,23,4325,0
154285,LLL024,South Africa,2013,251,13,228,9949,3
154286,LLL026,South Africa,2014,621,13,294,9950,2
154287,LLL027,South Africa,2014,621,13,23,9948,2
154288,LLL028,South Africa,2014,619,8,3123,9951,0
154289,LLL029,South Africa,2014,,8,294,9952,3
154290,LLL030,South Africa,2014,2759,13,23,9953,3
154291,LLL031,South Africa,2014,251,13,294,699,3
154292,LLL032,South Africa,2014,333,13,285,763,3
154293,LLL034,South Africa,2014,251,13,228,9954,3
154294,LLL035,South Africa,2014,333,13,285,826,
154295,LLL037,South Africa,2014,,13,23,4325,2
154296,LLL038,South Africa,2014,,13,228,3131,0
154297,LLL039,South Africa,2014,621,13,23,9955,0
154298,LLL040,South Africa,2014,251,13,228,9956,3
154299,LLL041,South Africa,2014,251,13,228,6298,3
154300,LLL042,South Africa,2014,251,13,228,9957,3
154301,LLL043,South Africa,2014,251,13,228,9958,3
154302,LLL044,South Africa,2014,1399,8,515,9959,0
154303,LLL045,South Africa,2014,618,13,294,763,0
154304,LLL046,South Africa,2014,623,8,515,9960,3
154305,LLL048,South Africa,2014,251,13,294,878,10
154306,LLL049,South Africa,2014,621,13,23,9961,2
154307,LLL050,South Africa,2014,,8,294,9962,0
154308,MMM001,South Africa,2014,,13,294,878,2
154309,MMM002,South Africa,2014,251,13,228,9963,3
154310,MMM003,South Africa,2014,4465,13,228,9964,0
154311,MMM004,South Africa,2014,2759,8,294,9965,
154312,MMM005,South Africa,2014,623,8,515,9966,3
154313,MMM006,South Africa,2014,251,8,228,9967,3
154314,MMM007,South Africa,2014,2759,8,294,763,
154315,MMM008,South Africa,2014,251,8,228,9968,3
154437,MRSN117488.R,Kenya,2021,,,,,
154438,MRSN117489.R.trimmed,Kenya,2021,,,,,
154439,MRSN117490.R.trimmed,Kenya,2021,,,,,
154440,MRSN117491.R.trimmed,Kenya,2021,,,,,
154441,MRSN117492.R1.trimmed,Kenya,2021,,,,,
154442,MRSN117493.R.trimmed,Kenya,2021,,,,,
154443,MRSN117494.R.trimmed,Kenya,2021,,,,,
154444,MRSN117496.R.trimmed,Kenya,2021,,,,,
154445,MRSN117498.R.trimmed,Kenya,2021,,,,,
154446,MRSN117500.R.trimmed,Kenya,2021,,,,,
154447,MRSN117501.R.trimmed,Kenya,2021,,,,,
154448,MRSN117502.R.trimmed,Kenya,2021,,,,,
154449,MRSN117503.R.trimmed,Kenya,2021,,,,,
154450,MRSN117506.R.trimmed,Kenya,2021,,,,,
154451,MRSN117507.R.trimmed,Kenya,2021,,,,,
154452,MRSN117508.R.trimmed,Kenya,2021,,,,,
154453,MRSN117509.R.trimmed,Kenya,2021,,,,,
154454,MRSN117510.R.trimmed,Kenya,2021,,,,,
154455,MRSN117513.R.trimmed,Kenya,2021,,,,,
154456,MRSN117514.R.trimmed,Kenya,2021,,,,,
154457,MRSN117515.R.trimmed,Kenya,2021,,,,,
154458,MRSN117517.R.trimmed,Kenya,2021,,,,,
154459,MRSN117518.R.trimmed,Kenya,2021,,,,,
154460,MRSN117519.R.trimmed,Kenya,2021,,,,,
154461,MRSN117520.R.trimmed,Kenya,2021,,,,,
154462,MRSN117521.R.trimmed,Kenya,2021,,,,,
154463,MRSN117522.R.trimmed,Kenya,2021,,,,,
154464,MRSN117524.R.trimmed,Kenya,2021,,,,,
154465,MRSN117525.R.trimmed,Kenya,2021,,,,,
154466,MRSN117531.R.trimmed,Kenya,2021,,,,,
154467,MRSN117533.R.trimmed,Kenya,2021,,,,,
154468,MRSN117536.R.trimmed,Kenya,2021,,,,,
154469,MRSN117538.R.trimmed,Kenya,2021,,,,,
154470,MRSN117542.R.trimmed,Kenya,2021,,,,,
154471,MRSN117543.R.trimmed,Kenya,2021,,,,,
154472,MRSN117549.R.trimmed,Kenya,2021,,,,,
154473,MRSN117550.R.trimmed,Kenya,2021,,,,,
154474,MRSN117555.R.trimmed,Kenya,2021,,,,,
154475,MRSN117556.R.trimmed,Kenya,2021,,,,,
154476,MRSN117559.R.trimmed,Kenya,2021,,,,,
154477,MRSN117560.R.trimmed,Kenya,2021,,,,,
154478,MRSN117561.R.trimmed,Kenya,2021,,,,,
154479,MRSN117563.R.trimmed,Kenya,2021,,,,,
154480,MRSN117567.R.trimmed,Kenya,2021,,,,,
154481,MRSN117570.R.trimmed,Kenya,2021,,,,,
154482,MRSN117571.R.trimmed,Kenya,2021,,,,,
154483,MRSN117573.R.trimmed,Kenya,2021,,,,,
154484,MRSN117575.R.trimmed,Kenya,2021,,,,,
154485,MRSN117577.R.trimmed,Kenya,2021,,,,,
154486,MRSN117581.R.trimmed,Kenya,2021,,,,,
154487,MRSN117582.R.trimmed,Kenya,2021,,,,,
154488,MRSN117584.R.trimmed,Kenya,2021,,,,,
154489,MRSN117586.R.trimmed,Kenya,2021,,,,,
154490,MRSN117588.R.trimmed,Kenya,2021,,,,,
154491,MRSN117589.R.trimmed,Kenya,2021,,,,,
154492,MRSN117593.R.trimmed,Kenya,2021,,,,,
154493,MRSN117595.R.trimmed,Kenya,2021,,,,,
154494,MRSN117596.R,Kenya,2021,,,,,
154495,MRSN117597.R,Kenya,2021,,,,,
154597,MRSN117527.R.trimmed,Kenya,2021,,,,,
154598,MRSN117534.R.trimmed,Kenya,2021,,,,,
155409,GP12-MUS-242,South Africa,2012,,8,294,763,
155410,GP13-MUS-070,South Africa,2013,251,13,228,,3
155411,GP13-MUS-083,South Africa,2013,,8,228,1109,80
155412,GP13-MUS-096,South Africa,2013,,8,23,,2
155413,GP13-MUS-099,South Africa,2013,621,13,228,,3
155414,GP13-MUS-103,South Africa,2013,19,8,287,912,0
155415,GP13-MUS-105,South Africa,2013,,8,515,,3
155416,GP13-MUS-107,South Africa,2013,,8,23,,0
155417,GP13-MUS-109,South Africa,2013,621,13,23,,2
155418,GP13-MUS-116,South Africa,2013,2759,8,294,,3
155419,GP13-MUS-120,South Africa,2013,621,13,23,,3
155420,GP13-MUS-121,South Africa,2013,251,13,228,,3
155421,GP13-MUS-129,South Africa,2013,2759,8,294,,0
155422,GP13-MUS-132,South Africa,2013,,8,23,,2
155423,GP13-MUS-133,South Africa,2013,251,13,228,878,3
155424,GP13-MUS-134,South Africa,2013,,8,294,4127,0
155425,GP14-MUS-241,South Africa,2014,251,13,228,6298,0
155426,15MUS-AH035,South Africa,2015,251,13,228,,3
155427,15MUS-AH077-R,South Africa,2015,,8,23,6289,0
155428,15MUS-AH080,South Africa,2015,251,,228,6298,0
155429,15MUS-AH090,South Africa,2015,251,13,228,763,3
155431,15MUS-AH129,South Africa,2015,621,13,23,878,2
155433,15MUS-AH168,South Africa,2015,821,8,166,,0
155434,16MUS-AH017-R,South Africa,2016,251,13,228,878,3
155435,17MUS-AH017-R,South Africa,2017,251,13,228,,3
155436,17MUS-AH019,South Africa,2017,1620,13,285,5273,3
155437,17MUS-AH021,South Africa,2017,251,13,228,6298,3
155438,17MUS-AH024,South Africa,2017,333,13,285,,
155439,17MUS-AH026,South Africa,2017,251,,228,,3
155440,17MUS-AH027,South Africa,2017,251,13,228,,
155441,17MUS-AH029,South Africa,2017,251,13,228,,3
155442,17MUS-AH034,South Africa,2017,251,13,285,3894,0
155443,17MUS-AH035-R,South Africa,2017,619,8,294,,
155444,17MUS-AH038,South Africa,2017,623,8,515,,3
155445,17MUS-AH039,South Africa,2017,251,13,228,,0
155446,17MUS-AH041,South Africa,2017,251,13,285,878,0
155447,17MUS-AH044,South Africa,2017,618,13,294,,0
155448,17MUS-AH047,South Africa,2017,333,13,285,5276,3
155449,17MUS-AH051,South Africa,2017,333,13,285,913,3
155450,17MUS-AH052,South Africa,2017,1399,8,228,,0
155451,17MUS-AH054,South Africa,2017,251,13,228,,3
155452,17MUS-AH056,South Africa,2017,,,166,,2
155453,17MUS-AH057,South Africa,2017,619,8,294,,0
155454,17MUS-AH058,South Africa,2017,251,13,228,,3
155455,17MUS-AH059,South Africa,2017,618,13,294,,0
155456,17MUS-AH060-R,South Africa,2017,2759,8,23,,0
155457,17MUS-AH065,South Africa,2017,251,13,228,,3
155458,17MUS-AH066,South Africa,2017,333,13,285,5273,3
155459,17MUS-AH068,South Africa,2017,251,13,228,,3
155460,17MUS-AH069,South Africa,2017,621,13,23,,2
155461,17MUS-AH070-R,South Africa,2017,251,,228,,3
155462,17MUS-AH071,South Africa,2017,,8,23,,0
155463,17MUS-AH073-1,South Africa,2017,251,13,228,6298,0
155464,17MUS-AH073-2,South Africa,2017,251,13,228,6298,0
155465,17MUS-AH074,South Africa,2017,623,13,294,,0
155466,17MUS-AH075,South Africa,2017,251,13,228,,0
155467,17MUS-AH076,South Africa,2017,,13,228,,3
155468,17MUS-AH098,South Africa,2017,,8,166,763,0
155469,17MUS-AH100,South Africa,2017,2759,8,294,5273,0
155470,17MUS-AH101,South Africa,2017,251,13,228,6298,0
155471,17MUS-AH103,South Africa,2017,786,8,166,,0
155472,17MUS-AH105,South Africa,2017,621,13,23,,2
155473,17MUS-AH106,South Africa,2017,,8,515,826,
155474,17MUS-AH107,South Africa,2017,667,,1928,,0
155475,17MUS-AH108-1,South Africa,2017,621,13,23,,0
155476,17MUS-AH108-2,South Africa,2017,621,13,23,,0
155477,17MUS-AH110,South Africa,2017,,13,228,,3
155478,17MUS-AH111,South Africa,2017,251,13,228,,3
155479,17MUS-AH112,South Africa,2017,251,13,228,763,3
155480,17MUS-AH116,South Africa,2017,,8,23,,0
155481,17MUS-AH123,South Africa,2017,,13,285,5273,3
155482,17MUS-AH124,South Africa,2017,251,13,228,,3
155483,MP12-MUS-001,South Africa,2012,,8,294,,3
155484,MP12-MUS-010,South Africa,2012,2759,8,294,6292,0
155485,MP12-MUS-012,South Africa,2012,621,13,23,,0
155486,MP12-MUS-013,South Africa,2012,623,8,515,,3
155487,MP12-MUS-015,South Africa,2012,623,8,294,,3
155488,MP12-MUS-028,South Africa,2012,619,8,294,,3
155489,MP12-MUS-030,South Africa,2012,621,13,23,,2
155490,MP12-MUS-035,South Africa,2012,251,13,228,6298,3
155491,MP12-MUS-037,South Africa,2012,621,13,23,,2
155492,MP12-MUS-041,South Africa,2012,333,13,285,3680,3
155493,MP12-MUS-044,South Africa,2012,618,13,294,,0
155494,MP12-MUS-046,South Africa,2012,619,8,294,4325,0
155495,MP12-MUS-047,South Africa,2012,2759,8,5217,763,3
155496,MP12-MUS-048,South Africa,2012,1399,8,166,,0
155497,MP12-MUS-050,South Africa,2012,251,13,228,763,0
155498,MP12-MUS-051,South Africa,2012,19,13,23,,0
155499,MP12-MUS-053,South Africa,2012,2743,8,228,1109,28
155500,MP12-MUS-055,South Africa,2012,2759,8,294,,
155501,MP12-MUS-056,South Africa,2012,619,8,3123,2500,0
155502,MP12-MUS-057,South Africa,2012,619,8,294,,0
155503,MP12-MUS-059,South Africa,2012,251,13,228,,3
155504,MP12-MUS-060,South Africa,2012,,,294,,0
155508,MP12-MUS-066,South Africa,2012,333,13,285,826,3
155509,MP12-MUS-069,South Africa,2012,333,13,285,826,3
155510,MP12-MUS-074,South Africa,2012,619,8,294,,3
155511,MP12-MUS-078,South Africa,2012,619,8,294,4325,0
155512,MP12-MUS-079,South Africa,2012,621,13,294,,2
155513,KN13-MUS-001,South Africa,2013,2759,8,294,763,3
155514,KN13-MUS-003,South Africa,2013,251,13,228,1106,3
155515,KN13-MUS-014,South Africa,2013,19,8,294,,0
155516,KN13-MUS-073,South Africa,2013,251,13,285,763,0
155517,KN13-MUS-075,South Africa,2013,333,13,285,2727,3
155518,KN13-MUS-076,South Africa,2013,,13,494,,0
155519,KN13-MUS-078,South Africa,2013,251,13,285,878,
155520,KN13-MUS-079,South Africa,2013,251,13,228,,3
155521,KN13-MUS-088,South Africa,2013,333,13,285,826,0
155522,KN13-MUS-090,South Africa,2013,,13,285,826,3
155523,KN13-MUS-098,South Africa,2013,,8,166,826,2
155524,KN13-MUS-106,South Africa,2013,251,13,228,,3
155525,KN13-MUS-111,South Africa,2013,251,13,228,,
155526,KN13-MUS-120,South Africa,2013,251,13,285,8449,0
155527,KN13-MUS-129,South Africa,2013,621,13,23,,3
155528,KN13-MUS-131,South Africa,2013,251,13,228,,3
155529,KN13-MUS-132,South Africa,2013,251,13,285,878,0
155530,KN13-MUS-137,South Africa,2013,333,13,285,5273,3
155531,KN13-MUS-140,South Africa,2013,184,13,3248,912,0
155532,KN13-MUS-141,South Africa,2013,251,13,228,,3
155533,KN13-MUS-143,South Africa,2013,251,13,228,3131,3
155534,KN13-MUS-145,South Africa,2013,2759,8,294,763,3
155535,KN13-MUS-180,South Africa,2013,333,13,285,,3
155536,KN13-MUS-197,South Africa,2013,621,13,23,4329,0
155537,KN13-MUS-200,South Africa,2013,251,13,228,6298,
155538,KN13-MUS-202,South Africa,2013,333,13,3248,826,3
155539,15MUS-GQ003,South Africa,2015,3802,1404,2993,,0
155540,15MUS-GQ005,South Africa,2015,,8,166,,0
155541,15MUS-GQ006,South Africa,2015,251,13,285,,
155542,15MUS-GQ007,South Africa,2015,,13,285,3894,3
155543,15MUS-GQ009-1,South Africa,2015,251,13,285,,10
155544,15MUS-GQ009-2,South Africa,2015,251,13,285,,
155545,15MUS-GQ040,South Africa,2015,,8,20,3894,0
155546,15MUS-GQ047,South Africa,2015,19,227,23,,0
155547,15MUS-GQ049,South Africa,2015,623,8,515,,3
155548,15MUS-GQ053,South Africa,2015,251,13,285,878,0
155549,15MUS-GQ151,South Africa,2015,,8,18,,0
155550,14MUS-JO004,South Africa,2014,619,8,294,,0
155551,14MUS-JO006,South Africa,2014,251,13,228,,3
155552,14MUS-JO009,South Africa,2014,621,13,23,,0
155553,14MUS-JO011,South Africa,2014,251,13,228,,3
155554,14MUS-JO015,South Africa,2014,251,8,228,878,3
155555,14MUS-JO017,South Africa,2014,19,8,294,,0
155556,14MUS-JO020,South Africa,2014,,8,228,1109,0
155557,14MUS-JO027,South Africa,2014,251,13,228,8725,3
155558,14MUS-JO028,South Africa,2014,2759,,294,,0
155559,14MUS-JO029,South Africa,2014,22,8,20,,0
155560,14MUS-JO030,South Africa,2014,251,13,228,,0
155561,14MUS-JO033,South Africa,2014,251,13,228,,3
155562,14MUS-JO037,South Africa,2014,251,13,228,,3
155563,14MUS-JO038,South Africa,2014,621,13,23,,2
155564,14MUS-JO040,South Africa,2014,,8,228,1109,0
155565,14MUS-JO041,South Africa,2014,621,13,23,4329,0
155566,14MUS-JO045,South Africa,2014,251,13,294,699,3
155567,14MUS-JO055,South Africa,2014,2759,8,294,,0
155568,14MUS-JO060,South Africa,2014,621,13,23,,2
155569,14MUS-JO064,South Africa,2014,251,13,228,,3
155570,14MUS-JO066,South Africa,2014,251,13,228,,3
155571,14MUS-JO067,South Africa,2014,251,13,228,4325,3
155572,14MUS-JO068,South Africa,2014,251,13,228,,3
155573,14MUS-JO076,South Africa,2014,2759,8,294,763,3
155574,14MUS-JO077,South Africa,2014,22,13,266,,0
155575,14MUS-JO078,South Africa,2014,618,13,294,,0
155576,14MUS-JO084,South Africa,2014,251,13,228,,3
155577,20MUS-AH002,South Africa,2020,22,8,23,6305,
155578,20MUS-AH004,South Africa,2020,,13,228,,3
155579,20MUS-AH005,South Africa,2020,1786,13,285,6332,3
155580,20MUS-AH007,South Africa,2020,333,13,285,,3
155581,20MUS-AH008,South Africa,2020,333,13,285,5273,3
155582,20MUS-AH010,South Africa,2020,,13,166,,0
155583,20MUS-AH011,South Africa,2020,333,13,285,,3
155584,20MUS-AH012,South Africa,2020,251,13,228,,3
155585,20MUS-AH013,South Africa,2020,251,13,228,,3
155586,20MUS-AH017,South Africa,2020,251,13,228,,3
155587,20MUS-AH021,South Africa,2020,,8,294,763,0
155588,20MUS-AH022,South Africa,2020,22,8,23,,3
155589,20MUS-AH023,South Africa,2020,22,8,23,,3
155590,20MUS-AH027,South Africa,2020,,8,228,,3
155591,20MUS-AH030,South Africa,2020,,8,166,,0
155592,20MUS-AH032,South Africa,2020,,8,166,,2
155593,20MUS-AH034,South Africa,2020,612,8,294,2134,0
155594,20MUS-AH036,South Africa,2020,2759,13,23,,0
155595,20MUS-AH037,South Africa,2020,2759,13,228,,
155596,20MUS-AH039,South Africa,2020,251,13,228,,3
155597,20MUS-AH040,South Africa,2020,631,13,285,,0
155598,20MUS-AH042,South Africa,2020,2759,8,294,763,0
155599,20MUS-AH044-1,South Africa,2020,,8,23,6289,0
155600,20MUS-AH044-2,South Africa,2020,,8,23,6289,0
155601,20MUS-AH045,South Africa,2020,22,8,23,,3
155602,20MUS-AH052,South Africa,2020,613,8,294,,0
155603,20MUS-AH053,South Africa,2020,22,8,23,,
155604,20MUS-AH054,South Africa,2020,22,8,23,,3
155605,20MUS-AH055,South Africa,2020,2759,8,294,,
155606,20MUS-AH057,South Africa,2020,22,8,23,,3
155607,20MUS-AH061,South Africa,2020,621,8,294,,0
155608,20MUS-AH063,South Africa,2020,2759,8,294,,0
155609,20MUS-AH065,South Africa,2020,619,8,294,,0
155610,20MUS-AH067,South Africa,2020,619,,294,,0
155611,20MUS-AH074,South Africa,2020,,8,23,6289,0
155612,20MUS-AH080,South Africa,2020,333,13,285,6325,
155613,20MUS-AH081,South Africa,2020,612,8,294,2218,0
155614,20MUS-AH083,South Africa,2020,22,8,23,6305,3
155615,20MUS-AH084,South Africa,2020,619,8,294,,0
155616,20MUS-AH085-1,South Africa,2020,333,13,285,,3
155617,20MUS-AH085-2,South Africa,2020,333,13,285,,3
155618,20MUS-AH095,South Africa,2020,619,8,294,,0
155619,20MUS-AH096,South Africa,2020,,8,23,,0
155620,20MUS-AH098-1,South Africa,2020,2821,8,23,,0
155621,20MUS-AH098-2,South Africa,2020,2821,8,23,,0
155622,20MUS-AH103,South Africa,2020,1399,8,166,,0
155623,20MUS-AH104,South Africa,2020,2759,8,294,,0
155624,20MUS-AH105,South Africa,2020,22,8,23,,3
155625,20MUS-AH108,South Africa,2020,22,8,23,,3
155626,20MUS-AH110-1,South Africa,2020,667,13,228,,3
155627,20MUS-AH110-2,South Africa,2020,667,13,228,,3
155628,20MUS-AH112,South Africa,2020,1399,8,285,,3
155629,20MUS-AH114,South Africa,2020,333,13,285,5273,121
155630,20MUS-AH117,South Africa,2020,251,13,,5273,3
155631,20MUS-AH121,South Africa,2020,251,13,285,878,10
155632,20MUS-AH122,South Africa,2020,251,13,228,,3
155633,20MUS-AH124,South Africa,2020,251,13,228,,3
155634,20MUS-AH125,South Africa,2020,22,8,23,6305,3
155635,20MUS-AH127,South Africa,2020,333,13,285,5273,3
155636,20MUS-AH129,South Africa,2020,317,,166,,0
155637,20MUS-AH135,South Africa,2020,619,8,294,,0
155638,20MUS-AH138,South Africa,2020,333,13,285,5273,121
155639,20MUS-AH139,South Africa,2020,,8,23,,3
155640,20MUS-AH141,South Africa,2020,619,8,166,,0
155641,20MUS-AH143,South Africa,2020,,8,166,5273,0
155642,20MUS-AH144,South Africa,2020,19,8,294,,0
155643,20MUS-AH145,South Africa,2020,22,8,23,1109,3
155644,20MUS-AH146,South Africa,2020,619,8,294,,0
155645,20MUS-AH148,South Africa,2021,,13,228,,3
155646,21MUS-AH003,South Africa,2021,251,13,228,,3
155647,21MUS-AH004,South Africa,2021,,8,294,,0
155648,21MUS-AH008,South Africa,2021,619,8,294,,0
155649,21MUS-AH010,South Africa,2021,,13,285,,0
155650,21MUS-AH012,South Africa,2021,321,8,23,773,3
155651,21MUS-AH016,South Africa,2021,2759,8,294,,0
155652,21MUS-AH017,South Africa,2021,251,13,228,,3
155653,21MUS-AH018,South Africa,2021,,,166,,0
155654,21MUS-AH021-R,South Africa,2021,1399,8,166,,117
155655,21MUS-AH022,South Africa,2021,251,13,228,,3
155656,21MUS-AH024,South Africa,2021,619,,294,,0
155657,21MUS-AH025,South Africa,2021,613,8,294,,0
155658,21MUS-AH027,South Africa,2021,,8,23,6289,0
155659,21MUS-AH028,South Africa,2021,1619,8,23,,0
155660,21MUS-AH031,South Africa,2021,333,13,285,5273,
155661,21MUS-AH036,South Africa,2021,333,13,285,5273,3
155662,21MUS-AH039,South Africa,2021,2759,8,294,,3
155663,21MUS-AH042,South Africa,2021,619,8,166,,0
155665,21MUS-AH052,South Africa,2021,251,13,228,,3
155666,21MUS-AH053,South Africa,2021,,8,23,,0
155667,21MUS-AH055,South Africa,2021,623,,23,,0
155668,21MUS-AH056,South Africa,2021,,,285,,0
155669,21MUS-AH057,South Africa,2021,22,8,23,6281,
155670,21MUS-AH061,South Africa,2021,612,8,294,2218,0
155671,21MUS-AH065,South Africa,2021,,13,23,,2
155672,21MUS-AH071,South Africa,2021,1399,8,294,763,0
155673,21MUS-AH072,South Africa,2021,1399,8,294,763,0
155674,21MUS-AH073,South Africa,2021,22,8,23,,3
155675,21MUS-AH074,South Africa,2021,,8,228,,80
155676,21MUS-AH077,South Africa,2021,251,13,228,,3
155677,21MUS-AH078,South Africa,2021,619,8,294,6293,0
155678,21MUS-AH084,South Africa,2021,333,13,285,,3
155679,21MUS-AH090,South Africa,2021,623,8,23,1109,3
155680,21MUS-AH091,South Africa,2021,333,13,285,,3
155681,21MUS-AH093,South Africa,2021,333,13,285,,3
155682,21MUS-AH095,South Africa,2021,22,8,23,,
155683,21MUS-AH098,South Africa,2021,,8,166,,2
155684,21MUS-AH100,South Africa,2021,333,13,285,,3
155685,21MUS-AH101,South Africa,2021,251,13,228,,3
155686,21MUS-AH105-R,South Africa,2021,2759,8,294,699,
155687,21MUS-AH106,South Africa,2021,22,8,23,,3
155688,21MUS-AH109,South Africa,2021,333,13,285,5273,
155689,21MUS-AH111,South Africa,2021,,8,166,,0
155690,21MUS-AH113,South Africa,2021,251,13,228,,0
155691,21MUS-AH114,South Africa,2021,619,8,294,,0
155692,21MUS-AH115,South Africa,2021,251,13,294,,3
155693,21MUS-AH119,South Africa,2021,333,13,285,,0
155694,21MUS-AH122,South Africa,2021,1399,8,294,763,0
155695,21MUS-AH125,South Africa,2021,1399,8,166,,117
155696,21MUS-AH126,South Africa,2021,2759,8,294,,3
155697,21MUS-AH127,South Africa,2021,,8,23,6289,0
155698,21MUS-AH130,South Africa,2021,,8,23,,3
155699,21MUS-AH131,South Africa,2021,333,13,285,6300,3
155701,21MUS-AH133,South Africa,2021,22,8,23,,3
155702,21MUS-AH134,South Africa,2021,22,8,23,,3
155703,21MUS-AH136,South Africa,2021,22,8,23,,3
155704,21MUS-AH137,South Africa,2021,,8,23,,0
155705,21MUS-AH138,South Africa,2021,321,8,23,773,
155706,21MUS-AH139,South Africa,2021,251,13,228,,3
155707,21MUS-AH140,South Africa,2021,22,8,23,,0
155710,21MUS-AH148,South Africa,2021,333,13,285,,3
155711,21MUS-AH150,South Africa,2021,251,13,228,,3
155712,21MUS-AH151,South Africa,2021,,8,23,,0
155714,21MUS-AH153-2,South Africa,2021,317,8,166,3836,0
155718,21MUS-AH164,South Africa,2021,251,13,228,,3
155719,21MUS-AH165,South Africa,2021,,8,294,699,
155720,21MUS-AH166,South Africa,2021,333,13,285,,3
155722,21MUS-AH168,South Africa,2021,621,13,23,1431,0
155723,21MUS-AH169-1,South Africa,2021,22,8,23,,
155725,21MUS-AH171,South Africa,2021,619,8,166,,0
155726,21MUS-AH174,South Africa,2021,22,8,23,6305,
155728,21MUS-AH183,South Africa,2021,22,8,23,,3
155729,21MUS-AH185,South Africa,2021,619,8,166,,3
155730,21MUS-AH187,South Africa,2021,612,8,294,2218,0
155733,21MUS-AH195,South Africa,2021,,8,23,,0
155734,21MUS-AH196,South Africa,2021,2759,8,294,763,3
155735,21MUS-AH198,South Africa,2021,586,8,23,,
155738,21MUS-AH202,South Africa,2021,,8,,,3
155741,21MUS-AH205,South Africa,2021,,8,166,,0
155742,21MUS-AH209,South Africa,2021,251,13,21,4715,3
155743,21MUS-AH210,South Africa,2021,623,13,294,,2
155744,21MUS-AH216,South Africa,2021,251,13,228,,0
155748,21MUS-AH223-2,South Africa,2021,251,13,228,,3
155749,15MUS-PI001,South Africa,2015,,13,285,,
155750,15MUS-PI002,South Africa,2015,333,13,285,,3
155751,15MUS-PI003,South Africa,2015,333,13,285,,3
155752,15MUS-PI004,South Africa,2015,251,13,228,,3
155753,15MUS-PI005-WGS,South Africa,2015,,8,294,,10
155754,15MUS-PI006,South Africa,2015,251,13,228,,3
155755,15MUS-PI007,South Africa,2015,,8,228,1109,80
155756,15MUS-PI011,South Africa,2015,621,13,23,,
155757,15MUS-PI016,South Africa,2015,251,13,228,,
155758,20MUS-AH109,South Africa,2020,22,8,23,,3
155759,15MUS-PI020,South Africa,2015,,8,294,763,0
155760,15MUS-PI025,South Africa,2015,621,13,23,,2
155761,15MUS-PI026,South Africa,2015,333,13,285,,3
155762,15MUS-PI029,South Africa,2015,251,13,228,,0
155763,15MUS-PI030,South Africa,2015,251,13,228,,3
155764,15MUS-PI036,South Africa,2015,1399,,515,,0
155767,15MUS-PI048,South Africa,2015,251,13,228,,3
155768,15MUS-PI056,South Africa,2015,251,13,228,,3
155769,15MUS-PI063-WGS,South Africa,2015,19,8,23,699,0
155770,15MUS-PI064,South Africa,2015,621,13,23,,3
155772,15MUS-PI066,South Africa,2015,2759,,294,763,0
155773,15MUS-PI067,South Africa,2015,251,13,228,6298,3
155774,15MUS-PI068,South Africa,2015,619,8,294,699,0
155775,15MUS-PI076,South Africa,2015,251,13,228,,0
155776,15MUS-PI077,South Africa,2015,251,13,3135,,3
155777,15MUS-PI078,South Africa,2015,,8,166,,0
155778,15MUS-PI080,South Africa,2015,19,8,294,5276,0
155779,15MUS-PI082,South Africa,2015,333,13,285,5273,
155780,15MUS-PI089,South Africa,2015,,8,228,1109,80
155781,15MUS-PI091-WGS,South Africa,2015,616,8,166,878,0
155782,15MUS-PI092-WGS,South Africa,2015,619,8,294,,0
155783,15MUS-PI093,South Africa,2015,,13,285,,
155784,15MUS-PI095,South Africa,2015,619,8,23,,3
155785,15MUS-PI097,South Africa,2015,,,294,,0
155787,15MUS-PI099,South Africa,2015,251,13,228,878,0
155788,15MUS-PI100,South Africa,2015,251,13,228,3131,3
155789,15MUS-PI103,South Africa,2015,333,13,285,3131;5273,3
155791,15MUS-PI105,South Africa,2015,613,8,228,,0
155792,15MUS-PI107,South Africa,2015,619,8,294,,3
155793,15MUS-PI110,South Africa,2015,333,13,285,5273,3
155794,15MUS-PI111,South Africa,2015,621,13,23,4329,3
155795,15MUS-PI112,South Africa,2015,251,13,285,,0
155796,18MUS-KM003,South Africa,2018,184,8,538,763,0
155797,18MUS-KM009,South Africa,2018,1399,8,294,,0
155798,18MUS-KM012,South Africa,2018,,8,515,,3
155799,18MUS-KM013,South Africa,2018,,8,3515,,0
155801,18MUS-KM021,South Africa,2018,618,13,294,,0
155802,18MUS-KM024,South Africa,2018,333,13,285,5273,3
155803,18MUS-KM025,South Africa,2018,251,13,228,,0
155804,18MUS-KM026,South Africa,2018,251,13,228,,0