id,isolate,cgST (N. gonorrhoeae cgMLST v2),LINcode (N. gonorrhoeae cgMLST v2),LIN1,LIN2,LIN3,LIN4
131095,GP-12-MUS-048,19409;33764,0_12_10_0_0_0_0_0_0_0_0,0,0_12,0_12_10,0_12_10_0
131096,GP-12-MUS-049,19410;29656,0_0_23_5_0_0_0_0_0_0_0,0,0_0,0_0_23,0_0_23_5
131097,GP-12-MUS-052,19411;29657,0_0_23_2_4_0_0_0_0_0_0,0,0_0,0_0_23,0_0_23_2
131098,GP-12-MUS-069,19412,1_1_27_2_1_0_0_0_0_0_0,1,1_1,1_1_27,1_1_27_2
131099,GP-12-MUS-071,19413;40869,0_0_33_12_92_1_0_0_0_1_0,0,0_0,0_0_33,0_0_33_12
131100,GP-12-MUS-086,19414,1_1_17_9_0_0_0_0_0_0_0,1,1_1,1_1_17,1_1_17_9
131101,GP-12-MUS-088,19415;40870,0_0_33_12_164_0_0_0_0_0_0,0,0_0,0_0_33,0_0_33_12
131102,GP-12-MUS-092,19416;29658,0_0_23_6_0_0_0_0_0_0_0,0,0_0,0_0_23,0_0_23_6
131103,GP-12-MUS-093,19417,1_1_17_4_7_0_0_0_0_0_0,1,1_1,1_1_17,1_1_17_4
131104,GP-12-MUS-096,19418,0_0_65_0_0_0_0_0_0_0_0,0,0_0,0_0_65,0_0_65_0
131105,GP-12-MUS-099,19419,1_1_27_6_2_0_0_0_0_0_0,1,1_1,1_1_27,1_1_27_6
131106,GP-12-MUS-102,19420,1_1_27_6_8_0_0_0_0_0_0,1,1_1,1_1_27,1_1_27_6
131107,GP-12-MUS-107,19421,1_3_0_1_0_0_0_0_0_0_0,1,1_3,1_3_0,1_3_0_1
131108,GP-12-MUS-109,19422;29659,0_0_23_24_0_0_0_0_0_0_0,0,0_0,0_0_23,0_0_23_24
131109,GP-12-MUS-110,19415;40870,0_0_33_12_164_0_0_0_0_0_0,0,0_0,0_0_33,0_0_33_12
131110,GP-12-MUS-115,19423;29660,0_0_23_16_0_0_0_0_0_0_0,0,0_0,0_0_23,0_0_23_16
131111,GP-12-MUS-116,19424,1_1_50_0_0_0_0_0_0_0_0,1,1_1,1_1_50,1_1_50_0
131112,GP-12-MUS-117,19425;38806,0_23_0_0_2_0_0_0_0_0_0,0,0_23,0_23_0,0_23_0_0
131113,GP-12-MUS-124,19426;40871,0_0_33_12_92_1_1_0_0_0_0,0,0_0,0_0_33,0_0_33_12
131114,GP-12-MUS-137,19427,1_1_17_4_10_0_0_0_0_0_0,1,1_1,1_1_17,1_1_17_4
131115,GP-12-MUS-163,19428,0_0_33_12_92_3_0_0_0_0_0,0,0_0,0_0_33,0_0_33_12
131116,GP-12-MUS-166,19429,0_2_21_0_2_0_0_0_0_0_0,0,0_2,0_2_21,0_2_21_0
131117,GP-12-MUS-170,19430;38807,0_23_0_0_0_0_0_0_0_0_0,0,0_23,0_23_0,0_23_0_0
131118,GP-12-MUS-180,19431,1_1_17_4_5_0_0_0_0_0_0,1,1_1,1_1_17,1_1_17_4
131119,GP-12-MUS-190,19432,0_16_0_1_6_2_0_0_0_0_0,0,0_16,0_16_0,0_16_0_1
131120,GP-12-MUS-199,19433;29661,0_0_23_2_3_0_0_0_0_0_0,0,0_0,0_0_23,0_0_23_2
131121,GP-12-MUS-205,19434;40872,0_0_33_12_92_1_0_0_0_0_0,0,0_0,0_0_33,0_0_33_12
131122,GP-12-MUS-208,19435,0_0_33_12_192_0_0_0_0_0_0,0,0_0,0_0_33,0_0_33_12
131123,GP-12-MUS-211,19436,1_3_1_0_0_0_0_0_0_0_0,1,1_3,1_3_1,1_3_1_0
131124,GP-12-MUS-214,19437;29662,0_0_23_3_1_0_0_0_0_0_0,0,0_0,0_0_23,0_0_23_3
131125,GP-12-MUS-220,19438,0_16_0_1_6_3_0_0_0_0_0,0,0_16,0_16_0,0_16_0_1
131126,GP-12-MUS-242,,,,_,__,___
131127,GP-12-MUS-250,19439,1_1_17_4_14_0_0_0_0_0_0,1,1_1,1_1_17,1_1_17_4
131128,GP-12-MUS-251,19440,0_0_33_12_159_0_0_0_0_0_0,0,0_0,0_0_33,0_0_33_12
131129,GP-12-MUS-252,19441,0_2_73_0_0_0_0_0_0_0_0,0,0_2,0_2_73,0_2_73_0
131130,GP-12-MUS-264,19442,0_0_47_6_9_0_0_0_0_0_0,0,0_0,0_0_47,0_0_47_6
131131,GP-12-MUS-273,19443,0_0_33_12_268_0_0_0_0_0_0,0,0_0,0_0_33,0_0_33_12
131132,GP-12-MUS-276,19444;40873,0_0_33_12_92_1_0_0_0_2_0,0,0_0,0_0_33,0_0_33_12
131133,GP-12-MUS-283,19445,0_0_47_6_21_0_0_0_0_0_0,0,0_0,0_0_47,0_0_47_6
131134,GP-12-MUS-289,19446,0_0_33_98_0_0_0_0_0_0_0,0,0_0,0_0_33,0_0_33_98
131135,GP-12-MUS-291,19447,0_2_21_0_7_0_0_0_0_0_0,0,0_2,0_2_21,0_2_21_0
131136,GP-12-MUS-297,19448;40874,0_0_36_1_2_0_0_0_0_0_0,0,0_0,0_0_36,0_0_36_1
131137,GP-12-MUS-303,19449;33765,0_0_36_1_5_0_0_0_0_0_0,0,0_0,0_0_36,0_0_36_1
131138,GP-12-MUS-307,19450,0_0_33_12_179_0_0_0_0_0_0,0,0_0,0_0_33,0_0_33_12
131139,GP-12-MUS-311,19451,0_12_10_2_0_0_0_0_0_0_0,0,0_12,0_12_10,0_12_10_2
131140,GP-12-MUS-312,19452,0_0_33_12_149_0_0_0_0_0_0,0,0_0,0_0_33,0_0_33_12
131141,GP-12-MUS-317,19453,0_0_47_6_11_0_0_0_0_0_0,0,0_0,0_0_47,0_0_47_6
131142,GP-12-MUS-319,19454;29663,0_0_23_2_1_0_0_0_0_0_0,0,0_0,0_0_23,0_0_23_2
131143,GP-12-MUS-324,19455,0_2_21_0_9_0_0_0_0_0_0,0,0_2,0_2_21,0_2_21_0
131144,GP-12-MUS-325,19456,1_1_17_11_0_0_0_0_0_0_0,1,1_1,1_1_17,1_1_17_11
131145,GP-12-MUS-331,19457;40875,0_0_33_12_92_1_0_0_2_0_0,0,0_0,0_0_33,0_0_33_12
131146,GP-12-MUS-333,19458;29664,0_0_23_2_9_0_0_0_0_0_0,0,0_0,0_0_23,0_0_23_2
131147,GP-12-MUS-337,19459;40876,0_0_33_12_92_1_0_0_0_4_0,0,0_0,0_0_33,0_0_33_12
131148,GP-12-MUS-339,19460;40877,0_0_33_12_150_0_0_0_0_0_0,0,0_0,0_0_33,0_0_33_12
131149,GP-12-MUS-356,19461,0_0_47_6_3_0_0_0_0_0_0,0,0_0,0_0_47,0_0_47_6
131150,GP-12-MUS-358,19462,0_0_47_6_5_0_0_0_0_0_0,0,0_0,0_0_47,0_0_47_6
131151,GP-12-MUS-361,19463,0_2_21_0_10_0_0_0_0_0_0,0,0_2,0_2_21,0_2_21_0
131152,GP-12-MUS-363,19464,0_18_23_1_0_0_0_0_0_0_0,0,0_18,0_18_23,0_18_23_1
131153,GP-12-MUS-368,19465;40878,0_0_33_12_170_0_0_0_0_0_0,0,0_0,0_0_33,0_0_33_12
131154,GP-12-MUS-371,19466,0_0_33_12_147_0_0_0_0_0_0,0,0_0,0_0_33,0_0_33_12
131155,GP-13-MUS-001,19467;38808,0_23_0_0_1_0_0_0_0_0_0,0,0_23,0_23_0,0_23_0_0
131156,GP-13-MUS-015,19468,0_16_0_1_6_5_0_0_0_0_0,0,0_16,0_16_0,0_16_0_1
131157,GP-13-MUS-032,19469,0_0_33_12_196_0_0_0_0_0_0,0,0_0,0_0_33,0_0_33_12
131158,GP-13-MUS-044,19470,0_0_33_12_171_0_0_0_0_0_0,0,0_0,0_0_33,0_0_33_12
131159,GP-13-MUS-047,19471,0_0_47_6_7_0_0_0_0_0_0,0,0_0,0_0_47,0_0_47_6
131160,GP-13-MUS-051,19472,0_16_0_1_6_1_0_0_0_0_0,0,0_16,0_16_0,0_16_0_1
131161,GP-13-MUS-052,19473,0_16_0_1_20_0_0_0_0_0_0,0,0_16,0_16_0,0_16_0_1
131162,GP-13-MUS-053,19474,0_0_33_12_92_1_0_0_1_0_0,0,0_0,0_0_33,0_0_33_12
131163,GP-13-MUS-067,19475,0_0_47_6_8_0_0_0_0_0_0,0,0_0,0_0_47,0_0_47_6
131164,GP-13-MUS-068,19476,0_0_36_1_1_0_0_0_0_0_0,0,0_0,0_0_36,0_0_36_1
131165,GP-13-MUS-070,19477;40879,0_0_33_12_167_0_0_0_0_0_0,0,0_0,0_0_33,0_0_33_12
131166,GP-13-MUS-073,19478,1_1_51_0_0_0_0_0_0_0_0,1,1_1,1_1_51,1_1_51_0
131167,GP-13-MUS-076,19479;29665,0_0_23_2_12_0_0_0_0_0_0,0,0_0,0_0_23,0_0_23_2
131168,GP-13-MUS-077,19480,0_0_33_12_145_0_0_0_0_0_0,0,0_0,0_0_33,0_0_33_12
131169,GP-13-MUS-080,19481,1_1_17_4_16_0_0_0_0_0_0,1,1_1,1_1_17,1_1_17_4
131170,GP-13-MUS-081,19482,1_1_49_0_0_0_0_0_0_0_0,1,1_1,1_1_49,1_1_49_0
131171,GP-13-MUS-083,,,,_,__,___
131172,GP13-MUS-085,19483,0_0_33_12_152_0_0_0_0_0_0,0,0_0,0_0_33,0_0_33_12
131173,GP13-MUS-086,19484,0_0_36_1_3_1_0_0_0_0_0,0,0_0,0_0_36,0_0_36_1
131174,GP13-MUS-088,19485,0_0_33_12_151_0_0_0_0_0_0,0,0_0,0_0_33,0_0_33_12
131175,GP-13-MUS-096,19486;29666,0_0_23_5_1_0_0_0_0_0_0,0,0_0,0_0_23,0_0_23_5
131176,GP-13-MUS-099,19487;34309,0_0_33_12_216_0_0_0_0_0_0,0,0_0,0_0_33,0_0_33_12
131177,GP-13-MUS-103,19488,1_1_17_13_1_0_0_0_0_0_0,1,1_1,1_1_17,1_1_17_13
131178,GP-13-MUS-105,19489;34310,0_18_22_2_0_0_0_0_0_0_0,0,0_18,0_18_22,0_18_22_2
131179,GP-13-MUS-107,19490,1_1_27_6_7_0_0_0_0_0_0,1,1_1,1_1_27,1_1_27_6
131180,GP-13-MUS-109,19491;27605,0_0_28_0_1_1_0_0_0_0_0,0,0_0,0_0_28,0_0_28_0
131181,GP-13-MUS-116,19492,1_1_17_4_6_0_0_0_0_0_0,1,1_1,1_1_17,1_1_17_4
131182,GP-13-MUS-120,19493;29667,0_0_23_2_0_1_0_0_0_0_0,0,0_0,0_0_23,0_0_23_2
131183,GP-13-MUS-121,19494,0_0_33_12_204_0_0_0_0_0_0,0,0_0,0_0_33,0_0_33_12
131184,GP-13-MUS-129,19495,1_1_17_4_20_0_0_0_0_0_0,1,1_1,1_1_17,1_1_17_4
131185,GP-13-MUS-132,19496;29668,0_0_23_21_0_0_0_0_0_1_0,0,0_0,0_0_23,0_0_23_21
131186,GP-13-MUS-133,19497,0_0_33_12_153_0_0_0_0_0_0,0,0_0,0_0_33,0_0_33_12
131187,GP-13-MUS-134,19498,1_1_40_0_0_0_0_0_0_0_0,1,1_1,1_1_40,1_1_40_0
131188,GP13-MUS-144,19499,0_2_71_0_0_0_0_0_0_0_0,0,0_2,0_2_71,0_2_71_0
131189,GP13-MUS-145,19500;40880,0_0_36_1_2_1_0_0_0_0_0,0,0_0,0_0_36,0_0_36_1
131190,GP13-MUS-152,19501,0_12_11_0_0_0_0_0_0_0_0,0,0_12,0_12_11,0_12_11_0
131191,GP13-MUS-177,19502,1_1_17_4_15_0_0_0_0_0_0,1,1_1,1_1_17,1_1_17_4
131192,GP13-MUS-179,19503,0_0_33_12_156_0_1_0_0_0_0,0,0_0,0_0_33,0_0_33_12
131193,GP13-MUS-187,19504,0_0_33_12_248_0_0_0_0_0_0,0,0_0,0_0_33,0_0_33_12
131194,GP13-MUS-189,19505,0_0_28_0_2_0_0_0_0_0_0,0,0_0,0_0_28,0_0_28_0
131195,GP13-MUS-190,19506,0_0_36_1_4_0_0_0_0_0_0,0,0_0,0_0_36,0_0_36_1
131196,GP13-MUS-195,19507,0_0_33_12_156_0_1_0_0_1_0,0,0_0,0_0_33,0_0_33_12
131197,GP13-MUS-196,19508,0_0_47_6_17_0_0_0_0_0_0,0,0_0,0_0_47,0_0_47_6
131198,GP13-MUS-203,19509;29669,0_0_23_7_0_0_0_0_0_0_0,0,0_0,0_0_23,0_0_23_7
131199,GP13-MUS-206,19510,0_0_33_12_165_0_0_0_0_0_0,0,0_0,0_0_33,0_0_33_12
131200,GP13-MUS-208,19511,0_0_33_12_277_0_0_0_0_0_0,0,0_0,0_0_33,0_0_33_12
131201,GP13-MUS-210,19512,0_0_33_12_217_0_0_0_0_0_0,0,0_0,0_0_33,0_0_33_12
131202,GP13-MUS-213,19513;40881,0_0_33_12_92_1_0_0_0_3_0,0,0_0,0_0_33,0_0_33_12
131203,GP13-MUS-215,19514,0_0_18_25_0_0_0_0_0_0_0,0,0_0,0_0_18,0_0_18_25
131204,GP13-MUS-218,19515,1_1_17_4_9_0_0_0_0_0_0,1,1_1,1_1_17,1_1_17_4
131205,GP13-MUS-225,19516,0_18_22_1_0_0_0_0_0_0_0,0,0_18,0_18_22,0_18_22_1
131206,GP13-MUS-231,19517,1_1_27_6_4_0_0_0_0_0_0,1,1_1,1_1_27,1_1_27_6
131207,GP-13-MUS-235,19518,1_1_27_9_0_0_0_0_0_0_0,1,1_1,1_1_27,1_1_27_9
131208,GP-13-MUS-236,19519,0_0_18_23_4_0_0_0_0_0_0,0,0_0,0_0_18,0_0_18_23
131209,GP-13-MUS-243,19520,0_0_33_12_205_0_0_0_0_0_0,0,0_0,0_0_33,0_0_33_12
131210,GP-13-MUS-244,19521;29670,0_0_23_21_0_0_0_0_0_0_0,0,0_0,0_0_23,0_0_23_21
131211,GP-13-MUS-247,19522,1_1_27_10_0_0_0_0_0_0_0,1,1_1,1_1_27,1_1_27_10
131212,GP-13-MUS-253,19523,0_0_23_2_5_0_0_0_0_0_0,0,0_0,0_0_23,0_0_23_2
131213,GP-13-MUS-256,19524,0_0_33_12_211_0_0_0_0_0_0,0,0_0,0_0_33,0_0_33_12
131214,GP-13-MUS-257,19525,0_0_33_12_92_7_0_0_0_0_0,0,0_0,0_0_33,0_0_33_12
131215,GP-13-MUS-258,19526,0_0_33_12_166_0_0_0_0_0_0,0,0_0,0_0_33,0_0_33_12
131216,GP-13-MUS-269,19527,0_0_33_12_173_0_0_0_0_0_0,0,0_0,0_0_33,0_0_33_12
131217,GP-13-MUS-271,19528,0_0_36_6_0_0_0_0_0_0_0,0,0_0,0_0_36,0_0_36_6
131218,GP-13-MUS-272,19529,1_1_27_6_6_0_0_0_0_0_0,1,1_1,1_1_27,1_1_27_6
131219,GP-13-MUS-275,19530;29671,0_0_23_3_2_0_0_0_0_0_0,0,0_0,0_0_23,0_0_23_3
131220,GP-13-MUS-276,19531,0_2_21_0_9_0_1_0_0_0_0,0,0_2,0_2_21,0_2_21_0
131221,GP-14-MUS-017,19532;38809,0_23_0_1_0_0_0_0_0_0_0,0,0_23,0_23_0,0_23_0_1
131222,GP-14-MUS-032,19533,0_0_33_12_144_0_0_0_0_0_0,0,0_0,0_0_33,0_0_33_12
131223,GP-14-MUS-033,19534,0_10_0_2_0_2_0_0_0_0_0,0,0_10,0_10_0,0_10_0_2
131224,GP-14-MUS-034,19535;40882,0_0_33_12_219_0_0_0_0_0_0,0,0_0,0_0_33,0_0_33_12
131225,GP-14-MUS-042,19536,0_0_33_12_180_0_0_0_0_0_0,0,0_0,0_0_33,0_0_33_12
131226,GP-14-MUS-052,19537,1_1_27_6_3_0_0_0_0_0_0,1,1_1,1_1_27,1_1_27_6
131227,GP-14-MUS-054,19538;29672,0_0_23_17_0_0_0_0_0_0_0,0,0_0,0_0_23,0_0_23_17
131228,GP-14-MUS-057,19539,0_0_33_12_92_5_0_0_0_0_0,0,0_0,0_0_33,0_0_33_12
131229,GP-14-MUS-063,19540,0_2_71_0_3_0_0_0_0_0_0,0,0_2,0_2_71,0_2_71_0
131230,GP-14-MUS-064,19541,0_0_28_0_7_0_0_0_0_0_0,0,0_0,0_0_28,0_0_28_0
131231,GP-14-MUS-069,19542,0_2_21_0_8_0_0_0_0_0_0,0,0_2,0_2_21,0_2_21_0
131232,GP-14-MUS-081,19543,0_18_22_0_0_0_0_0_0_0_0,0,0_18,0_18_22,0_18_22_0
131233,GP-14-MUS-082,19544;29673,0_0_23_8_1_0_0_0_0_0_0,0,0_0,0_0_23,0_0_23_8
131234,GP-14-MUS-088,19545,0_0_28_1_0_0_0_0_0_0_0,0,0_0,0_0_28,0_0_28_1
131235,GP-14-MUS-092,19546,0_0_36_1_3_0_0_0_0_0_0,0,0_0,0_0_36,0_0_36_1
131236,GP-14-MUS-094,19547,0_0_33_12_212_0_0_0_0_0_0,0,0_0,0_0_33,0_0_33_12
131237,GP-14-MUS-095,19548;40883,0_2_0_1_0_33_0_2_0_0_0,0,0_2,0_2_0,0_2_0_1
131238,GP-14-MUS-099,19549,0_0_33_12_200_0_0_0_0_0_0,0,0_0,0_0_33,0_0_33_12
131239,GP-14-MUS-103,19550,0_0_33_12_186_0_0_0_0_0_0,0,0_0,0_0_33,0_0_33_12
131240,GP-14-MUS-105,19551,0_0_47_6_20_0_0_0_0_0_0,0,0_0,0_0_47,0_0_47_6
131241,GP-14-MUS-107,19552;29674,0_0_23_12_0_0_0_0_0_0_0,0,0_0,0_0_23,0_0_23_12
131242,GP-14-MUS-110,19553;40884,0_0_33_12_92_8_0_0_0_0_0,0,0_0,0_0_33,0_0_33_12
131243,GP-14-MUS-114,19554,0_2_30_0_1_0_0_0_0_0_0,0,0_2,0_2_30,0_2_30_0
131244,GP-14-MUS-117,19555,0_0_47_6_14_0_0_0_0_0_0,0,0_0,0_0_47,0_0_47_6
131245,GP-14-MUS-121,19556,0_0_47_6_19_0_0_0_0_0_0,0,0_0,0_0_47,0_0_47_6
131246,GP-14-MUS-139,19557;40885,0_0_33_12_178_0_0_0_0_0_0,0,0_0,0_0_33,0_0_33_12
131247,GP-14-MUS-143,19558,0_0_33_12_157_0_0_0_0_0_0,0,0_0,0_0_33,0_0_33_12
131248,GP-14-MUS-147,19559,0_12_10_3_0_0_0_0_0_0_0,0,0_12,0_12_10,0_12_10_3
131249,GP-14-MUS-150,19560,0_0_33_12_247_0_0_0_0_0_0,0,0_0,0_0_33,0_0_33_12
131250,GP-14-MUS-151,19561,0_0_33_12_189_0_0_0_0_0_0,0,0_0,0_0_33,0_0_33_12
131251,GP-14-MUS-154,19562,0_0_33_12_193_0_0_0_0_0_0,0,0_0,0_0_33,0_0_33_12
131252,GP-14-MUS-156,19563,0_0_33_12_163_0_0_0_0_0_0,0,0_0,0_0_33,0_0_33_12
131253,GP-14-MUS-165,19564,0_0_47_6_13_0_0_0_0_0_0,0,0_0,0_0_47,0_0_47_6
131254,GP-14-MUS-183,19565,0_0_33_12_92_3_0_0_1_0_0,0,0_0,0_0_33,0_0_33_12
131255,GP-14-MUS-189,19566,1_1_17_4_8_0_0_0_0_0_0,1,1_1,1_1_17,1_1_17_4
131256,GP-14-MUS-194,19567,0_16_0_1_27_0_0_0_0_0_0,0,0_16,0_16_0,0_16_0_1
131257,GP-14-MUS-211,19568,0_12_10_1_0_0_0_0_0_0_0,0,0_12,0_12_10,0_12_10_1
131258,GP-14-MUS-212,19569,0_0_8_4_0_0_0_0_0_0_0,0,0_0,0_0_8,0_0_8_4
131259,GP-14-MUS-213,19570,0_0_33_12_186_0_0_0_0_1_0,0,0_0,0_0_33,0_0_33_12
131260,GP-14-MUS-214,19571,0_0_33_12_156_0_0_0_0_0_0,0,0_0,0_0_33,0_0_33_12
131261,GP-14-MUS-218,19572,0_0_33_12_209_0_0_0_0_0_0,0,0_0,0_0_33,0_0_33_12
131262,GP-14-MUS-219,19573,0_0_33_12_165_0_0_1_0_0_0,0,0_0,0_0_33,0_0_33_12
131263,GP-14-MUS-221,19574,0_0_72_0_0_0_0_0_0_0_0,0,0_0,0_0_72,0_0_72_0
131264,GP-14-MUS-224,19575,1_1_17_13_0_1_0_0_0_0_0,1,1_1,1_1_17,1_1_17_13
131265,GP-14-MUS-232,19576,0_16_0_1_17_0_0_0_0_0_0,0,0_16,0_16_0,0_16_0_1
131266,GP-14-MUS-238,19577,0_0_33_12_194_0_0_0_0_0_0,0,0_0,0_0_33,0_0_33_12
131267,GP-14-MUS-243,19578,0_0_33_12_215_0_0_0_0_0_0,0,0_0,0_0_33,0_0_33_12
131268,GP-14-MUS-244,19579,0_0_33_12_245_0_0_0_0_0_0,0,0_0,0_0_33,0_0_33_12
131269,GP-14-MUS-246,19580,0_0_47_6_6_0_0_0_0_0_0,0,0_0,0_0_47,0_0_47_6
131270,GP-14-MUS-247,19581,0_0_33_12_206_0_0_0_0_0_0,0,0_0,0_0_33,0_0_33_12
131271,GP-14-MUS-250,19582,0_0_33_12_146_0_0_0_0_0_0,0,0_0,0_0_33,0_0_33_12
131272,GP-14-MUS-251,19583,1_1_27_6_5_0_0_0_0_0_0,1,1_1,1_1_27,1_1_27_6
131273,GP-14-MUS-252,19584;40886,0_0_33_12_92_2_0_0_0_0_0,0,0_0,0_0_33,0_0_33_12
131274,15MUS-AH001,19585,0_0_33_12_154_1_0_0_0_0_0,0,0_0,0_0_33,0_0_33_12
131275,15MUS-AH007,19586,0_2_71_0_2_0_0_0_0_0_0,0,0_2,0_2_71,0_2_71_0
131276,15MUS-AH008,19587,0_0_33_12_154_0_0_0_0_0_0,0,0_0,0_0_33,0_0_33_12
131277,15MUS-AH009,19588,0_0_33_12_242_0_0_0_0_0_0,0,0_0,0_0_33,0_0_33_12
131278,15MUS-AH021,19589,0_0_33_12_202_0_0_0_0_0_0,0,0_0,0_0_33,0_0_33_12
131279,15MUS-AH029,19590,1_1_17_13_0_0_0_0_0_0_0,1,1_1,1_1_17,1_1_17_13
131280,15MUS-AH030,19591,0_0_47_6_10_0_0_0_0_0_0,0,0_0,0_0_47,0_0_47_6
131281,15MUS-AH041,19592,0_0_33_12_182_0_0_0_0_0_0,0,0_0,0_0_33,0_0_33_12
131282,15MUS-AH042,19593,1_1_17_4_11_0_0_0_0_0_0,1,1_1,1_1_17,1_1_17_4
131283,15MUS-AH060,19594;29675,0_0_23_2_11_0_0_0_0_0_0,0,0_0,0_0_23,0_0_23_2
131284,15MUS-AH061,19595,0_16_0_1_18_0_0_0_0_0_0,0,0_16,0_16_0,0_16_0_1
131285,15MUS-AH063,19596,0_0_33_77_0_0_0_0_0_0_0,0,0_0,0_0_33,0_0_33_77
131286,15MUS-AH064,19597;29676,0_0_23_8_0_0_0_0_0_0_0,0,0_0,0_0_23,0_0_23_8
131287,15MUS-AH068,19598,0_0_33_75_0_0_0_0_0_0_0,0,0_0,0_0_33,0_0_33_75
131288,15MUS-AH077,19599,0_2_71_0_0_1_0_0_0_0_0,0,0_2,0_2_71,0_2_71_0
131289,15MUS-AH078,19600,0_0_33_12_214_0_0_0_0_0_0,0,0_0,0_0_33,0_0_33_12
131290,15MUS-AH079,19601,0_0_33_12_197_0_0_0_0_0_0,0,0_0,0_0_33,0_0_33_12
131291,15MUS-AH083,19602,0_0_64_0_0_0_0_0_0_0_0,0,0_0,0_0_64,0_0_64_0
131292,15MUS-AH084,19603,0_0_33_12_183_0_0_0_0_0_0,0,0_0,0_0_33,0_0_33_12
131293,15MUS-AH085,19604,0_0_28_1_1_0_0_0_0_0_0,0,0_0,0_0_28,0_0_28_1
131294,15MUS-AH086,19605;29677,0_0_23_23_0_0_0_0_0_0_0,0,0_0,0_0_23,0_0_23_23
131295,15MUS-AH087,19606,0_0_47_6_16_0_0_0_0_0_0,0,0_0,0_0_47,0_0_47_6
131296,15MUS-AH088,19607;27606,0_0_28_0_3_0_0_0_0_0_0,0,0_0,0_0_28,0_0_28_0
131297,15MUS-AH089,19608,0_0_33_12_158_0_0_0_0_1_0,0,0_0,0_0_33,0_0_33_12
131298,15MUS-AH092,19609,1_1_27_6_6_0_0_0_1_0_0,1,1_1,1_1_27,1_1_27_6
131299,15MUS-AH093,19610,0_16_0_1_6_4_0_0_0_0_0,0,0_16,0_16_0,0_16_0_1
131300,15MUS-AH094,19611,0_18_22_3_0_0_0_0_0_0_0,0,0_18,0_18_22,0_18_22_3
131301,15MUS-AH096,19612,11_0_5_0_0_0_0_0_0_0_0,11,11_0,11_0_5,11_0_5_0
131302,15MUS-AH101,19613,0_16_0_1_28_0_0_0_0_0_0,0,0_16,0_16_0,0_16_0_1
131303,15MUS-AH103,19614,0_0_33_12_154_0_0_1_0_0_0,0,0_0,0_0_33,0_0_33_12
131304,15MUS-AH106,19615;29678,0_0_23_2_6_0_0_0_0_0_0,0,0_0,0_0_23,0_0_23_2
131305,15MUS-AH108,19616,0_0_33_12_158_0_0_0_0_0_0,0,0_0,0_0_33,0_0_33_12
131306,15MUS-AH112,19617,0_0_47_6_18_0_0_0_0_0_0,0,0_0,0_0_47,0_0_47_6
131307,15MUS-AH113,19618,1_1_17_10_0_0_0_0_0_0_0,1,1_1,1_1_17,1_1_17_10
131308,15MUS-AH117,19595,0_16_0_1_18_0_0_0_0_0_0,0,0_16,0_16_0,0_16_0_1
131309,15MUS-AH119,19619,1_1_27_13_0_0_0_0_0_0_0,1,1_1,1_1_27,1_1_27_13
131310,15MUS-AH121,19620,0_0_73_0_0_0_0_0_0_0_0,0,0_0,0_0_73,0_0_73_0
131311,15MUS-AH122,19621;29679,0_0_25_4_0_0_0_0_0_0_0,0,0_0,0_0_25,0_0_25_4
131312,15MUS-AH130,19622;40887,0_0_33_12_161_0_0_0_0_0_0,0,0_0,0_0_33,0_0_33_12
131313,15MUS-AH131,19623,1_1_17_4_19_0_0_0_0_0_0,1,1_1,1_1_17,1_1_17_4
131314,15MUS-AH133,19624;29680,0_0_23_2_8_0_0_0_0_0_0,0,0_0,0_0_23,0_0_23_2
131315,15MUS-AH135,19625;29681,0_0_25_2_1_0_0_0_0_0_0,0,0_0,0_0_25,0_0_25_2
131316,15MUS-AH138,19626,0_0_33_12_92_6_0_0_0_0_0,0,0_0,0_0_33,0_0_33_12
131317,15MUS-AH140,19627,0_0_33_12_184_0_0_0_0_0_0,0,0_0,0_0_33,0_0_33_12
131318,15MUS-AH143,19628,0_0_33_12_155_0_0_0_0_0_0,0,0_0,0_0_33,0_0_33_12
131319,15MUS-AH146,19629,0_0_33_12_276_0_0_0_0_0_0,0,0_0,0_0_33,0_0_33_12
131320,15MUS-AH148,19630,0_0_33_12_162_0_0_0_0_0_0,0,0_0,0_0_33,0_0_33_12
131321,15MUS-AH149,19631,1_1_27_14_0_0_0_0_0_0_0,1,1_1,1_1_27,1_1_27_14
131322,15MUS-AH150,,,,_,__,___
131323,15MUS-AH152,19632,0_0_33_79_0_0_0_0_0_0_0,0,0_0,0_0_33,0_0_33_79
131324,15MUS-AH153,19633,0_0_33_12_174_0_0_0_0_0_0,0,0_0,0_0_33,0_0_33_12
131325,15MUS-AH154,19634,0_0_33_12_172_0_0_0_0_0_0,0,0_0,0_0_33,0_0_33_12
131326,15MUS-AH160,19635,0_0_18_23_3_0_0_0_0_0_0,0,0_0,0_0_18,0_0_18_23
131327,15MUS-AH165,19636,0_0_33_12_176_0_0_0_0_0_0,0,0_0,0_0_33,0_0_33_12
131328,15MUS-AH166,19637,0_0_33_12_208_0_0_0_0_0_0,0,0_0,0_0_33,0_0_33_12
131329,16MUS-AH007,19638,0_0_33_12_185_0_0_0_0_0_0,0,0_0,0_0_33,0_0_33_12
131330,16MUS-AH009,19639,1_1_27_12_0_0_0_0_0_0_0,1,1_1,1_1_27,1_1_27_12
131331,16MUS-AH010,19640,0_0_36_1_7_0_0_0_0_0_0,0,0_0,0_0_36,0_0_36_1
131332,16MUS-AH011,19641,0_0_23_14_0_0_0_0_0_0_0,0,0_0,0_0_23,0_0_23_14
131333,16MUS-AH012,19642;29682,0_0_23_19_0_0_0_0_0_0_0,0,0_0,0_0_23,0_0_23_19
131334,16MUS-AH017,19643,0_0_33_70_0_0_0_0_0_0_0,0,0_0,0_0_33,0_0_33_70
131335,16MUS-AH019,19644,0_0_47_7_1_0_0_0_0_0_0,0,0_0,0_0_47,0_0_47_7
131336,16MUS-AH023,19645,0_0_61_0_0_0_0_0_0_0_0,0,0_0,0_0_61,0_0_61_0
131337,16MUS-AH026,19646;40888,0_0_33_12_210_0_0_0_0_0_0,0,0_0,0_0_33,0_0_33_12
131338,16MUS-AH029,19647,0_0_33_12_188_0_0_0_0_0_0,0,0_0,0_0_33,0_0_33_12
131339,16MUS-AH030,19648,0_0_47_6_4_0_0_0_0_0_0,0,0_0,0_0_47,0_0_47_6
131340,16MUS-AH034,19649,1_1_27_12_0_0_0_1_0_0_0,1,1_1,1_1_27,1_1_27_12
131341,16MUS-AH057,19650,0_0_33_12_203_0_0_0_0_0_0,0,0_0,0_0_33,0_0_33_12
131342,16MUS-AH060,19651,0_0_33_12_169_0_0_0_0_0_0,0,0_0,0_0_33,0_0_33_12
131343,16MUS-AH062,19652,0_0_33_12_177_0_0_0_0_0_0,0,0_0,0_0_33,0_0_33_12
131344,16MUS-AH063,19653,0_16_0_8_0_0_0_0_0_0_0,0,0_16,0_16_0,0_16_0_8
131345,16MUS-AH064,19654,0_0_23_14_0_1_0_0_0_0_0,0,0_0,0_0_23,0_0_23_14
131346,16MUS-AH067,19655,0_0_47_6_12_0_0_0_0_0_0,0,0_0,0_0_47,0_0_47_6
131347,16MUS-AH068,19656,0_0_33_12_198_0_0_0_0_0_0,0,0_0,0_0_33,0_0_33_12
131348,16MUS-aH070,19657;29683,0_0_23_20_0_0_0_0_0_0_0,0,0_0,0_0_23,0_0_23_20
131349,16MUS-AH082,19658;29684,0_0_23_2_10_0_0_0_0_0_0,0,0_0,0_0_23,0_0_23_2
131350,16MUS-AH085,19659,0_0_33_12_185_0_0_0_0_1_0,0,0_0,0_0_33,0_0_33_12
131351,16MUS-AH087,19660,1_1_27_11_0_0_0_0_0_0_0,1,1_1,1_1_27,1_1_27_11
131352,16MUS-AH088,19661,0_0_47_6_15_0_0_0_0_0_0,0,0_0,0_0_47,0_0_47_6
131353,16MUS-AH089,19662,0_0_33_12_148_0_0_0_0_0_0,0,0_0,0_0_33,0_0_33_12
131354,16MUS-AH091,19663,0_0_28_0_6_0_0_0_0_0_0,0,0_0,0_0_28,0_0_28_0
131355,16MUS-AH093,19664,0_0_33_12_187_0_0_0_0_0_0,0,0_0,0_0_33,0_0_33_12
131356,16MUS-AH094,19665,1_1_17_12_0_0_0_0_0_0_0,1,1_1,1_1_17,1_1_17_12
131357,16MUS-AH097,19666,0_0_33_12_185_0_0_0_0_2_0,0,0_0,0_0_33,0_0_33_12
131358,16MUS-AH100,19667,0_0_33_69_0_0_0_0_0_0_0,0,0_0,0_0_33,0_0_33_69
131359,16MUS-AH101,19668,0_18_23_2_0_0_0_0_0_0_0,0,0_18,0_18_23,0_18_23_2
131360,16MUS-AH109,19669,0_0_33_12_207_0_0_0_0_0_0,0,0_0,0_0_33,0_0_33_12
131361,16MUS-AH113,19670,0_0_33_12_202_1_0_0_0_0_0,0,0_0,0_0_33,0_0_33_12
131362,16MUS-AH116,19671,0_0_47_11_2_0_0_0_0_0_0,0,0_0,0_0_47,0_0_47_11
131363,16MUS-AH118,19672,0_0_33_12_148_0_0_1_0_0_0,0,0_0,0_0_33,0_0_33_12
131364,16MUS-AH119,19673,0_0_33_12_283_0_0_0_0_0_0,0,0_0,0_0_33,0_0_33_12
131365,16MUS-AH121,19674,0_2_72_0_0_0_0_0_0_0_0,0,0_2,0_2_72,0_2_72_0
131366,16MUS-AH124,19675,0_0_33_12_92_4_0_0_0_0_0,0,0_0,0_0_33,0_0_33_12
131367,16MUS-AH126,19676,0_0_33_71_0_0_0_0_0_0_0,0,0_0,0_0_33,0_0_33_71
131368,16MUS-AH131,19677,0_0_33_69_0_1_0_0_0_0_0,0,0_0,0_0_33,0_0_33_69
131369,16MUS-AH140,19678,0_0_33_12_175_0_0_0_0_0_0,0,0_0,0_0_33,0_0_33_12
131370,16MUS-AH142,19679,0_0_28_0_5_0_0_0_0_0_0,0,0_0,0_0_28,0_0_28_0
131371,16MUS-AH146,19680,1_1_17_4_17_0_0_0_0_0_0,1,1_1,1_1_17,1_1_17_4
131372,16MUS-AH147,19681,0_0_33_12_160_0_0_0_0_0_0,0,0_0,0_0_33,0_0_33_12
131373,16MUS-AH152,19682,0_0_28_0_4_0_0_0_0_0_0,0,0_0,0_0_28,0_0_28_0
131374,17MUS-AH002,19683;29685,0_0_23_2_2_0_0_0_0_0_0,0,0_0,0_0_23,0_0_23_2
131375,17MUS-AH004,19684,0_0_47_11_1_0_0_0_0_0_0,0,0_0,0_0_47,0_0_47_11
131376,17MUS-AH007,19685,0_0_33_12_168_0_0_0_0_0_0,0,0_0,0_0_33,0_0_33_12
131377,17MUS-AH009,19686;29686,0_0_23_2_7_0_0_0_0_0_0,0,0_0,0_0_23,0_0_23_2
131378,17MUS-AH011,19687,0_18_23_0_0_0_0_0_0_0_0,0,0_18,0_18_23,0_18_23_0
131379,17MUS-AH012,19688,0_0_33_12_181_0_0_0_0_0_0,0,0_0,0_0_33,0_0_33_12
131380,17MUS-AH014,19689,0_0_33_12_190_0_0_0_0_0_0,0,0_0,0_0_33,0_0_33_12
131381,17MUS-AH015,19690,0_0_33_12_213_0_0_0_0_0_0,0,0_0,0_0_33,0_0_33_12
131382,17MUS-AH018,19691;41795,0_0_33_12_278_0_0_0_0_0_0,0,0_0,0_0_33,0_0_33_12
140559,17MUS_AH099_S94,21963,0_0_47_6_23_0_0_0_0_0_0,0,0_0,0_0_47,0_0_47_6
140560,17MUS_AH121_S96,21964,0_0_33_12_311_0_0_0_0_0_0,0,0_0,0_0_33,0_0_33_12
140561,17MUS_AH117_S95,21965,51_0_1_0_0_0_0_0_0_0_0,51,51_0,51_0_1,51_0_1_0
140562,18MUS_AH145_S102,21966;44961,0_0_92_0_0_0_0_0_0_0_0,0,0_0,0_0_92,0_0_92_0
140563,18MUS_AH147_S103,21967,0_0_33_12_300_0_0_0_0_0_0,0,0_0,0_0_33,0_0_33_12
140564,18MUS_KH083_S97,21968;29687,1_15_1_0_0_0_0_0_0_0_0,1,1_15,1_15_1,1_15_1_0
140565,18MUS_KM012_S99,21969,0_18_28_0_0_0_0_0_0_0_0,0,0_18,0_18_28,0_18_28_0
140566,18MUS_KM013_S80,21970;29688,0_0_23_25_0_0_0_0_0_0_0,0,0_0,0_0_23,0_0_23_25
140567,18MUS_KM016_S100,21971,17_0_1_3_0_0_0_0_0_0_0,17,17_0,17_0_1,17_0_1_3
140568,18MUS_KM021_S81,21972;29689,0_0_23_34_0_0_0_0_0_0_0,0,0_0,0_0_23,0_0_23_34
140569,18MUS_KM070_S101,21973;33770,17_0_1_2_0_0_0_0_0_0_0,17,17_0,17_0_1,17_0_1_2
140570,18MUS_KM071_S82,21974;40893,0_0_63_0_2_1_0_0_0_0_0,0,0_0,0_0_63,0_0_63_0
140571,18MUS_ZW085_S98,21975,0_0_33_12_310_0_0_0_0_0_0,0,0_0,0_0_33,0_0_33_12
140572,19MUS_AH073_S104,21976;44962,1_1_65_0_0_0_0_0_0_0_0,1,1_1,1_1_65,1_1_65_0
140573,19MUS_AH108_S105,21977,0_7_0_12_13_0_0_0_0_0_0,0,0_7,0_7_0,0_7_0_12
140574,19MUS_AH110_S83,21978;44963,0_0_23_33_0_0_0_0_0_0_0,0,0_0,0_0_23,0_0_23_33
140575,19MUS_AH122_S106,21979,1_3_1_0_1_0_0_0_0_0_0,1,1_3,1_3_1,1_3_1_0
140576,19MUS_AH166_S107,21980,0_0_33_12_98_1_0_0_0_0_0,0,0_0,0_0_33,0_0_33_12
140577,20MUS_AH027_S84,21981;38811,0_23_0_3_0_0_0_0_0_0_0,0,0_23,0_23_0,0_23_0_3
140578,20MUS_AH028_S108,21982,0_0_47_11_11_0_0_0_0_0_0,0,0_0,0_0_47,0_0_47_11
140579,20MUS_AH030_S85,21983;29690,0_0_23_9_4_1_0_0_0_0_0,0,0_0,0_0_23,0_0_23_9
140580,20MUS_AH032_S109,21984;29691,0_0_23_26_0_0_0_0_0_0_0,0,0_0,0_0_23,0_0_23_26
140581,20MUS_AH0138_S110,21985;34503,0_0_47_11_10_0_0_0_0_0_0,0,0_0,0_0_47,0_0_47_11
140582,20MUS_CZ054_S86,21986,0_0_23_36_0_0_0_0_0_0_0,0,0_0,0_0_23,0_0_23_36
140583,20MUS_CZ055_S111,21987,0_7_0_12_14_0_0_0_0_0_0,0,0_7,0_7_0,0_7_0_12
140584,21MUS_AH020_S112,21988,0_0_33_161_0_0_0_0_0_0_0,0,0_0,0_0_33,0_0_33_161
140585,21MUS_AH021_S113,21989,0_2_21_0_14_0_0_1_0_0_0,0,0_2,0_2_21,0_2_21_0
140586,21MUS_AH104_S114,21990,1_1_27_15_0_0_0_0_0_0_0,1,1_1,1_1_27,1_1_27_15
140587,21MUS_AH105_S87,21991,1_1_17_17_0_0_1_1_0_0_0,1,1_1,1_1_17,1_1_17_17
140588,21MUS_AH110_S115,21992,0_7_0_12_17_0_0_0_0_0_0,0,0_7,0_7_0,0_7_0_12
140589,21MUS_AH111_S88,21993;29692;34538,0_0_23_9_4_0_0_0_0_0_0,0,0_0,0_0_23,0_0_23_9
140590,21MUS_AH124_S116,21994,0_7_0_12_15_0_0_0_0_0_0,0,0_7,0_7_0,0_7_0_12
140591,21MUS_AH125_S89,21995;34542,0_2_21_0_14_0_0_0_0_0_0,0,0_2,0_2_21,0_2_21_0
140592,21MUS_AH166_S117,21996,0_0_47_11_1_3_0_0_0_0_0,0,0_0,0_0_47,0_0_47_11
140593,21MUS_AH237_S90,21997,1_1_27_6_11_0_0_0_0_0_0,1,1_1,1_1_27,1_1_27_6
140594,21MUS_AH239_S118,21998,16_1_0_16_0_0_0_0_0_0_0,16,16_1,16_1_0,16_1_0_16
140595,21MUS_CZ189_S91,21999,1_1_27_6_9_0_0_0_0_0_0,1,1_1,1_1_27,1_1_27_6
140596,21MUS_CZ191_S119,22000,0_0_36_1_9_0_0_0_0_0_0,0,0_0,0_0_36,0_0_36_1
140597,21MUS_CZ197_S120,22001,16_1_0_10_0_0_0_0_0_0_0,16,16_1,16_1_0,16_1_0_10
140598,21MUS_CZ198_S92,22002,1_1_27_6_10_0_0_0_0_0_0,1,1_1,1_1_27,1_1_27_6
140599,21MUS_CZ201_S121,22003;40894,0_7_0_12_16_0_0_0_0_0_0,0,0_7,0_7_0,0_7_0_12
140600,22MUS_AH054_S93,22004,1_1_17_17_0_0_1_0_0_0_0,1,1_1,1_1_17,1_1_17_17
140601,17MUS_AH098,22005,0_2_1_26_0_0_0_0_0_0_0,0,0_2,0_2_1,0_2_1_26
140602,17MUS_AH118,22006;29693;44964,0_0_23_27_0_0_0_0_0_0_0,0,0_0,0_0_23,0_0_23_27
140603,17MUS_AH120,22007;29694,0_0_23_35_0_0_0_0_0_0_0,0,0_0,0_0_23,0_0_23_35
140604,17MUS_KH085,22008,0_2_1_0_479_0_0_0_0_0_0,0,0_2,0_2_1,0_2_1_0
140605,17MUS_ZW084,22009,0_2_71_0_4_0_0_0_0_0_0,0,0_2,0_2_71,0_2_71_0
140611,19MUS_AH072,22010,0_2_1_25_0_0_0_0_0_0_0,0,0_2,0_2_1,0_2_1_25
140612,19MUS_AH119,22011,0_2_1_0_574_0_0_0_0_0_0,0,0_2,0_2_1,0_2_1_0
140613,19MUS_AH164,22012,0_0_63_0_2_0_0_0_0_0_0,0,0_0,0_0_63,0_0_63_0
140617,20MUS_AH139,22013,1_1_27_16_0_0_0_0_0_0_0,1,1_1,1_1_27,1_1_27_16
140618,21MUS_AH165,22014,1_1_17_17_0_0_0_0_1_0_0,1,1_1,1_1_17,1_1_17_17
140619,21MUS_CZ202,22015,0_18_23_2_2_0_0_0_0_0_0,0,0_18,0_18_23,0_18_23_2
155409,GP12-MUS-242,,,,_,__,___
155410,GP13-MUS-070,19477;40879,0_0_33_12_167_0_0_0_0_0_0,0,0_0,0_0_33,0_0_33_12
155411,GP13-MUS-083,19484;34307,0_0_36_1_3_1_0_0_0_0_0,0,0_0,0_0_36,0_0_36_1
155412,GP13-MUS-096,19486;29666;34308,0_0_23_5_1_0_0_0_0_0_0,0,0_0,0_0_23,0_0_23_5
155413,GP13-MUS-099,34309,0_0_33_12_216_0_0_0_0_0_0,0,0_0,0_0_33,0_0_33_12
155414,GP13-MUS-103,19488,1_1_17_13_1_0_0_0_0_0_0,1,1_1,1_1_17,1_1_17_13
155415,GP13-MUS-105,19489;34310,0_18_22_2_0_0_0_0_0_0_0,0,0_18,0_18_22,0_18_22_2
155416,GP13-MUS-107,19490,1_1_27_6_7_0_0_0_0_0_0,1,1_1,1_1_27,1_1_27_6
155417,GP13-MUS-109,19491;27605;44996,0_0_28_0_1_1_0_0_0_0_0,0,0_0,0_0_28,0_0_28_0
155418,GP13-MUS-116,19492,1_1_17_4_6_0_0_0_0_0_0,1,1_1,1_1_17,1_1_17_4
155419,GP13-MUS-120,19493;29667;44997,0_0_23_2_0_1_0_0_0_0_0,0,0_0,0_0_23,0_0_23_2
155420,GP13-MUS-121,19494,0_0_33_12_204_0_0_0_0_0_0,0,0_0,0_0_33,0_0_33_12
155421,GP13-MUS-129,19495,1_1_17_4_20_0_0_0_0_0_0,1,1_1,1_1_17,1_1_17_4
155422,GP13-MUS-132,19496;29668;44998,0_0_23_21_0_0_0_0_0_1_0,0,0_0,0_0_23,0_0_23_21
155423,GP13-MUS-133,19497,0_0_33_12_153_0_0_0_0_0_0,0,0_0,0_0_33,0_0_33_12
155424,GP13-MUS-134,34311,1_1_40_0_0_0_0_0_0_1_0,1,1_1,1_1_40,1_1_40_0
155425,GP14-MUS-241,34312,0_0_33_12_351_0_0_0_0_0_0,0,0_0,0_0_33,0_0_33_12
155426,15MUS-AH035,34313,0_0_33_12_352_0_0_0_0_0_0,0,0_0,0_0_33,0_0_33_12
155427,15MUS-AH077-R,34314,0_2_71_0_0_1_0_0_0_1_0,0,0_2,0_2_71,0_2_71_0
155428,15MUS-AH080,34315,0_0_33_12_350_0_0_0_0_0_0,0,0_0,0_0_33,0_0_33_12
155429,15MUS-AH090,34316,0_0_33_12_156_1_0_0_0_0_0,0,0_0,0_0_33,0_0_33_12
155431,15MUS-AH129,34318,0_0_23_3_3_0_0_0_0_0_0,0,0_0,0_0_23,0_0_23_3
155433,15MUS-AH168,34320,0_2_85_0_0_0_0_0_0_0_0,0,0_2,0_2_85,0_2_85_0
155434,16MUS-AH017-R,19643,0_0_33_70_0_0_0_0_0_0_0,0,0_0,0_0_33,0_0_33_70
155435,17MUS-AH017-R,34321,0_0_33_12_355_0_0_0_0_0_0,0,0_0,0_0_33,0_0_33_12
155436,17MUS-AH019,34322;44999,0_0_47_11_1_4_0_0_0_0_0,0,0_0,0_0_47,0_0_47_11
155437,17MUS-AH021,34323,0_0_33_12_358_0_0_0_0_0_0,0,0_0,0_0_33,0_0_33_12
155438,17MUS-AH024,34324,0_0_47_29_0_0_0_0_0_0_0,0,0_0,0_0_47,0_0_47_29
155439,17MUS-AH026,34325,0_0_33_12_92_9_0_0_0_0_0,0,0_0,0_0_33,0_0_33_12
155440,17MUS-AH027,34326,0_0_33_12_361_0_0_0_0_0_0,0,0_0,0_0_33,0_0_33_12
155441,17MUS-AH029,34327,0_0_33_12_364_0_0_0_0_0_0,0,0_0,0_0_33,0_0_33_12
155442,17MUS-AH034,34328,0_16_0_17_0_0_0_0_0_0_0,0,0_16,0_16_0,0_16_0_17
155443,17MUS-AH035-R,34329;45000,1_1_27_18_0_0_0_0_0_0_0,1,1_1,1_1_27,1_1_27_18
155444,17MUS-AH038,34330,0_18_22_7_0_0_0_0_0_0_0,0,0_18,0_18_22,0_18_22_7
155445,17MUS-AH039,34331;45001,0_0_33_12_310_1_0_0_0_0_0,0,0_0,0_0_33,0_0_33_12
155446,17MUS-AH041,34332,0_16_0_1_43_0_0_0_0_0_0,0,0_16,0_16_0,0_16_0_1
155447,17MUS-AH044,34333,0_0_23_35_0_0_0_0_0_1_0,0,0_0,0_0_23,0_0_23_35
155448,17MUS-AH047,34334,0_0_47_6_25_0_0_0_0_0_0,0,0_0,0_0_47,0_0_47_6
155449,17MUS-AH051,34335,0_0_47_28_0_0_0_0_0_0_0,0,0_0,0_0_47,0_0_47_28
155450,17MUS-AH052,34336,0_0_33_179_0_0_0_0_0_0_0,0,0_0,0_0_33,0_0_33_179
155451,17MUS-AH054,34337,0_0_33_12_363_0_0_0_0_0_0,0,0_0,0_0_33,0_0_33_12
155452,17MUS-AH056,34338,0_2_21_0_17_0_0_0_0_0_0,0,0_2,0_2_21,0_2_21_0
155453,17MUS-AH057,34339,1_1_27_19_0_0_0_0_0_0_0,1,1_1,1_1_27,1_1_27_19
155454,17MUS-AH058,34340;41878,0_0_33_12_278_0_0_0_0_1_0,0,0_0,0_0_33,0_0_33_12
155455,17MUS-AH059,34341,0_0_23_35_0_0_0_0_1_0_0,0,0_0,0_0_23,0_0_23_35
155456,17MUS-AH060-R,34342,1_1_17_23_0_0_0_0_0_0_0,1,1_1,1_1_17,1_1_17_23
155457,17MUS-AH065,34343,0_0_33_12_355_0_0_0_0_1_0,0,0_0,0_0_33,0_0_33_12
155458,17MUS-AH066,34344,0_0_47_11_1_0_1_0_0_0_0,0,0_0,0_0_47,0_0_47_11
155459,17MUS-AH068,34345;41203,0_0_33_12_359_0_0_0_0_0_0,0,0_0,0_0_33,0_0_33_12
155460,17MUS-AH069,34346;45002,0_0_23_40_0_0_0_0_0_0_0,0,0_0,0_0_23,0_0_23_40
155461,17MUS-AH070-R,34347,0_0_33_12_349_0_0_0_0_0_0,0,0_0,0_0_33,0_0_33_12
155462,17MUS-AH071,34348,0_2_71_0_2_0_0_1_0_0_0,0,0_2,0_2_71,0_2_71_0
155463,17MUS-AH073-1,34349;34350,0_0_33_12_366_0_0_0_0_0_0,0,0_0,0_0_33,0_0_33_12
155464,17MUS-AH073-2,34350,0_0_33_12_366_0_0_0_0_0_0,0,0_0,0_0_33,0_0_33_12
155465,17MUS-AH074,34351;45003,0_0_23_41_0_0_0_0_0_0_0,0,0_0,0_0_23,0_0_23_41
155466,17MUS-AH075,34352;39063,0_0_33_12_354_0_0_0_0_0_0,0,0_0,0_0_33,0_0_33_12
155467,17MUS-AH076,34353,0_0_33_12_360_0_0_0_0_0_0,0,0_0,0_0_33,0_0_33_12
155468,17MUS-AH098,34354,0_2_1_26_0_0_0_0_0_0_0,0,0_2,0_2_1,0_2_1_26
155469,17MUS-AH100,34355,1_1_17_16_1_0_0_0_0_0_0,1,1_1,1_1_17,1_1_17_16
155470,17MUS-AH101,34356,0_0_33_12_358_1_0_0_0_0_0,0,0_0,0_0_33,0_0_33_12
155471,17MUS-AH103,34357,0_2_55_1_4_0_0_0_0_0_0,0,0_2,0_2_55,0_2_55_1
155472,17MUS-AH105,34358;41879;45004,0_0_28_3_0_0_0_0_0_0_0,0,0_0,0_0_28,0_0_28_3
155473,17MUS-AH106,34359,0_18_22_8_0_0_0_0_0_0_0,0,0_18,0_18_22,0_18_22_8
155474,17MUS-AH107,34360,0_2_86_0_0_0_0_0_0_0_0,0,0_2,0_2_86,0_2_86_0
155475,17MUS-AH108-1,34361;41880,0_0_25_0_2_0_0_0_0_0_0,0,0_0,0_0_25,0_0_25_0
155476,17MUS-AH108-2,34361;41880,0_0_25_0_2_0_0_0_0_0_0,0,0_0,0_0_25,0_0_25_0
155477,17MUS-AH110,34362,0_0_33_12_344_1_0_0_0_0_0,0,0_0,0_0_33,0_0_33_12
155478,17MUS-AH111,34363,0_0_33_12_356_0_0_0_0_0_0,0,0_0,0_0_33,0_0_33_12
155479,17MUS-AH112,34364;45005,0_0_33_12_365_0_0_0_0_0_0,0,0_0,0_0_33,0_0_33_12
155480,17MUS-AH116,34365,0_2_71_0_0_2_0_0_0_0_0,0,0_2,0_2_71,0_2_71_0
155481,17MUS-AH123,34366,0_0_47_11_1_0_0_1_0_0_0,0,0_0,0_0_47,0_0_47_11
155482,17MUS-AH124,34367,0_0_33_12_362_0_0_0_0_0_0,0,0_0,0_0_33,0_0_33_12
155483,MP12-MUS-001,34368,1_1_17_4_24_0_0_0_0_0_0,1,1_1,1_1_17,1_1_17_4
155484,MP12-MUS-010,34369,1_1_17_4_25_0_0_0_0_0_0,1,1_1,1_1_17,1_1_17_4
155485,MP12-MUS-012,34370;45006,0_0_23_2_14_0_0_0_0_0_0,0,0_0,0_0_23,0_0_23_2
155486,MP12-MUS-013,34371,0_18_22_0_1_0_0_0_0_0_0,0,0_18,0_18_22,0_18_22_0
155487,MP12-MUS-015,34372,0_18_22_6_0_0_0_0_0_0_0,0,0_18,0_18_22,0_18_22_6
155488,MP12-MUS-028,34373,1_1_27_6_15_0_0_0_0_0_0,1,1_1,1_1_27,1_1_27_6
155489,MP12-MUS-030,34374;41881;45007,0_0_23_39_0_0_0_0_0_0_0,0,0_0,0_0_23,0_0_23_39
155490,MP12-MUS-035,34375,0_0_33_12_357_0_0_0_0_0_0,0,0_0,0_0_33,0_0_33_12
155491,MP12-MUS-037,34376;45008,0_0_23_2_15_0_0_0_0_0_0,0,0_0,0_0_23,0_0_23_2
155492,MP12-MUS-041,34377,0_0_47_6_24_0_0_0_0_0_0,0,0_0,0_0_47,0_0_47_6
155493,MP12-MUS-044,34378;45009,0_0_23_34_1_0_0_0_0_0_0,0,0_0,0_0_23,0_0_23_34
155494,MP12-MUS-046,34379,1_1_27_17_0_0_0_0_0_0_0,1,1_1,1_1_27,1_1_27_17
155495,MP12-MUS-047,34380;40592,1_1_17_4_26_0_0_0_0_0_0,1,1_1,1_1_17,1_1_17_4
155496,MP12-MUS-048,34381,0_2_21_0_7_1_0_0_0_0_0,0,0_2,0_2_21,0_2_21_0
155497,MP12-MUS-050,34382,0_0_33_12_156_2_0_0_0_0_0,0,0_0,0_0_33,0_0_33_12
155498,MP12-MUS-051,34383,0_31_0_0_0_0_0_0_0_0_0,0,0_31,0_31_0,0_31_0_0
155499,MP12-MUS-053,34409,0_0_36_0_9_0_0_0_0_0_0,0,0_0,0_0_36,0_0_36_0
155500,MP12-MUS-055,34384,1_1_17_21_0_0_0_0_0_0_0,1,1_1,1_1_17,1_1_17_21
155501,MP12-MUS-056,34385,1_1_27_6_2_1_0_0_0_0_0,1,1_1,1_1_27,1_1_27_6
155502,MP12-MUS-057,34386,1_1_27_6_14_0_0_0_0_0_0,1,1_1,1_1_27,1_1_27_6
155503,MP12-MUS-059,34387;45010,0_0_33_12_353_0_0_0_0_0_0,0,0_0,0_0_33,0_0_33_12
155504,MP12-MUS-060,34410;45011,1_1_27_20_0_0_0_0_0_0_0,1,1_1,1_1_27,1_1_27_20
155508,MP12-MUS-066,34411;41882,0_0_47_6_33_0_0_0_0_0_0,0,0_0,0_0_47,0_0_47_6
155509,MP12-MUS-069,34412;41883,0_0_47_6_33_0_0_0_0_0_0,0,0_0,0_0_47,0_0_47_6
155510,MP12-MUS-074,34413;41884,1_1_27_6_2_2_0_0_0_0_0,1,1_1,1_1_27,1_1_27_6
155511,MP12-MUS-078,34379,1_1_27_17_0_0_0_0_0_0_0,1,1_1,1_1_27,1_1_27_17
155512,MP12-MUS-079,34414;41204;41885,0_0_18_23_7_0_0_0_0_0_0,0,0_0,0_0_18,0_0_18_23
155513,KN13-MUS-001,34415;41886,1_1_17_21_1_0_0_0_0_0_0,1,1_1,1_1_17,1_1_17_21
155514,KN13-MUS-003,34416;41887,0_0_33_12_371_0_0_0_0_0_0,0,0_0,0_0_33,0_0_33_12
155515,KN13-MUS-014,41796,1_1_76_0_0_0_0_0_0_0_0,1,1_1,1_1_76,1_1_76_0
155516,KN13-MUS-073,34417;41888,0_16_0_1_45_0_0_0_0_0_0,0,0_16,0_16_0,0_16_0_1
155517,KN13-MUS-075,34418;41205;41345;41889,0_0_47_6_28_0_0_0_0_0_0,0,0_0,0_0_47,0_0_47_6
155518,KN13-MUS-076,41797,0_0_110_0_0_0_0_0_0_0_0,0,0_0,0_0_110,0_0_110_0
155519,KN13-MUS-078,34419;41346;41890,0_16_0_1_6_0_1_0_0_0_0,0,0_16,0_16_0,0_16_0_1
155520,KN13-MUS-079,34420;41891,0_0_33_12_146_1_0_0_0_0_0,0,0_0,0_0_33,0_0_33_12
155521,KN13-MUS-088,34421;41892,0_0_47_6_32_0_0_0_0_0_0,0,0_0,0_0_47,0_0_47_6
155522,KN13-MUS-090,34422;41893,0_0_47_6_29_0_0_0_0_0_0,0,0_0,0_0_47,0_0_47_6
155523,KN13-MUS-098,34423;41347;41894,0_0_23_8_2_0_0_0_0_0_0,0,0_0,0_0_23,0_0_23_8
155524,KN13-MUS-106,34424;41895,0_0_33_12_376_0_0_0_0_0_0,0,0_0,0_0_33,0_0_33_12
155525,KN13-MUS-111,34425,0_0_33_12_368_0_0_0_0_0_0,0,0_0,0_0_33,0_0_33_12
155526,KN13-MUS-120,34426;41896,0_16_0_1_6_6_0_0_0_0_0,0,0_16,0_16_0,0_16_0_1
155527,KN13-MUS-129,34427;41897;45012,0_0_23_3_5_0_0_0_0_0_0,0,0_0,0_0_23,0_0_23_3
155528,KN13-MUS-131,34428;41348;41898,0_0_33_12_386_0_0_0_0_0_0,0,0_0,0_0_33,0_0_33_12
155529,KN13-MUS-132,34429;41899,0_16_0_18_0_0_0_0_0_0_0,0,0_16,0_16_0,0_16_0_18
155530,KN13-MUS-137,34430;41206;41900,0_0_47_11_1_10_0_1_0_0_0,0,0_0,0_0_47,0_0_47_11
155531,KN13-MUS-140,34431;41901,0_12_10_4_0_0_0_0_0_0_0,0,0_12,0_12_10,0_12_10_4
155532,KN13-MUS-141,34432;41902,0_0_33_12_169_1_0_0_0_0_0,0,0_0,0_0_33,0_0_33_12
155533,KN13-MUS-143,34433;41903,0_0_33_12_89_4_0_0_0_0_0,0,0_0,0_0_33,0_0_33_12
155534,KN13-MUS-145,34434;41904,1_1_17_4_28_0_0_0_0_0_0,1,1_1,1_1_17,1_1_17_4
155535,KN13-MUS-180,34435;41905,0_0_47_6_3_1_0_0_0_0_0,0,0_0,0_0_47,0_0_47_6
155536,KN13-MUS-197,34436;41906;45013,0_0_23_3_4_0_0_0_0_0_0,0,0_0,0_0_23,0_0_23_3
155537,KN13-MUS-200,34437;41907,0_0_33_12_89_5_0_0_0_0_0,0,0_0,0_0_33,0_0_33_12
155538,KN13-MUS-202,41798,0_0_47_6_36_0_0_0_0_0_0,0,0_0,0_0_47,0_0_47_6
155539,15MUS-GQ003,41799;45014,57_0_0_1_1_0_0_0_0_0_0,57,57_0,57_0_0,57_0_0_1
155540,15MUS-GQ005,41800,0_2_94_0_0_0_0_0_0_0_0,0,0_2,0_2_94,0_2_94_0
155541,15MUS-GQ006,34438;34440;34441;41908;41910;41911,0_16_0_1_44_0_0_0_0_0_0,0,0_16,0_16_0,0_16_0_1
155542,15MUS-GQ007,34439;40593;41909,0_0_47_6_27_0_0_0_0_0_0,0,0_0,0_0_47,0_0_47_6
155543,15MUS-GQ009-1,34440;41910,0_16_0_1_44_0_0_0_0_0_0,0,0_16,0_16_0,0_16_0_1
155544,15MUS-GQ009-2,34441;41911,0_16_0_1_44_0_0_0_0_0_0,0,0_16,0_16_0,0_16_0_1
155545,15MUS-GQ040,41801,1_15_1_1_0_0_0_0_0_0_0,1,1_15,1_15_1,1_15_1_1
155546,15MUS-GQ047,41802;45015,0_31_1_0_0_0_0_0_0_0_0,0,0_31,0_31_1,0_31_1_0
155547,15MUS-GQ049,34442;41912,0_18_24_0_1_0_0_0_0_0_0,0,0_18,0_18_24,0_18_24_0
155548,15MUS-GQ053,34443;41913,0_16_0_1_6_7_0_0_0_0_0,0,0_16,0_16_0,0_16_0_1
155549,15MUS-GQ151,41803;45016,1_7_2_0_0_0_0_0_0_0_0,1,1_7,1_7_2,1_7_2_0
155550,14MUS-JO004,41804,1_1_27_25_0_0_0_0_0_0_0,1,1_1,1_1_27,1_1_27_25
155551,14MUS-JO006,34444;41207;41914,0_0_33_12_393_0_0_0_0_0_0,0,0_0,0_0_33,0_0_33_12
155552,14MUS-JO009,41805,0_0_25_0_5_0_0_0_0_0_0,0,0_0,0_0_25,0_0_25_0
155553,14MUS-JO011,34445;41915,0_0_33_12_194_1_0_0_0_0_0,0,0_0,0_0_33,0_0_33_12
155554,14MUS-JO015,41806,0_0_33_12_409_0_0_0_0_0_0,0,0_0,0_0_33,0_0_33_12
155555,14MUS-JO017,41807,1_1_74_0_0_0_0_0_0_0_0,1,1_1,1_1_74,1_1_74_0
155556,14MUS-JO020,34446;41916,0_0_36_1_1_1_0_0_0_0_0,0,0_0,0_0_36,0_0_36_1
155557,14MUS-JO027,34447;41917,0_0_33_12_194_1_0_0_0_1_0,0,0_0,0_0_33,0_0_33_12
155558,14MUS-JO028,41808,1_1_17_4_40_0_0_0_0_0_0,1,1_1,1_1_17,1_1_17_4
155559,14MUS-JO029,41809,0_2_72_1_0_0_0_0_0_0_0,0,0_2,0_2_72,0_2_72_1
155560,14MUS-JO030,34448;41918,0_0_33_12_394_0_0_0_0_0_0,0,0_0,0_0_33,0_0_33_12
155561,14MUS-JO033,34449;41919,0_0_33_12_89_6_0_0_0_0_0,0,0_0,0_0_33,0_0_33_12
155562,14MUS-JO037,34450;41920,0_0_33_12_372_0_0_0_0_0_0,0,0_0,0_0_33,0_0_33_12
155563,14MUS-JO038,34451;41921;45017,0_0_28_1_3_0_0_0_0_0_0,0,0_0,0_0_28,0_0_28_1
155564,14MUS-JO040,34452;40594;41922,0_0_36_1_12_0_0_0_0_0_0,0,0_0,0_0_36,0_0_36_1
155565,14MUS-JO041,34453;41349;41923;45018,0_0_23_2_16_0_0_0_0_0_0,0,0_0,0_0_23,0_0_23_2
155566,14MUS-JO045,34454;41924,0_0_33_47_3_0_0_0_0_0_0,0,0_0,0_0_33,0_0_33_47
155567,14MUS-JO055,41810,1_1_17_4_39_0_0_0_0_0_0,1,1_1,1_1_17,1_1_17_4
155568,14MUS-JO060,34455;41925;45019,0_0_28_1_2_0_0_0_0_0_0,0,0_0,0_0_28,0_0_28_1
155569,14MUS-JO064,34456;41926,0_0_33_12_378_0_0_0_0_0_0,0,0_0,0_0_33,0_0_33_12
155570,14MUS-JO066,34457;41927,0_0_33_12_373_0_0_0_0_0_0,0,0_0,0_0_33,0_0_33_12
155571,14MUS-JO067,34458;41928,0_0_33_12_367_0_0_0_0_0_0,0,0_0,0_0_33,0_0_33_12
155572,14MUS-JO068,34459;41929,0_0_33_12_389_0_0_0_0_0_0,0,0_0,0_0_33,0_0_33_12
155573,14MUS-JO076,34460;41930,1_1_17_21_1_1_0_0_0_0_0,1,1_1,1_1_17,1_1_17_21
155574,14MUS-JO077,34461;41208;41931,0_2_0_1_0_175_0_0_0_0_0,0,0_2,0_2_0,0_2_0_1
155575,14MUS-JO078,34462;41932,0_0_23_34_2_0_0_0_0_0_0,0,0_0,0_0_23,0_0_23_34
155576,14MUS-JO084,34463;41933,0_0_33_12_391_0_0_0_0_0_0,0,0_0,0_0_33,0_0_33_12
155577,20MUS-AH002,34464;41934,0_7_0_12_21_0_0_0_0_1_0,0,0_7,0_7_0,0_7_0_12
155578,20MUS-AH004,34465;41935,0_0_33_12_384_0_0_0_0_0_0,0,0_0,0_0_33,0_0_33_12
155579,20MUS-AH005,34466;41936,0_0_47_11_1_1_1_0_0_0_0,0,0_0,0_0_47,0_0_47_11
155580,20MUS-AH007,41811,0_0_47_6_34_0_0_0_0_0_0,0,0_0,0_0_47,0_0_47_6
155581,20MUS-AH008,34467;41937,0_0_47_11_1_7_2_0_0_0_0,0,0_0,0_0_47,0_0_47_11
155582,20MUS-AH010,41812;45020,0_2_93_0_0_0_0_0_0_0_0,0,0_2,0_2_93,0_2_93_0
155583,20MUS-AH011,34468;41938,0_0_47_11_1_10_1_0_1_0_0,0,0_0,0_0_47,0_0_47_11
155584,20MUS-AH012,34469;41209;41939,0_0_33_12_146_0_1_0_0_0_0,0,0_0,0_0_33,0_0_33_12
155585,20MUS-AH013,34470;41940,0_0_33_12_388_0_0_0_0_0_0,0,0_0,0_0_33,0_0_33_12
155586,20MUS-AH017,41813,0_0_33_12_411_0_0_0_0_0_0,0,0_0,0_0_33,0_0_33_12
155587,20MUS-AH021,41814,1_1_17_30_0_0_0_0_0_0_0,1,1_1,1_1_17,1_1_17_30
155588,20MUS-AH022,34471;41941,0_7_0_12_19_0_0_0_0_0_0,0,0_7,0_7_0,0_7_0_12
155589,20MUS-AH023,34472;34481;34482;34495;41942,0_7_0_12_13_0_1_0_0_0_0,0,0_7,0_7_0,0_7_0_12
155590,20MUS-AH027,21981;38811,0_23_0_3_0_0_0_0_0_0_0,0,0_23,0_23_0,0_23_0_3
155591,20MUS-AH030,21983;29690;34473,0_0_23_9_4_1_0_0_0_0_0,0,0_0,0_0_23,0_0_23_9
155592,20MUS-AH032,21984;29691,0_0_23_26_0_0_0_0_0_0_0,0,0_0,0_0_23,0_0_23_26
155593,20MUS-AH034,34474;41943,1_1_17_6_13_0_0_5_0_0_0,1,1_1,1_1_17,1_1_17_6
155594,20MUS-AH036,41815,1_1_17_29_0_0_0_0_0_0_0,1,1_1,1_1_17,1_1_17_29
155595,20MUS-AH037,34475;41944,0_0_33_12_379_0_0_0_0_0_0,0,0_0,0_0_33,0_0_33_12
155596,20MUS-AH039,34476;41210;41945,0_0_33_12_383_0_0_0_0_0_0,0,0_0,0_0_33,0_0_33_12
155597,20MUS-AH040,41816,0_16_0_1_49_0_0_0_0_0_0,0,0_16,0_16_0,0_16_0_1
155598,20MUS-AH042,41817,1_1_17_21_2_0_0_0_0_0_0,1,1_1,1_1_17,1_1_17_21
155599,20MUS-AH044-1,34477;41350;41946,0_2_71_0_0_0_0_1_2_0_0,0,0_2,0_2_71,0_2_71_0
155600,20MUS-AH044-2,34477;34478;41350;41351;41946;41947,0_2_71_0_0_0_0_1_2_0_0,0,0_2,0_2_71,0_2_71_0
155601,20MUS-AH045,34479;41948,0_7_0_12_20_0_0_0_0_0_0,0,0_7,0_7_0,0_7_0_12
155602,20MUS-AH052,34480;40595;41949,11_0_5_0_1_0_0_0_0_0_0,11,11_0,11_0_5,11_0_5_0
155603,20MUS-AH053,34481;39064;41950,0_7_0_12_13_0_1_0_0_0_0,0,0_7,0_7_0,0_7_0_12
155604,20MUS-AH054,34482;39065;41951,0_7_0_12_13_0_1_0_0_0_0,0,0_7,0_7_0,0_7_0_12
155605,20MUS-AH055,34483;41952,1_1_17_24_0_0_0_0_0_0_0,1,1_1,1_1_17,1_1_17_24
155606,20MUS-AH057,34484;41953,0_7_0_12_13_1_0_0_0_0_0,0,0_7,0_7_0,0_7_0_12
155607,20MUS-AH061,41818,1_1_17_13_4_0_0_0_0_0_0,1,1_1,1_1_17,1_1_17_13
155608,20MUS-AH063,41819,1_1_17_4_38_0_0_0_0_0_0,1,1_1,1_1_17,1_1_17_4
155609,20MUS-AH065,34485;40596;41954,1_1_27_7_0_2_0_0_0_1_0,1,1_1,1_1_27,1_1_27_7
155610,20MUS-AH067,34486;34515;41352;41354;41955,1_1_27_14_1_0_0_0_0_0_0,1,1_1,1_1_27,1_1_27_14
155611,20MUS-AH074,34487;41956,0_2_71_0_0_0_0_1_0_0_0,0,0_2,0_2_71,0_2_71_0
155612,20MUS-AH080,34488;41957,0_0_47_11_1_7_0_0_0_0_0,0,0_0,0_0_47,0_0_47_11
155613,20MUS-AH081,34489;41958,1_1_17_6_13_16_0_0_0_0_0,1,1_1,1_1_17,1_1_17_6
155614,20MUS-AH083,34490;41959,0_7_0_12_21_0_0_0_0_0_0,0,0_7,0_7_0,0_7_0_12
155615,20MUS-AH084,34491;34507;40597;40598;41960,1_1_27_7_0_2_0_0_0_0_0,1,1_1,1_1_27,1_1_27_7
155616,20MUS-AH085-1,34492;41961,0_0_47_11_12_0_0_0_0_0_0,0,0_0,0_0_47,0_0_47_11
155617,20MUS-AH085-2,34492;41961,0_0_47_11_12_0_0_0_0_0_0,0,0_0,0_0_47,0_0_47_11
155618,20MUS-AH095,41820;45021,1_1_27_18_1_1_0_0_0_0_0,1,1_1,1_1_27,1_1_27_18
155619,20MUS-AH096,34493;41962,0_2_71_0_0_0_1_0_0_0_0,0,0_2,0_2_71,0_2_71_0
155620,20MUS-AH098-1,41821,11_0_0_1_1_0_0_0_0_0_0,11,11_0,11_0_0,11_0_0_1
155621,20MUS-AH098-2,41821;41822,11_0_0_1_1_0_0_0_0_0_0,11,11_0,11_0_0,11_0_0_1
155622,20MUS-AH103,41823,0_2_21_0_19_0_0_0_0_0_0,0,0_2,0_2_21,0_2_21_0
155623,20MUS-AH104,41824,1_1_17_32_0_0_0_0_0_0_0,1,1_1,1_1_17,1_1_17_32
155624,20MUS-AH105,34494;41963,0_7_0_12_15_1_0_0_0_0_0,0,0_7,0_7_0,0_7_0_12
155625,20MUS-AH108,34495;41964,0_7_0_12_13_0_1_0_0_0_0,0,0_7,0_7_0,0_7_0_12
155626,20MUS-AH110-1,41825,0_23_0_4_0_0_0_0_0_0_0,0,0_23,0_23_0,0_23_0_4
155627,20MUS-AH110-2,41825,0_23_0_4_0_0_0_0_0_0_0,0,0_23,0_23_0,0_23_0_4
155628,20MUS-AH112,41826,0_0_47_32_0_0_0_0_0_0_0,0,0_0,0_0_47,0_0_47_32
155629,20MUS-AH114,34496,0_0_47_11_10_0_0_0_1_0_0,0,0_0,0_0_47,0_0_47_11
155630,20MUS-AH117,34497;41965,0_0_33_12_395_0_0_0_0_0_0,0,0_0,0_0_33,0_0_33_12
155631,20MUS-AH121,41827;45022,0_16_0_22_0_0_0_0_0_0_0,0,0_16,0_16_0,0_16_0_22
155632,20MUS-AH122,41828,0_0_33_12_413_0_0_0_0_0_0,0,0_0,0_0_33,0_0_33_12
155633,20MUS-AH124,34498;41211;41966;45023,0_0_33_12_382_0_0_0_0_0_0,0,0_0,0_0_33,0_0_33_12
155634,20MUS-AH125,34499;41353;41967,0_7_0_12_25_0_0_0_0_0_0,0,0_7,0_7_0,0_7_0_12
155635,20MUS-AH127,34500;41968,0_0_47_11_1_8_2_0_0_0_0,0,0_0,0_0_47,0_0_47_11
155636,20MUS-AH129,34501;41969,0_2_1_0_574_1_0_0_0_0_0,0,0_2,0_2_1,0_2_1_0
155637,20MUS-AH135,34502;41970,1_1_27_7_4_0_0_0_0_0_0,1,1_1,1_1_27,1_1_27_7
155638,20MUS-AH138,34503,0_0_47_11_10_0_0_0_0_0_0,0,0_0,0_0_47,0_0_47_11
155639,20MUS-AH139,34504;41971,1_1_27_16_0_0_0_0_0_0_0,1,1_1,1_1_27,1_1_27_16
155640,20MUS-AH141,41829,1_1_27_23_0_0_0_0_0_0_0,1,1_1,1_1_27,1_1_27_23
155641,20MUS-AH143,34505;41972,0_0_23_9_0_4_0_0_0_0_0,0,0_0,0_0_23,0_0_23_9
155642,20MUS-AH144,41830,1_1_75_0_0_0_0_0_0_0_0,1,1_1,1_1_75,1_1_75_0
155643,20MUS-AH145,34506;41973,0_7_0_12_23_0_0_0_0_0_0,0,0_7,0_7_0,0_7_0_12
155644,20MUS-AH146,34507;40598;41974,1_1_27_7_0_2_0_0_0_0_0,1,1_1,1_1_27,1_1_27_7
155645,20MUS-AH148,34508;41975,0_0_33_12_283_0_1_0_0_0_0,0,0_0,0_0_33,0_0_33_12
155646,21MUS-AH003,34509;41976,0_0_33_12_381_0_0_0_0_0_0,0,0_0,0_0_33,0_0_33_12
155647,21MUS-AH004,34510;41977,1_1_17_13_3_0_0_0_0_0_0,1,1_1,1_1_17,1_1_17_13
155648,21MUS-AH008,34511;41978;45024,1_1_27_18_1_0_0_0_0_0_0,1,1_1,1_1_27,1_1_27_18
155649,21MUS-AH010,34512;41979,0_0_47_11_1_0_2_0_0_0_0,0,0_0,0_0_47,0_0_47_11
155650,21MUS-AH012,34513;34548;41980;42013,0_12_6_4_2_0_0_0_0_0_0,0,0_12,0_12_6,0_12_6_4
155651,21MUS-AH016,34514;41981,1_1_17_4_30_0_0_0_0_0_0,1,1_1,1_1_17,1_1_17_4
155652,21MUS-AH017,41831,0_0_33_12_412_0_0_0_0_0_0,0,0_0,0_0_33,0_0_33_12
155653,21MUS-AH018,41832,0_2_92_0_0_0_0_0_0_0_0,0,0_2,0_2_92,0_2_92_0
155654,21MUS-AH021-R,21989,0_2_21_0_14_0_0_1_0_0_0,0,0_2,0_2_21,0_2_21_0
155655,21MUS-AH022,34498;41211;41966;45023,0_0_33_12_382_0_0_0_0_0_0,0,0_0,0_0_33,0_0_33_12
155656,21MUS-AH024,34515;41354;41982,1_1_27_14_1_0_0_0_0_0_0,1,1_1,1_1_27,1_1_27_14
155657,21MUS-AH025,41833,11_0_5_2_0_0_0_0_0_0_0,11,11_0,11_0_5,11_0_5_2
155658,21MUS-AH027,34516;41983,0_2_71_0_0_0_0_1_1_0_0,0,0_2,0_2_71,0_2_71_0
155659,21MUS-AH028,34517;41984,0_0_26_3_193_0_0_0_0_0_0,0,0_0,0_0_26,0_0_26_3
155660,21MUS-AH031,34518;40599;41985,0_0_47_11_1_8_0_0_0_0_0,0,0_0,0_0_47,0_0_47_11
155661,21MUS-AH036,34519;41986,0_0_47_11_1_8_1_0_0_0_0,0,0_0,0_0_47,0_0_47_11
155662,21MUS-AH039,34520;41987,1_1_17_17_1_0_0_0_0_0_0,1,1_1,1_1_17,1_1_17_17
155663,21MUS-AH042,34521;41988,1_1_27_15_2_0_0_0_0_0_0,1,1_1,1_1_27,1_1_27_15
155665,21MUS-AH052,34522;41989,0_0_33_12_381_0_0_0_0_0_0,0,0_0,0_0_33,0_0_33_12
155666,21MUS-AH053,34523;41990,0_2_71_0_0_0_0_1_0_0_0,0,0_2,0_2_71,0_2_71_0
155667,21MUS-AH055,34524;41212;41991,0_18_23_2_0_1_0_0_0_0_0,0,0_18,0_18_23,0_18_23_2
155668,21MUS-AH056,41834,0_0_47_6_35_0_0_0_0_0_0,0,0_0,0_0_47,0_0_47_6
155669,21MUS-AH057,34525;41992,0_7_0_12_24_0_0_0_0_0_0,0,0_7,0_7_0,0_7_0_12
155670,21MUS-AH061,34526;41993,1_1_17_6_13_0_0_4_0_0_0,1,1_1,1_1_17,1_1_17_6
155671,21MUS-AH065,41835;45025,0_0_108_0_0_0_0_0_0_0_0,0,0_0,0_0_108,0_0_108_0
155672,21MUS-AH071,34527;41994,0_0_63_0_2_0_1_0_0_0_0,0,0_0,0_0_63,0_0_63_0
155673,21MUS-AH072,34527;41994,0_0_63_0_2_0_1_0_0_0_0,0,0_0,0_0_63,0_0_63_0
155674,21MUS-AH073,34528;41995,0_7_0_12_22_0_0_0_0_0_0,0,0_7,0_7_0,0_7_0_12
155675,21MUS-AH074,34529;41996,0_0_36_1_3_2_0_0_0_0_0,0,0_0,0_0_36,0_0_36_1
155676,21MUS-AH077,41836,0_0_33_189_0_0_0_0_0_0_0,0,0_0,0_0_33,0_0_33_189
155677,21MUS-AH078,34530;41997,1_1_27_7_0_1_0_0_0_0_0,1,1_1,1_1_27,1_1_27_7
155678,21MUS-AH084,41837,0_0_47_30_0_0_0_0_0_0_0,0,0_0,0_0_47,0_0_47_30
155679,21MUS-AH090,34531;41355;41998,0_7_0_34_0_0_0_0_0_0_0,0,0_7,0_7_0,0_7_0_34
155680,21MUS-AH091,34532;41999,0_0_47_6_30_0_0_0_0_0_0,0,0_0,0_0_47,0_0_47_6
155681,21MUS-AH093,34533;42000,0_0_47_11_1_6_0_0_0_0_0,0,0_0,0_0_47,0_0_47_11
155682,21MUS-AH095,34534;42001,0_7_0_12_13_0_1_0_1_0_0,0,0_7,0_7_0,0_7_0_12
155683,21MUS-AH098,41838,0_0_23_9_5_0_0_0_0_0_0,0,0_0,0_0_23,0_0_23_9
155684,21MUS-AH100,41839,0_0_47_31_0_0_0_0_0_0_0,0,0_0,0_0_47,0_0_47_31
155685,21MUS-AH101,41840,0_0_33_12_410_0_0_0_0_0_0,0,0_0,0_0_33,0_0_33_12
155686,21MUS-AH105-R,34535,1_1_17_17_0_0_1_1_0_1_0,1,1_1,1_1_17,1_1_17_17
155687,21MUS-AH106,34536;42002,0_7_0_12_13_0_1_0_0_1_0,0,0_7,0_7_0,0_7_0_12
155688,21MUS-AH109,34537;42003,0_0_47_11_1_10_1_0_0_0_0,0,0_0,0_0_47,0_0_47_11
155689,21MUS-AH111,34538,0_0_23_9_4_0_0_0_0_0_0,0,0_0,0_0_23,0_0_23_9
155690,21MUS-AH113,34539;42004,0_0_33_12_396_0_0_0_0_0_0,0,0_0,0_0_33,0_0_33_12
155691,21MUS-AH114,34540;40600;42005,1_1_27_7_0_3_0_0_0_0_0,1,1_1,1_1_27,1_1_27_7
155692,21MUS-AH115,41841,0_0_33_191_0_0_0_0_0_0_0,0,0_0,0_0_33,0_0_33_191
155693,21MUS-AH119,41222;42006,0_0_47_6_30_0_0_1_0_0_0,0,0_0,0_0_47,0_0_47_6
155694,21MUS-AH122,34541;42007,0_0_63_0_3_0_0_0_0_0_0,0,0_0,0_0_63,0_0_63_0
155695,21MUS-AH125,34542,0_2_21_0_14_0_0_0_0_0_0,0,0_2,0_2_21,0_2_21_0
155696,21MUS-AH126,34543;42008,1_1_17_4_29_0_0_0_0_0_0,1,1_1,1_1_17,1_1_17_4
155697,21MUS-AH127,41842,0_2_71_0_6_0_0_0_0_0_0,0,0_2,0_2_71,0_2_71_0
155698,21MUS-AH130,34544;42009,0_7_0_12_13_0_2_0_0_0_0,0,0_7,0_7_0,0_7_0_12
155699,21MUS-AH131,34545;40601;42010,0_0_47_11_1_5_0_0_0_0_0,0,0_0,0_0_47,0_0_47_11
155701,21MUS-AH133,21994,0_7_0_12_15_0_0_0_0_0_0,0,0_7,0_7_0,0_7_0_12
155702,21MUS-AH134,34546;42011,0_7_0_12_21_1_0_0_0_0_0,0,0_7,0_7_0,0_7_0_12
155703,21MUS-AH136,34547;42012,0_7_0_12_13_0_1_1_0_0_0,0,0_7,0_7_0,0_7_0_12
155704,21MUS-AH137,41843,0_2_71_0_5_0_0_0_0_0_0,0,0_2,0_2_71,0_2_71_0
155705,21MUS-AH138,34548;42013,0_12_6_4_2_0_0_0_0_0_0,0,0_12,0_12_6,0_12_6_4
155706,21MUS-AH139,34509;34522;34549;41976;42014,0_0_33_12_381_0_0_0_0_0_0,0,0_0,0_0_33,0_0_33_12
155707,21MUS-AH140,34550;42015,0_7_0_12_13_0_1_0_0_2_0,0,0_7,0_7_0,0_7_0_12
155710,21MUS-AH148,34551;42016,0_0_47_11_1_9_0_0_0_0_0,0,0_0,0_0_47,0_0_47_11
155711,21MUS-AH150,41844,0_0_33_190_0_0_0_0_0_0_0,0,0_0,0_0_33,0_0_33_190
155712,21MUS-AH151,34552;42017,0_2_71_0_0_0_1_0_0_1_0,0,0_2,0_2_71,0_2_71_0
155714,21MUS-AH153-2,41845,0_2_1_0_689_0_0_0_0_0_0,0,0_2,0_2_1,0_2_1_0
155718,21MUS-AH164,34553;42018,0_0_33_12_374_0_0_0_0_0_0,0,0_0,0_0_33,0_0_33_12
155719,21MUS-AH165,34554,1_1_17_17_0_0_0_0_1_1_0,1,1_1,1_1_17,1_1_17_17
155720,21MUS-AH166,21996,0_0_47_11_1_3_0_0_0_0_0,0,0_0,0_0_47,0_0_47_11
155722,21MUS-AH168,34555;42019,0_0_25_0_4_0_0_0_0_0_0,0,0_0,0_0_25,0_0_25_0
155723,21MUS-AH169-1,34556;40602;42020,0_7_0_12_21_0_0_0_0_0_0,0,0_7,0_7_0,0_7_0_12
155725,21MUS-AH171,41846,1_1_27_15_3_0_0_0_0_0_0,1,1_1,1_1_27,1_1_27_15
155726,21MUS-AH174,34557;42021,0_7_0_12_21_0_0_0_0_0_0,0,0_7,0_7_0,0_7_0_12
155728,21MUS-AH183,34558;41356;42022,0_7_0_12_18_0_0_0_0_0_0,0,0_7,0_7_0,0_7_0_12
155729,21MUS-AH185,41847,1_1_27_15_4_0_0_0_0_0_0,1,1_1,1_1_27,1_1_27_15
155730,21MUS-AH187,34559;42023,1_1_17_6_13_17_0_0_0_0_0,1,1_1,1_1_17,1_1_17_6
155733,21MUS-AH195,34560;42024,0_2_71_0_0_3_0_0_0_0_0,0,0_2,0_2_71,0_2_71_0
155734,21MUS-AH196,34561;41357;42025,1_1_17_4_31_0_0_0_0_0_0,1,1_1,1_1_17,1_1_17_4
155735,21MUS-AH198,34562;42026,0_7_0_12_15_2_0_0_0_0_0,0,0_7,0_7_0,0_7_0_12
155738,21MUS-AH202,34563;42027,0_0_36_1_13_0_0_0_0_0_0,0,0_0,0_0_36,0_0_36_1
155741,21MUS-AH205,34564;40603;42028,0_0_23_42_0_0_0_0_0_0_0,0,0_0,0_0_23,0_0_23_42
155742,21MUS-AH209,34565;41358;42029,0_0_11_1_4_0_0_0_0_0_0,0,0_0,0_0_11,0_0_11_1
155743,21MUS-AH210,34566;42030;45026,0_0_23_41_1_0_0_0_0_0_0,0,0_0,0_0_23,0_0_23_41
155744,21MUS-AH216,41848,0_0_33_12_414_0_0_0_0_0_0,0,0_0,0_0_33,0_0_33_12
155748,21MUS-AH223-2,34567;42031,0_0_33_12_397_0_0_0_0_0_0,0,0_0,0_0_33,0_0_33_12
155749,15MUS-PI001,34568;42032,0_0_47_6_26_0_0_0_0_0_0,0,0_0,0_0_47,0_0_47_6
155750,15MUS-PI002,34569;42033,0_0_47_11_1_10_1_0_2_0_0,0,0_0,0_0_47,0_0_47_11
155751,15MUS-PI003,34570;42034,0_0_47_6_31_0_0_0_0_0_0,0,0_0,0_0_47,0_0_47_6
155752,15MUS-PI004,34571;42035,0_0_33_12_387_0_0_0_0_0_0,0,0_0,0_0_33,0_0_33_12
155753,15MUS-PI005-WGS,34572;42036,1_1_27_2_0_1_0_0_0_0_0,1,1_1,1_1_27,1_1_27_2
155754,15MUS-PI006,34573;41213;42037,0_0_33_12_343_0_0_0_0_1_0,0,0_0,0_0_33,0_0_33_12
155755,15MUS-PI007,34574;41359;42038,0_0_36_1_14_0_0_0_0_0_0,0,0_0,0_0_36,0_0_36_1
155756,15MUS-PI011,34575;42039;45027,0_0_23_3_6_0_0_0_0_0_0,0,0_0,0_0_23,0_0_23_3
155757,15MUS-PI016,34576;42040,0_0_33_12_89_2_1_0_0_0_0,0,0_0,0_0_33,0_0_33_12
155758,20MUS-AH109,34577;42041,0_7_0_12_21_2_0_0_0_0_0,0,0_7,0_7_0,0_7_0_12
155759,15MUS-PI020,41223;42042,1_1_17_4_32_0_0_0_0_0_0,1,1_1,1_1_17,1_1_17_4
155760,15MUS-PI025,34578;42043,0_0_25_0_3_0_0_0_0_0_0,0,0_0,0_0_25,0_0_25_0
155761,15MUS-PI026,34579;42044,0_0_47_11_1_0_3_0_0_0_0,0,0_0,0_0_47,0_0_47_11
155762,15MUS-PI029,34580;42045,0_0_33_12_375_0_0_0_0_0_0,0,0_0,0_0_33,0_0_33_12
155763,15MUS-PI030,34581;40604;42046,0_0_33_12_370_0_0_0_0_0_0,0,0_0,0_0_33,0_0_33_12
155764,15MUS-PI036,41849,0_18_22_4_2_0_0_0_0_0_0,0,0_18,0_18_22,0_18_22_4
155767,15MUS-PI048,34582;42047,0_0_33_12_310_0_1_0_0_0_0,0,0_0,0_0_33,0_0_33_12
155768,15MUS-PI056,34583;42048,0_0_33_12_390_0_0_0_0_0_0,0,0_0,0_0_33,0_0_33_12
155769,15MUS-PI063-WGS,41850,1_3_1_1_0_0_0_0_0_0_0,1,1_3,1_3_1,1_3_1_1
155770,15MUS-PI064,34584;42049;45028,0_0_23_3_5_1_0_0_0_0_0,0,0_0,0_0_23,0_0_23_3
155772,15MUS-PI066,34585;42050,1_1_17_4_27_0_0_0_0_0_0,1,1_1,1_1_17,1_1_17_4
155773,15MUS-PI067,34586;42051,0_0_33_12_380_0_0_0_0_0_0,0,0_0,0_0_33,0_0_33_12
155774,15MUS-PI068,41851,1_1_27_24_0_0_0_0_0_0_0,1,1_1,1_1_27,1_1_27_24
155775,15MUS-PI076,34587;42052,0_0_33_12_377_0_0_0_0_0_0,0,0_0,0_0_33,0_0_33_12
155776,15MUS-PI077,34588;42053,0_0_33_12_385_0_0_0_0_0_0,0,0_0,0_0_33,0_0_33_12
155777,15MUS-PI078,34589;42054,0_2_21_0_7_0_1_0_0_0_0,0,0_2,0_2_21,0_2_21_0
155778,15MUS-PI080,41852,1_2_3_0_0_0_0_0_0_0_0,1,1_2,1_2_3,1_2_3_0
155779,15MUS-PI082,34590;42055,0_0_47_11_1_7_2_0_1_0_0,0,0_0,0_0_47,0_0_47_11
155780,15MUS-PI089,34591;42056,0_0_36_1_3_1_0_1_0_0_0,0,0_0,0_0_36,0_0_36_1
155781,15MUS-PI091-WGS,34592;41214;42057,1_1_52_0_1_0_0_0_0_0_0,1,1_1,1_1_52,1_1_52_0
155782,15MUS-PI092-WGS,34593;42058,1_1_27_6_16_0_0_0_0_0_0,1,1_1,1_1_27,1_1_27_6
155783,15MUS-PI093,34594;42059,0_0_47_6_13_1_0_0_0_0_0,0,0_0,0_0_47,0_0_47_6
155784,15MUS-PI095,34595;40605;42060,1_1_27_6_17_0_0_0_0_0_0,1,1_1,1_1_27,1_1_27_6
155785,15MUS-PI097,41853,1_1_17_31_0_0_0_0_0_0_0,1,1_1,1_1_17,1_1_17_31
155787,15MUS-PI099,34596;42061,0_16_0_1_6_0_2_0_0_0_0,0,0_16,0_16_0,0_16_0_1
155788,15MUS-PI100,34597;42062,0_0_33_12_369_0_0_0_0_0_0,0,0_0,0_0_33,0_0_33_12
155789,15MUS-PI103,34598;42063,0_0_47_11_1_7_1_0_0_0_0,0,0_0,0_0_47,0_0_47_11
155791,15MUS-PI105,34599;42064;45029,0_0_36_1_7_0_1_0_0_0_0,0,0_0,0_0_36,0_0_36_1
155792,15MUS-PI107,34600;42065,1_1_27_8_0_0_0_0_0_1_0,1,1_1,1_1_27,1_1_27_8
155793,15MUS-PI110,34601;42066;45030,0_0_47_11_1_10_0_0_0_0_0,0,0_0,0_0_47,0_0_47_11
155794,15MUS-PI111,34602;42067;45031,0_0_23_4_1_0_0_0_0_0_0,0,0_0,0_0_23,0_0_23_4
155795,15MUS-PI112,34603;42068,0_0_33_180_0_0_0_0_0_0_0,0,0_0,0_0_33,0_0_33_180
155796,18MUS-KM003,41854,1_1_73_0_0_0_0_0_0_0_0,1,1_1,1_1_73,1_1_73_0
155797,18MUS-KM009,34604;42069,0_0_63_0_2_1_0_0_1_0_0,0,0_0,0_0_63,0_0_63_0
155798,18MUS-KM012,21969;34605,0_18_28_0_0_0_0_0_0_0_0,0,0_18,0_18_28,0_18_28_0
155799,18MUS-KM013,21970;29688,0_0_23_25_0_0_0_0_0_0_0,0,0_0,0_0_23,0_0_23_25
155801,18MUS-KM021,21972;29689,0_0_23_34_0_0_0_0_0_0_0,0,0_0,0_0_23,0_0_23_34
155802,18MUS-KM024,34606;42070,0_0_47_11_1_0_0_0_1_0_0,0,0_0,0_0_47,0_0_47_11
155803,18MUS-KM025,41855,0_0_33_12_408_0_0_0_0_0_0,0,0_0,0_0_33,0_0_33_12
155804,18MUS-KM026,34607;42071,0_0_33_12_392_0_0_0_0_0_0,0,0_0,0_0_33,0_0_33_12