id,isolate,region,year,'mtrR,NEIS1753(PenA),NG_23S,NG_gyrA,NG_parC,NG_ponA,NG_porB,ST(NG STAR),CC(NG STAR)
131095,GP-12-MUS-048,Gauteng Province,2012,1,3248,100,1,4,1,3,,
131096,GP-12-MUS-049,Gauteng Province,2012,10,23,100,100,89,100,100,,
131097,GP-12-MUS-052,Gauteng Province,2012,10,23,100,1,2,1,100,,
131098,GP-12-MUS-069,Gauteng Province,2012,10,294,100,100,100,100,3,157,42
131099,GP-12-MUS-071,Gauteng Province,2012,18,228,100,7,15,1,100,1632,1632
131100,GP-12-MUS-086,Gauteng Province,2012,10,294,100,100,2,100,13,269,42
131101,GP-12-MUS-088,Gauteng Province,2012,18,228,100,7,15,1,100,1632,1632
131102,GP-12-MUS-092,Gauteng Province,2012,10,23,100,100,89,100,100,,
131103,GP-12-MUS-093,Gauteng Province,2012,10,294,100,100,2,100,13,269,42
131104,GP-12-MUS-096,Gauteng Province,2012,10,23,100,100,89,1,3,,
131105,GP-12-MUS-099,Gauteng Province,2012,171,294,100,1,100,100,3,,
131106,GP-12-MUS-102,Gauteng Province,2012,10,23,100,1,102,100,3,1930,1771
131107,GP-12-MUS-107,Gauteng Province,2012,62,294,100,1,4,100,3,,
131108,GP-12-MUS-109,Gauteng Province,2012,10,166,100,1,100,100,100,,
131109,GP-12-MUS-110,Gauteng Province,2012,695,228,100,7,15,1,100,,
131110,GP-12-MUS-115,Gauteng Province,2012,696,23,100,1,4,1,13,,
131111,GP-12-MUS-116,Gauteng Province,2012,10,20,100,1,4,100,100,,
131112,GP-12-MUS-117,Gauteng Province,2012,1,228,100,100,2,1,8,,
131113,GP-12-MUS-124,Gauteng Province,2012,18,228,100,7,15,1,100,1632,1632
131114,GP-12-MUS-137,Gauteng Province,2012,10,294,100,100,2,100,14,357,42
131115,GP-12-MUS-163,Gauteng Province,2012,18,228,100,7,15,1,100,1632,1632
131116,GP-12-MUS-166,Gauteng Province,2012,25,166,100,1,4,100,8,438,
131117,GP-12-MUS-170,Gauteng Province,2012,1,228,100,1,4,1,14,,
131118,GP-12-MUS-180,Gauteng Province,2012,697,294,100,100,2,100,13,,
131119,GP-12-MUS-190,Gauteng Province,2012,276,285,100,1,49,1,14,1943,1054
131120,GP-12-MUS-199,Gauteng Province,2012,10,23,100,1,4,1,100,1627,1771
131121,GP-12-MUS-205,Gauteng Province,2012,18,228,100,7,15,1,100,1632,1632
131122,GP-12-MUS-208,Gauteng Province,2012,18,228,100,7,15,1,13,1643,1096
131123,GP-12-MUS-211,Gauteng Province,2012,10,20,100,100,2,1,11,,
131124,GP-12-MUS-214,Gauteng Province,2012,10,23,100,1,4,1,100,1627,1771
131125,GP-12-MUS-220,Gauteng Province,2012,276,285,100,1,49,1,14,1943,1054
131126,GP-12-MUS-242,Gauteng Province,2012,,,100,,,,13,,
131127,GP-12-MUS-250,Gauteng Province,2012,10,294,100,100,2,100,13,269,42
131128,GP-12-MUS-251,Gauteng Province,2012,18,228,100,7,20,1,100,1628,1632
131129,GP-12-MUS-252,Gauteng Province,2012,1,166,100,100,2,100,8,,
131130,GP-12-MUS-264,Gauteng Province,2012,69,285,100,1,22,1,100,1496,958
131131,GP-12-MUS-273,Gauteng Province,2012,38,228,100,7,15,1,13,1096,1096
131132,GP-12-MUS-276,Gauteng Province,2012,18,228,100,7,15,1,100,1632,1632
131133,GP-12-MUS-283,Gauteng Province,2012,69,23,100,1,100,1,13,,
131134,GP-12-MUS-289,Gauteng Province,2012,38,228,100,7,15,1,19,,
131135,GP-12-MUS-291,Gauteng Province,2012,25,166,100,1,4,100,8,438,
131136,GP-12-MUS-297,Gauteng Province,2012,54,228,100,100,1,100,100,1645,20
131137,GP-12-MUS-303,Gauteng Province,2012,698,228,100,100,1,100,100,,
131138,GP-12-MUS-307,Gauteng Province,2012,18,228,100,7,15,1,100,1632,1632
131139,GP-12-MUS-311,Gauteng Province,2012,10,166,100,100,1,1,100,5208,
131140,GP-12-MUS-312,Gauteng Province,2012,18,228,100,7,15,1,100,1632,1632
131141,GP-12-MUS-317,Gauteng Province,2012,69,285,100,1,22,1,100,1496,958
131142,GP-12-MUS-319,Gauteng Province,2012,10,23,100,1,4,1,100,1627,1771
131143,GP-12-MUS-324,Gauteng Province,2012,25,166,100,1,4,100,14,,
131144,GP-12-MUS-325,Gauteng Province,2012,10,294,100,100,2,100,13,269,42
131145,GP-12-MUS-331,Gauteng Province,2012,18,228,100,7,55,1,100,1625,1632
131146,GP-12-MUS-333,Gauteng Province,2012,54,166,100,1,4,1,100,,
131147,GP-12-MUS-337,Gauteng Province,2012,18,228,100,7,15,1,100,1632,1632
131148,GP-12-MUS-339,Gauteng Province,2012,18,228,100,7,15,1,100,1632,1632
131149,GP-12-MUS-356,Gauteng Province,2012,383,285,100,1,22,1,3,,
131150,GP-12-MUS-358,Gauteng Province,2012,383,285,100,1,22,1,3,,
131151,GP-12-MUS-361,Gauteng Province,2012,10,166,100,1,4,100,100,,
131152,GP-12-MUS-363,Gauteng Province,2012,54,23,100,1,4,100,100,577,1771
131153,GP-12-MUS-368,Gauteng Province,2012,18,228,100,7,15,1,100,1632,1632
131154,GP-12-MUS-371,Gauteng Province,2012,18,228,100,7,15,1,100,1632,1632
131155,GP-13-MUS-001,Gauteng Province,2013,18,228,100,100,2,1,14,,
131156,GP-13-MUS-015,Gauteng Province,2013,503,285,100,1,49,1,14,,
131157,GP-13-MUS-032,Gauteng Province,2013,18,228,100,7,205,1,100,,
131158,GP-13-MUS-044,Gauteng Province,2013,171,228,100,7,15,1,100,,
131159,GP-13-MUS-047,Gauteng Province,2013,69,285,100,1,22,1,13,1543,958
131160,GP-13-MUS-051,Gauteng Province,2013,503,285,100,1,49,1,14,,
131161,GP-13-MUS-052,Gauteng Province,2013,503,285,100,1,49,1,3,,
131162,GP-13-MUS-053,Gauteng Province,2013,18,228,100,7,26,1,100,,
131163,GP-13-MUS-067,Gauteng Province,2013,699,285,100,1,22,1,13,,
131164,GP-13-MUS-068,Gauteng Province,2013,54,228,100,100,1,100,100,1645,20
131165,GP-13-MUS-070,Gauteng Province,2013,18,228,100,7,15,1,100,1632,1632
131166,GP-13-MUS-073,Gauteng Province,2013,700,294,100,100,7,100,100,,
131167,GP-13-MUS-076,Gauteng Province,2013,10,23,100,1,4,1,19,,
131168,GP-13-MUS-077,Gauteng Province,2013,18,228,100,7,15,1,100,1632,1632
131169,GP-13-MUS-080,Gauteng Province,2013,197,294,100,100,2,100,3,,
131170,GP-13-MUS-081,Gauteng Province,2013,10,294,100,100,2,100,100,463,352
131171,GP-13-MUS-083,,2013,,,,,,,,,
131172,GP13-MUS-085,Gauteng Province,2013,18,228,100,7,15,1,100,1632,1632
131173,GP13-MUS-086,Gauteng Province,2013,54,228,100,100,1,100,100,1645,20
131174,GP13-MUS-088,Gauteng Province,2013,18,228,100,7,15,1,100,1632,1632
131175,GP-13-MUS-096,Gauteng Province,2013,10,23,100,100,89,100,8,,
131176,GP-13-MUS-099,Gauteng Province,2013,18,228,100,7,15,1,100,1632,1632
131177,GP-13-MUS-103,Gauteng Province,2013,10,287,100,1,4,100,3,,
131178,GP-13-MUS-105,Gauteng Province,2013,54,515,100,100,2,100,100,1749,1958
131179,GP-13-MUS-107,Gauteng Province,2013,10,23,100,1,102,100,3,1930,1771
131180,GP-13-MUS-109,Gauteng Province,2013,386,23,100,32,4,1,100,3430,
131181,GP-13-MUS-116,Gauteng Province,2013,10,294,100,100,2,100,13,269,42
131182,GP-13-MUS-120,Gauteng Province,2013,10,23,100,1,4,1,100,1627,1771
131183,GP-13-MUS-121,Gauteng Province,2013,18,228,,7,4,1,100,,
131184,GP-13-MUS-129,Gauteng Province,2013,54,294,100,100,2,100,3,,
131185,GP-13-MUS-132,Gauteng Province,2013,701,23,100,100,89,100,100,,
131186,GP-13-MUS-133,Gauteng Province,2013,18,228,100,7,15,1,14,1304,1632
131187,GP-13-MUS-134,Gauteng Province,2013,10,294,100,100,7,100,100,352,352
131188,GP13-MUS-144,Gauteng Province,2013,69,23,100,100,2,100,100,1835,1958
131189,GP13-MUS-145,Gauteng Province,2013,54,228,100,100,1,100,100,1645,20
131190,GP13-MUS-152,Gauteng Province,2013,57,166,100,100,7,100,3,,
131191,GP13-MUS-177,Gauteng Province,2013,10,294,100,100,2,100,100,463,352
131192,GP13-MUS-179,Gauteng Province,2013,254,228,100,7,26,1,13,,
131193,GP13-MUS-187,Gauteng Province,2013,18,228,100,7,20,1,100,1628,1632
131194,GP13-MUS-189,Gauteng Province,2013,386,23,100,32,4,1,100,3430,
131195,GP13-MUS-190,Gauteng Province,2013,54,228,100,100,1,100,100,1645,20
131196,GP13-MUS-195,Gauteng Province,2013,254,228,100,7,26,1,13,,
131197,GP13-MUS-196,Gauteng Province,2013,69,285,100,1,22,1,13,1543,958
131198,GP13-MUS-203,Gauteng Province,2013,10,166,100,100,89,100,14,,
131199,GP13-MUS-206,Gauteng Province,2013,18,228,100,7,15,1,100,1632,1632
131200,GP13-MUS-208,Gauteng Province,2013,18,228,100,7,15,1,3,5205,1632
131201,GP13-MUS-210,Gauteng Province,2013,18,228,100,7,15,1,3,5205,1632
131202,GP13-MUS-213,Gauteng Province,2013,18,228,100,7,15,1,100,1632,1632
131203,GP13-MUS-215,Gauteng Province,2013,1,23,100,1,4,1,100,,
131204,GP13-MUS-218,Gauteng Province,2013,10,294,100,100,2,100,13,269,42
131205,GP13-MUS-225,Gauteng Province,2013,54,515,100,100,2,100,11,,
131206,GP13-MUS-231,Gauteng Province,2013,171,294,100,1,90,100,3,1758,
131207,GP-13-MUS-235,Gauteng Province,2013,700,294,100,100,100,100,11,,
131208,GP-13-MUS-236,Gauteng Province,2013,10,294,100,100,207,1,14,,
131209,GP-13-MUS-243,Gauteng Province,2013,18,228,100,7,15,1,100,1632,1632
131210,GP-13-MUS-244,Gauteng Province,2013,701,23,100,100,89,100,100,,
131211,GP-13-MUS-247,Gauteng Province,2013,10,294,100,100,100,100,3,157,42
131212,GP-13-MUS-253,Gauteng Province,2013,10,23,100,1,4,1,13,1624,1771
131213,GP-13-MUS-256,Gauteng Province,2013,18,228,100,7,1,1,100,,
131214,GP-13-MUS-257,Gauteng Province,2013,18,228,100,7,15,1,100,1632,1632
131215,GP-13-MUS-258,Gauteng Province,2013,702,228,100,7,15,1,100,,
131216,GP-13-MUS-269,Gauteng Province,2013,209,228,100,7,15,1,100,,
131217,GP-13-MUS-271,Gauteng Province,2013,54,23,100,100,1,100,3,,
131218,GP-13-MUS-272,Gauteng Province,2013,171,294,100,1,90,100,14,,
131219,GP-13-MUS-275,Gauteng Province,2013,10,23,100,1,4,1,100,1627,1771
131220,GP-13-MUS-276,Gauteng Province,2013,25,166,100,1,4,100,14,,
131221,GP-14-MUS-017,Gauteng Province,2014,1,294,100,100,2,1,100,162,139
131222,GP-14-MUS-032,Gauteng Province,2014,18,228,100,7,15,1,100,1632,1632
131223,GP-14-MUS-033,Gauteng Province,2014,19,287,100,7,8,1,23,3366,
131224,GP-14-MUS-034,Gauteng Province,2014,18,228,100,7,15,1,100,1632,1632
131225,GP-14-MUS-042,Gauteng Province,2014,18,228,100,7,15,1,100,1632,1632
131226,GP-14-MUS-052,Gauteng Province,2014,171,294,100,1,90,100,3,1758,
131227,GP-14-MUS-054,Gauteng Province,2014,10,23,100,1,4,1,13,1624,1771
131228,GP-14-MUS-057,Gauteng Province,2014,18,228,100,7,55,1,100,1625,1632
131229,GP-14-MUS-063,Gauteng Province,2014,69,23,100,100,2,100,100,1835,1958
131230,GP-14-MUS-064,Gauteng Province,2014,386,23,100,32,4,1,100,3430,
131231,GP-14-MUS-069,Gauteng Province,2014,25,166,100,1,4,100,8,438,
131232,GP-14-MUS-081,Gauteng Province,2014,54,515,100,100,2,100,17,,
131233,GP-14-MUS-082,Gauteng Province,2014,10,166,100,100,89,100,13,,
131234,GP-14-MUS-088,Gauteng Province,2014,65,23,100,1,4,100,100,,
131235,GP-14-MUS-092,Gauteng Province,2014,54,228,100,100,1,100,100,1645,20
131236,GP-14-MUS-094,Gauteng Province,2014,18,228,100,7,15,1,100,1632,1632
131237,GP-14-MUS-095,Gauteng Province,2014,1,266,100,1,3,1,11,90,90
131238,GP-14-MUS-099,Gauteng Province,2014,18,228,100,7,15,1,100,1632,1632
131239,GP-14-MUS-103,Gauteng Province,2014,18,228,100,7,15,1,100,1632,1632
131240,GP-14-MUS-105,Gauteng Province,2014,69,285,100,1,22,100,100,,
131241,GP-14-MUS-107,Gauteng Province,2014,10,23,100,1,4,100,100,1771,1771
131242,GP-14-MUS-110,Gauteng Province,2014,18,228,100,7,15,1,100,1632,1632
131243,GP-14-MUS-114,Gauteng Province,2014,430,166,100,1,38,1,100,,
131244,GP-14-MUS-117,Gauteng Province,2014,383,285,100,1,22,1,13,3426,958
131245,GP-14-MUS-121,Gauteng Province,2014,383,494,100,1,22,1,100,,
131246,GP-14-MUS-139,Gauteng Province,2014,18,228,100,7,15,1,100,1632,1632
131247,GP-14-MUS-143,Gauteng Province,2014,18,228,100,7,26,1,13,,
131248,GP-14-MUS-147,Gauteng Province,2014,69,3248,100,1,2,100,14,,
131249,GP-14-MUS-150,Gauteng Province,2014,10,228,100,7,15,1,100,455,309
131250,GP-14-MUS-151,Gauteng Province,2014,,228,100,7,15,1,100,,
131251,GP-14-MUS-154,Gauteng Province,2014,18,228,100,7,15,1,100,1632,1632
131252,GP-14-MUS-156,Gauteng Province,2014,18,228,100,7,15,1,100,1632,1632
131253,GP-14-MUS-165,Gauteng Province,2014,69,285,100,1,22,1,100,1496,958
131254,GP-14-MUS-183,Gauteng Province,2014,18,228,100,7,15,1,100,1632,1632
131255,GP-14-MUS-189,Gauteng Province,2014,10,294,100,1,2,100,13,,
131256,GP-14-MUS-194,Gauteng Province,2014,503,294,100,1,49,1,14,4809,
131257,GP-14-MUS-211,Gauteng Province,2014,1,3253,100,1,4,1,3,,
131258,GP-14-MUS-212,Gauteng Province,2014,1,21,100,1,4,1,9,,
131259,GP-14-MUS-213,Gauteng Province,2014,18,228,100,7,15,1,100,1632,1632
131260,GP-14-MUS-214,Gauteng Province,2014,254,228,100,7,15,1,13,3408,1096
131261,GP-14-MUS-218,Gauteng Province,2014,18,228,100,7,15,1,100,1632,1632
131262,GP-14-MUS-219,Gauteng Province,2014,18,228,100,7,15,1,100,1632,1632
131263,GP-14-MUS-221,Gauteng Province,2014,54,228,100,7,26,1,13,6299,2351
131264,GP-14-MUS-224,Gauteng Province,2014,10,294,100,1,4,100,3,,
131265,GP-14-MUS-232,Gauteng Province,2014,503,285,100,1,49,1,100,5251,1054
131266,GP-14-MUS-238,Gauteng Province,2014,18,228,100,7,15,1,100,1632,1632
131267,GP-14-MUS-243,Gauteng Province,2014,18,228,100,7,15,1,100,1632,1632
131268,GP-14-MUS-244,Gauteng Province,2014,18,228,100,7,15,1,3,5205,1632
131269,GP-14-MUS-246,Gauteng Province,2014,383,285,100,1,22,1,3,,
131270,GP-14-MUS-247,Gauteng Province,2014,18,228,100,7,15,1,19,,
131271,GP-14-MUS-250,Gauteng Province,2014,18,228,100,7,15,1,100,1632,1632
131272,GP-14-MUS-251,Gauteng Province,2014,171,294,100,1,100,100,8,,
131273,GP-14-MUS-252,Gauteng Province,2014,18,228,100,7,15,1,100,1632,1632
131274,15MUS-AH001,Gauteng Province,2015,237,228,100,7,15,1,19,,
131275,15MUS-AH007,Gauteng Province,2015,253,23,100,100,2,100,100,1834,1958
131276,15MUS-AH008,Gauteng Province,2015,18,228,100,7,15,1,100,1632,1632
131277,15MUS-AH009,Gauteng Province,2015,38,228,100,7,3,1,100,3100,309
131278,15MUS-AH021,Gauteng Province,2015,18,228,100,7,4,1,100,5961,1632
131279,15MUS-AH029,Gauteng Province,2015,10,294,100,1,4,100,3,,
131280,15MUS-AH030,Gauteng Province,2015,69,285,100,1,22,1,100,1496,958
131281,15MUS-AH041,Gauteng Province,2015,18,228,100,7,20,1,100,1628,1632
131282,15MUS-AH042,Gauteng Province,2015,10,294,100,100,2,100,14,357,42
131283,15MUS-AH060,Gauteng Province,2015,10,23,100,1,4,1,100,1627,1771
131284,15MUS-AH061,Gauteng Province,2015,10,285,100,1,49,1,14,1593,1054
131285,15MUS-AH063,Gauteng Province,2015,18,228,100,7,15,1,100,1632,1632
131286,15MUS-AH064,Gauteng Province,2015,10,166,100,100,89,100,13,,
131287,15MUS-AH068,Gauteng Province,2015,18,228,100,7,15,1,13,1643,1096
131288,15MUS-AH077,Gauteng Province,2015,69,23,100,100,2,100,100,1835,1958
131289,15MUS-AH078,Gauteng Province,2015,18,228,100,7,15,1,100,1632,1632
131290,15MUS-AH079,Gauteng Province,2015,18,228,100,7,205,1,14,,
131291,15MUS-AH083,Gauteng Province,2015,10,23,100,100,89,1,14,,
131292,15MUS-AH084,Gauteng Province,2015,18,228,100,7,20,1,100,1628,1632
131293,15MUS-AH085,Gauteng Province,2015,65,23,100,1,4,100,100,,
131294,15MUS-AH086,Gauteng Province,2015,10,294,100,100,89,1,14,,
131295,15MUS-AH087,Gauteng Province,2015,383,285,100,1,22,1,14,,
131296,15MUS-AH088,Gauteng Province,2015,386,23,100,32,4,1,100,3430,
131297,15MUS-AH089,Gauteng Province,2015,254,228,100,7,15,1,13,3408,1096
131298,15MUS-AH092,Gauteng Province,2015,171,294,100,1,90,100,14,,
131299,15MUS-AH093,Gauteng Province,2015,503,285,100,1,49,1,3,,
131300,15MUS-AH094,Gauteng Province,2015,54,515,100,100,2,100,100,1749,1958
131301,15MUS-AH096,Gauteng Province,2015,703,294,100,100,2,100,3,,
131302,15MUS-AH101,Gauteng Province,2015,503,294,100,1,49,1,14,4809,
131303,15MUS-AH103,Gauteng Province,2015,18,228,100,7,15,1,100,1632,1632
131304,15MUS-AH106,Gauteng Province,2015,10,23,100,1,4,1,100,1627,1771
131305,15MUS-AH108,Gauteng Province,2015,254,228,100,7,15,1,13,3408,1096
131306,15MUS-AH112,Gauteng Province,2015,54,285,100,1,22,1,13,,
131307,15MUS-AH113,Gauteng Province,2015,289,294,100,100,2,100,3,,
131308,15MUS-AH117,Gauteng Province,2015,10,285,100,1,49,1,14,1593,1054
131309,15MUS-AH119,Gauteng Province,2015,704,294,100,100,100,100,13,,
131310,15MUS-AH121,Gauteng Province,2015,10,228,100,7,15,100,14,,
131311,15MUS-AH122,Gauteng Province,2015,10,23,100,1,89,100,14,,
131312,15MUS-AH130,Gauteng Province,2015,18,228,100,7,15,1,100,1632,1632
131313,15MUS-AH131,Gauteng Province,2015,10,17,100,1,4,100,100,,
131314,15MUS-AH133,Gauteng Province,2015,10,23,100,1,4,1,13,1624,1771
131315,15MUS-AH135,Gauteng Province,2015,9,23,100,1,89,1,100,,
131316,15MUS-AH138,Gauteng Province,2015,18,228,100,7,15,1,100,1632,1632
131317,15MUS-AH140,Gauteng Province,2015,18,228,100,7,15,1,100,1632,1632
131318,15MUS-AH143,Gauteng Province,2015,18,228,100,7,20,1,100,1628,1632
131319,15MUS-AH146,Gauteng Province,2015,10,228,100,7,15,1,13,,
131320,15MUS-AH148,Gauteng Province,2015,18,228,100,7,26,1,100,,
131321,15MUS-AH149,Gauteng Province,2015,610,294,100,1,4,100,4,5664,
131322,15MUS-AH150,Gauteng Province,2015,,23,100,1,4,1,100,,
131323,15MUS-AH152,Gauteng Province,2015,5,228,100,7,15,1,100,2057,309
131324,15MUS-AH153,Gauteng Province,2015,18,285,100,7,2,1,100,,
131325,15MUS-AH154,Gauteng Province,2015,18,228,100,7,15,1,3,5205,1632
131326,15MUS-AH160,Gauteng Province,2015,10,294,100,100,89,1,100,1760,352
131327,15MUS-AH165,Gauteng Province,2015,18,228,100,7,26,1,100,,
131328,15MUS-AH166,Gauteng Province,2015,254,294,100,7,55,1,13,,
131329,16MUS-AH007,Gauteng Province,2016,18,228,100,7,20,1,100,1628,1632
131330,16MUS-AH009,Gauteng Province,2016,163,294,100,100,208,1,100,,
131331,16MUS-AH010,Gauteng Province,2016,54,228,100,100,1,100,14,1973,
131332,16MUS-AH011,Gauteng Province,2016,705,294,100,1,2,1,3,,
131333,16MUS-AH012,Gauteng Province,2016,706,23,100,1,4,1,14,,
131334,16MUS-AH017,Gauteng Province,2016,18,228,100,7,15,1,14,1304,1632
131335,16MUS-AH019,Gauteng Province,2016,707,285,100,1,22,1,13,,
131336,16MUS-AH023,Gauteng Province,2016,69,285,100,1,2,100,100,,
131337,16MUS-AH026,Gauteng Province,2016,18,228,100,7,15,1,13,1643,1096
131338,16MUS-AH029,Gauteng Province,2016,18,228,100,7,55,1,100,1625,1632
131339,16MUS-AH030,Gauteng Province,2016,383,285,100,1,22,1,3,,
131340,16MUS-AH034,Gauteng Province,2016,163,294,100,100,208,1,100,,
131341,16MUS-AH057,Gauteng Province,2016,18,228,100,7,4,1,100,5961,1632
131342,16MUS-AH060,Gauteng Province,2016,18,228,100,7,15,1,100,1632,1632
131343,16MUS-AH062,Gauteng Province,2016,18,228,100,7,15,1,100,1632,1632
131344,16MUS-AH063,Gauteng Province,2016,69,23,100,1,49,1,14,,
131345,16MUS-AH064,Gauteng Province,2016,705,294,100,1,29,1,3,,
131346,16MUS-AH067,Gauteng Province,2016,69,285,100,1,22,1,100,1496,958
131347,16MUS-AH068,Gauteng Province,2016,18,228,100,7,15,1,100,1632,1632
131348,16MUS-aH070,Gauteng Province,2016,10,23,100,1,4,1,14,5213,1771
131349,16MUS-AH082,Gauteng Province,2016,10,23,100,1,4,1,100,1627,1771
131350,16MUS-AH085,Gauteng Province,2016,18,228,100,7,20,1,100,1628,1632
131351,16MUS-AH087,Gauteng Province,2016,10,23,100,1,102,100,100,,
131352,16MUS-AH088,Gauteng Province,2016,383,285,100,1,22,1,3,,
131353,16MUS-AH089,Gauteng Province,2016,18,228,100,7,15,1,100,1632,1632
131354,16MUS-AH091,Gauteng Province,2016,386,23,100,32,4,1,14,,
131355,16MUS-AH093,Gauteng Province,2016,54,228,100,7,15,1,100,1641,309
131356,16MUS-AH094,Gauteng Province,2016,277,3249,100,1,4,100,13,,
131357,16MUS-AH097,Gauteng Province,2016,18,228,100,7,20,1,100,1628,1632
131358,16MUS-AH100,Gauteng Province,2016,18,228,100,7,15,1,100,1632,1632
131359,16MUS-AH101,Gauteng Province,2016,708,23,100,1,4,100,100,,
131360,16MUS-AH109,Gauteng Province,2016,18,228,100,7,15,1,100,1632,1632
131361,16MUS-AH113,Gauteng Province,2016,18,228,100,7,4,1,100,5961,1632
131362,16MUS-AH116,Gauteng Province,2016,69,285,100,1,22,1,19,1623,958
131363,16MUS-AH118,Gauteng Province,2016,18,228,100,7,15,1,100,1632,1632
131364,16MUS-AH119,Gauteng Province,2016,5,228,100,1,15,1,14,,
131365,16MUS-AH121,Gauteng Province,2016,10,294,100,100,7,100,100,352,352
131366,16MUS-AH124,Gauteng Province,2016,18,228,100,7,15,1,100,1632,1632
131367,16MUS-AH126,Gauteng Province,2016,18,228,100,7,15,1,100,1632,1632
131368,16MUS-AH131,Gauteng Province,2016,18,228,100,7,15,1,100,1632,1632
131369,16MUS-AH140,Gauteng Province,2016,18,285,100,7,26,1,100,,
131370,16MUS-AH142,Gauteng Province,2016,386,23,100,32,4,1,100,3430,
131371,16MUS-AH146,Gauteng Province,2016,197,294,100,100,2,100,14,,
131372,16MUS-AH147,Gauteng Province,2016,18,228,100,7,26,1,100,,
131373,16MUS-AH152,Gauteng Province,2016,386,23,100,32,4,1,100,3430,
131374,17MUS-AH002,Gauteng Province,2017,10,23,100,1,4,1,100,1627,1771
131375,17MUS-AH004,Gauteng Province,2017,69,285,100,1,22,1,19,1623,958
131376,17MUS-AH007,Gauteng Province,2017,18,228,100,7,15,1,100,1632,1632
131377,17MUS-AH009,Gauteng Province,2017,10,23,100,1,4,1,13,1624,1771
131378,17MUS-AH011,Gauteng Province,2017,709,3250,100,1,4,100,100,,
131379,17MUS-AH012,Gauteng Province,2017,18,228,100,7,15,1,100,1632,1632
131380,17MUS-AH014,Gauteng Province,2017,18,228,100,7,15,1,100,1632,1632
131381,17MUS-AH015,Gauteng Province,2017,18,228,100,7,15,1,14,1304,1632
131382,17MUS-AH018,Gauteng Province,2017,18,228,100,7,20,1,100,1628,1632
140559,17MUS_AH099_S94,Gauteng,2017,69,285,100,1,22,1,100,1496,958
140560,17MUS_AH121_S96,Gauteng,2017,18,228,100,7,20,1,3,1635,268
140561,17MUS_AH117_S95,Gauteng Province,2017,54,166,100,100,2,100,14,5695,1958
140562,18MUS_AH145_S102,Gauteng Province,2018,93,3513,100,1,89,1,100,,
140563,18MUS_AH147_S103,Gauteng Province,2018,38,228,100,7,26,1,12,567,247
140564,18MUS_KH083_S97,Western Cape,2018,710,3514,100,100,2,100,100,,
140565,18MUS_KM012_S99,Northern Cape,2018,54,515,100,100,2,100,100,1749,1958
140566,18MUS_KM013_S80,Northern Cape,2018,10,3515,100,100,89,100,100,,
140567,18MUS_KM016_S100,Northern Cape,2018,54,17,100,100,7,100,100,,
140568,18MUS_KM021_S81,Northern Cape,2018,10,294,100,100,89,1,37,,
140569,18MUS_KM070_S101,Northern Cape,2018,54,17,100,100,7,100,3,,
140570,18MUS_KM071_S82,Northern Cape,2018,10,294,100,1,4,100,100,1759,1771
140571,18MUS_ZW085_S98,Eastern Cape,2018,18,228,100,7,15,1,100,1632,1632
140572,19MUS_AH073_S104,Gauteng Province,2019,,538,100,100,2,100,14,,
140573,19MUS_AH108_S105,Gauteng Province,2019,40,23,100,7,4,100,100,427,427
140574,19MUS_AH110_S83,Gauteng Province,2019,10,23,100,1,4,1,100,1627,1771
140575,19MUS_AH122_S106,Gauteng Province,2019,10,20,100,100,2,1,11,,
140576,19MUS_AH166_S107,Gauteng Province,2019,18,228,100,1,26,1,100,,
140577,20MUS_AH027_S84,Gauteng Province,2020,1,228,100,100,2,100,100,,
140578,20MUS_AH028_S108,Gauteng Province,2020,69,285,100,1,22,1,19,1623,958
140579,20MUS_AH030_S85,Gauteng Province,2020,711,166,100,7,20,100,100,,
140580,20MUS_AH032_S109,Gauteng Province,2020,10,166,100,7,20,100,13,,
140581,20MUS_AH0138_S110,Gauteng Province,2020,69,285,100,1,22,1,19,1623,958
140582,20MUS_CZ054_S86,KwaZulu Natal,2020,10,294,100,1,4,100,14,5191,1771
140583,20MUS_CZ055_S111,KwaZulu Natal,2020,40,23,100,7,4,100,100,427,427
140584,21MUS_AH020_S112,Gauteng Province,2021,18,228,100,7,20,1,14,1865,268
140585,21MUS_AH021_S113,Gauteng Province,2021,25,166,1,1,4,100,100,4322,
140586,21MUS_AH104_S114,Gauteng Province,2021,171,166,100,1,90,100,13,4728,
140587,21MUS_AH105_S87,Gauteng Province,2021,568,294,2,1,4,100,13,5242,
140588,21MUS_AH110_S115,Gauteng Province,2021,40,23,100,7,4,100,100,427,427
140589,21MUS_AH111_S88,Gauteng Province,2021,712,166,100,7,20,100,100,,
140590,21MUS_AH124_S116,Gauteng Province,2021,40,23,100,7,4,100,100,427,427
140591,21MUS_AH125_S89,Gauteng Province,2021,25,166,1,1,4,100,100,4322,
140592,21MUS_AH166_S117,Gauteng Province,2021,69,285,100,1,22,1,19,1623,958
140593,21MUS_AH237_S90,Gauteng Province,2021,10,23,100,1,102,100,3,1930,1771
140594,21MUS_AH239_S118,Gauteng Province,2021,10,23,100,1,22,100,100,1271,1271
140595,21MUS_CZ189_S91,KwaZulu Natal,2021,171,294,100,1,90,100,3,1758,
140596,21MUS_CZ191_S119,KwaZulu Natal,2021,54,228,100,100,1,100,100,1645,20
140597,21MUS_CZ197_S120,KwaZulu Natal,2021,497,166,100,1,22,100,13,,
140598,21MUS_CZ198_S92,KwaZulu Natal,2021,171,294,100,1,15,100,100,,
140599,21MUS_CZ201_S121,KwaZulu Natal,2021,40,23,100,1,4,100,100,898,427
140600,22MUS_AH054_S93,Gauteng Province,2022,568,294,2,1,4,100,13,5242,
140601,17MUS_AH098,Gauteng Province,2017,9,166,100,100,100,100,13,467,63
140602,17MUS_AH118,Gauteng Province,2017,10,23,100,1,4,1,100,1627,1771
140603,17MUS_AH120,Gauteng Province,2017,10,294,100,1,100,1,3,1629,
140604,17MUS_KH085,Western Cape,2017,9,166,100,100,100,100,1,63,63
140605,17MUS_ZW084,Eastern Cape,2017,713,23,100,100,206,100,100,,
140611,19MUS_AH072,Gauteng Province,2019,9,166,,100,100,100,13,,
140612,19MUS_AH119,Gauteng Province,2019,9,166,100,100,100,100,1,63,63
140613,19MUS_AH164,Gauteng Province,2019,10,294,100,1,4,100,13,5508,1771
140617,20MUS_AH139,Gauteng Province,2020,10,23,100,1,4,100,100,1771,1771
140618,21MUS_AH165,Gauteng Province,2021,568,294,2,1,4,100,13,5242,
140619,21MUS_CZ202,KwaZulu Natal,2021,714,23,100,1,4,100,100,,
155409,GP12-MUS-242,Gauteng,2012,,294,100,100,2,100,13,,
155410,GP13-MUS-070,Gauteng,2013,18,228,100,7,15,1,100,1632,1632
155411,GP13-MUS-083,Gauteng,2013,54,228,100,100,1,100,100,1645,20
155412,GP13-MUS-096,Gauteng,2013,10,23,100,100,89,100,8,,
155413,GP13-MUS-099,Gauteng,2013,18,228,100,7,15,1,100,1632,1632
155414,GP13-MUS-103,Gauteng,2013,10,287,100,1,4,100,3,,
155415,GP13-MUS-105,Gauteng,2013,54,515,100,100,2,100,100,1749,1958
155416,GP13-MUS-107,Gauteng,2013,10,23,100,1,102,100,3,1930,1771
155417,GP13-MUS-109,Gauteng,2013,386,23,100,32,4,1,100,3430,
155418,GP13-MUS-116,Gauteng,2013,10,294,100,100,2,100,13,269,42
155419,GP13-MUS-120,Gauteng,2013,10,23,100,1,4,1,100,1627,1771
155420,GP13-MUS-121,Gauteng,2013,18,228,,7,4,1,100,,
155421,GP13-MUS-129,Gauteng,2013,54,294,100,100,2,100,3,,
155422,GP13-MUS-132,Gauteng,2013,701,23,100,100,89,100,100,,
155423,GP13-MUS-133,Gauteng,2013,18,228,100,7,15,1,14,1304,1632
155424,GP13-MUS-134,Gauteng,2013,10,294,100,100,7,100,100,352,352
155425,GP14-MUS-241,Gauteng,2014,18,228,100,7,15,1,100,1632,1632
155426,15MUS-AH035,Gauteng,2015,18,228,100,7,15,1,100,1632,1632
155427,15MUS-AH077-R,Gauteng,2015,69,23,100,100,2,100,100,1835,1958
155428,15MUS-AH080,Gauteng,2015,18,228,100,7,15,1,100,1632,1632
155429,15MUS-AH090,Gauteng,2015,254,228,100,7,15,1,13,3408,1096
155431,15MUS-AH129,Gauteng,2015,,23,100,1,4,1,14,,
155433,15MUS-AH168,Gauteng,2015,69,166,100,100,100,100,3,,
155434,16MUS-AH017-R,Gauteng,2016,18,228,100,7,15,1,14,1304,1632
155435,17MUS-AH017-R,Gauteng,2017,18,228,100,7,55,1,100,1625,1632
155436,17MUS-AH019,Gauteng,2017,69,285,100,1,22,1,19,1623,958
155437,17MUS-AH021,Gauteng,2017,18,228,100,7,15,1,100,1632,1632
155438,17MUS-AH024,Gauteng,2017,69,285,100,1,22,1,100,1496,958
155439,17MUS-AH026,Gauteng,2017,18,228,100,7,15,1,100,1632,1632
155440,17MUS-AH027,Gauteng,2017,18,228,100,7,20,1,100,1628,1632
155441,17MUS-AH029,Gauteng,2017,18,228,100,7,15,1,100,1632,1632
155442,17MUS-AH034,Gauteng,2017,236,285,100,1,49,1,100,1747,1054
155443,17MUS-AH035-R,Gauteng,2017,171,294,100,1,4,100,3,1626,
155444,17MUS-AH038,Gauteng,2017,54,515,100,100,2,100,100,1749,1958
155445,17MUS-AH039,Gauteng,2017,18,228,100,7,15,1,100,1632,1632
155446,17MUS-AH041,Gauteng,2017,10,285,100,1,49,1,14,1593,1054
155447,17MUS-AH044,Gauteng,2017,10,294,100,1,100,1,3,1629,
155448,17MUS-AH047,Gauteng,2017,383,285,100,1,22,1,3,,
155449,17MUS-AH051,Gauteng,2017,69,285,100,1,22,1,14,4746,958
155450,17MUS-AH052,Gauteng,2017,18,228,100,7,20,100,13,,
155451,17MUS-AH054,Gauteng,2017,18,228,100,7,15,1,100,1632,1632
155452,17MUS-AH056,Gauteng,2017,25,166,100,1,4,,100,,
155453,17MUS-AH057,Gauteng,2017,10,294,100,100,100,100,3,157,42
155454,17MUS-AH058,Gauteng,2017,18,228,100,7,20,1,100,1628,1632
155455,17MUS-AH059,Gauteng,2017,10,294,100,1,100,1,3,1629,
155456,17MUS-AH060-R,Gauteng,2017,277,23,100,1,4,100,13,,
155457,17MUS-AH065,Gauteng,2017,18,228,100,7,55,1,100,1625,1632
155458,17MUS-AH066,Gauteng,2017,69,285,100,1,22,1,19,1623,958
155459,17MUS-AH068,Gauteng,2017,18,228,100,7,15,1,100,1632,1632
155460,17MUS-AH069,Gauteng,2017,10,23,100,1,4,1,100,1627,1771
155461,17MUS-AH070-R,Gauteng,2017,18,228,100,7,15,1,100,1632,1632
155462,17MUS-AH071,Gauteng,2017,253,23,100,100,2,100,100,1834,1958
155463,17MUS-AH073-1,Gauteng,2017,18,228,100,7,15,1,100,1632,1632
155464,17MUS-AH073-2,Gauteng,2017,18,228,100,7,15,1,100,1632,1632
155465,17MUS-AH074,Gauteng,2017,10,294,100,1,2,1,14,1756,
155466,17MUS-AH075,Gauteng,2017,18,228,100,7,15,1,100,1632,1632
155467,17MUS-AH076,Gauteng,2017,18,228,100,7,15,1,100,1632,1632
155468,17MUS-AH098,Gauteng,2017,9,166,100,100,100,100,13,467,63
155469,17MUS-AH100,Gauteng,2017,10,294,100,32,4,100,19,5198,
155470,17MUS-AH101,Gauteng,2017,18,228,100,7,15,1,100,1632,1632
155471,17MUS-AH103,Gauteng,2017,10,166,100,1,22,100,19,1210,1271
155472,17MUS-AH105,Gauteng,2017,10,23,100,1,4,1,4,1639,1771
155473,17MUS-AH106,Gauteng,2017,54,515,100,100,2,100,13,1630,1958
155474,17MUS-AH107,Gauteng,2017,69,1928,100,100,2,100,14,1631,
155475,17MUS-AH108-1,Gauteng,2017,10,23,100,100,89,1,100,1654,2035
155476,17MUS-AH108-2,Gauteng,2017,10,23,100,100,89,1,100,1654,2035
155477,17MUS-AH110,Gauteng,2017,18,228,100,7,15,1,100,1632,1632
155478,17MUS-AH111,Gauteng,2017,18,228,100,7,15,1,100,1632,1632
155479,17MUS-AH112,Gauteng,2017,255,228,100,7,15,1,13,,
155480,17MUS-AH116,Gauteng,2017,69,23,100,100,2,100,100,1835,1958
155481,17MUS-AH123,Gauteng,2017,69,285,100,1,22,1,19,1623,958
155482,17MUS-AH124,Gauteng,2017,,228,100,7,15,1,100,,
155483,MP12-MUS-001,Mpumalanga,2012,10,294,100,100,2,100,13,269,42
155484,MP12-MUS-010,Mpumalanga,2012,10,294,100,100,2,100,14,357,42
155485,MP12-MUS-012,Mpumalanga,2012,10,23,100,1,4,1,100,1627,1771
155486,MP12-MUS-013,Mpumalanga,2012,,515,100,100,2,100,100,,
155487,MP12-MUS-015,Mpumalanga,2012,54,294,100,100,2,100,100,2577,1958
155488,MP12-MUS-028,Mpumalanga,2012,171,294,100,1,4,100,3,1626,
155489,MP12-MUS-030,Mpumalanga,2012,,23,100,1,4,1,13,,
155490,MP12-MUS-035,Mpumalanga,2012,18,228,100,7,15,1,100,1632,1632
155491,MP12-MUS-037,Mpumalanga,2012,10,23,100,1,4,1,100,1627,1771
155492,MP12-MUS-041,Mpumalanga,2012,69,285,100,1,22,1,13,1543,958
155493,MP12-MUS-044,Mpumalanga,2012,10,294,100,100,89,1,19,,
155494,MP12-MUS-046,Mpumalanga,2012,5,294,100,1,90,100,100,,
155495,MP12-MUS-047,Mpumalanga,2012,10,5217,100,100,2,100,13,,
155496,MP12-MUS-048,Mpumalanga,2012,25,166,100,1,4,100,8,438,
155497,MP12-MUS-050,Mpumalanga,2012,254,228,100,7,15,1,13,3408,1096
155498,MP12-MUS-051,Mpumalanga,2012,10,23,100,100,100,1,3,,
155499,MP12-MUS-053,Mpumalanga,2012,,228,100,100,1,100,100,,
155500,MP12-MUS-055,Mpumalanga,2012,277,294,100,1,4,100,13,4735,
155501,MP12-MUS-056,Mpumalanga,2012,171,3123,100,1,100,100,3,,
155502,MP12-MUS-057,Mpumalanga,2012,171,294,100,1,90,100,3,1758,
155503,MP12-MUS-059,Mpumalanga,2012,18,228,100,7,20,1,100,1628,1632
155504,MP12-MUS-060,Mpumalanga,2012,,294,100,100,100,100,100,,
155508,MP12-MUS-066,Mpumalanga,2012,10,285,100,1,22,1,13,2717,958
155509,MP12-MUS-069,Mpumalanga,2012,10,285,100,1,22,1,13,2717,958
155510,MP12-MUS-074,Mpumalanga,2012,171,294,100,1,90,100,3,1758,
155511,MP12-MUS-078,Mpumalanga,2012,5,294,100,1,90,100,100,,
155512,MP12-MUS-079,Mpumalanga,2012,10,294,100,100,89,1,100,1760,352
155513,KN13-MUS-001,Kwazulu-Natal,2013,277,294,100,1,4,100,13,4735,
155514,KN13-MUS-003,Kwazulu-Natal,2013,18,228,100,7,15,1,13,1643,1096
155515,KN13-MUS-014,Kwazulu-Natal,2013,10,294,100,22,1,100,100,,
155516,KN13-MUS-073,Kwazulu-Natal,2013,,285,100,1,49,1,13,,
155517,KN13-MUS-075,Kwazulu-Natal,2013,69,285,100,1,22,1,100,1496,958
155518,KN13-MUS-076,Kwazulu-Natal,2013,36,494,100,100,1,1,11,,
155519,KN13-MUS-078,Kwazulu-Natal,2013,10,285,100,1,49,1,14,1593,1054
155520,KN13-MUS-079,Kwazulu-Natal,2013,18,228,100,7,15,1,3,5205,1632
155521,KN13-MUS-088,Kwazulu-Natal,2013,383,285,100,1,22,1,13,3426,958
155522,KN13-MUS-090,Kwazulu-Natal,2013,383,285,100,1,22,1,13,3426,958
155523,KN13-MUS-098,Kwazulu-Natal,2013,10,166,100,100,89,100,13,,
155524,KN13-MUS-106,Kwazulu-Natal,2013,18,228,100,1,15,1,100,1753,1632
155525,KN13-MUS-111,Kwazulu-Natal,2013,18,228,100,7,55,1,100,1625,1632
155526,KN13-MUS-120,Kwazulu-Natal,2013,503,285,100,1,49,1,14,,
155527,KN13-MUS-129,Kwazulu-Natal,2013,10,23,100,1,4,1,100,1627,1771
155528,KN13-MUS-131,Kwazulu-Natal,2013,18,228,100,7,20,1,100,1628,1632
155529,KN13-MUS-132,Kwazulu-Natal,2013,503,285,100,1,49,1,14,,
155530,KN13-MUS-137,Kwazulu-Natal,2013,69,285,100,1,22,1,19,1623,958
155531,KN13-MUS-140,Kwazulu-Natal,2013,1,3248,100,1,4,1,3,,
155532,KN13-MUS-141,Kwazulu-Natal,2013,,228,100,7,15,1,100,,
155533,KN13-MUS-143,Kwazulu-Natal,2013,18,228,100,7,15,1,100,1632,1632
155534,KN13-MUS-145,Kwazulu-Natal,2013,10,294,100,100,2,100,13,269,42
155535,KN13-MUS-180,Kwazulu-Natal,2013,383,285,100,1,22,1,3,,
155536,KN13-MUS-197,Kwazulu-Natal,2013,10,23,100,1,4,1,100,1627,1771
155537,KN13-MUS-200,Kwazulu-Natal,2013,18,228,100,7,15,1,100,1632,1632
155538,KN13-MUS-202,Kwazulu-Natal,2013,10,3248,100,1,22,1,13,,
155539,15MUS-GQ003,Eastern Cape,2015,387,2993,100,100,1,100,100,3434,20
155540,15MUS-GQ005,Eastern Cape,2015,5,166,100,100,100,100,100,,
155541,15MUS-GQ006,Eastern Cape,2015,503,285,100,1,49,1,14,,
155542,15MUS-GQ007,Eastern Cape,2015,69,285,100,1,22,1,100,1496,958
155543,15MUS-GQ009-1,Eastern Cape,2015,503,285,100,1,49,1,14,,
155544,15MUS-GQ009-2,Eastern Cape,2015,503,285,100,1,49,1,14,,
155545,15MUS-GQ040,Eastern Cape,2015,276,20,100,100,2,100,100,,
155546,15MUS-GQ047,Eastern Cape,2015,,23,100,100,100,100,14,,
155547,15MUS-GQ049,Eastern Cape,2015,54,515,100,100,2,100,19,,
155548,15MUS-GQ053,Eastern Cape,2015,503,285,100,1,49,1,14,,
155549,15MUS-GQ151,Eastern Cape,2015,5,18,100,100,1,100,13,,
155550,14MUS-JO004,North West,2014,10,294,100,100,100,100,100,5204,352
155551,14MUS-JO006,North West,2014,18,228,100,7,15,1,13,1643,1096
155552,14MUS-JO009,North West,2014,10,23,100,1,89,1,100,3413,1054
155553,14MUS-JO011,North West,2014,18,228,100,7,15,1,100,1632,1632
155554,14MUS-JO015,North West,2014,18,228,100,7,26,100,14,,
155555,14MUS-JO017,North West,2014,10,294,12,100,7,100,14,,
155556,14MUS-JO020,North West,2014,709,228,100,100,1,100,100,,
155557,14MUS-JO027,North West,2014,18,228,100,7,15,1,100,1632,1632
155558,14MUS-JO028,North West,2014,10,294,100,100,2,100,14,357,42
155559,14MUS-JO029,North West,2014,10,20,100,100,2,100,100,,
155560,14MUS-JO030,North West,2014,18,228,100,7,15,1,100,1632,1632
155561,14MUS-JO033,North West,2014,18,228,100,7,15,1,100,1632,1632
155562,14MUS-JO037,North West,2014,18,228,100,7,15,1,100,1632,1632
155563,14MUS-JO038,North West,2014,,23,100,1,4,1,14,,
155564,14MUS-JO040,North West,2014,54,228,100,100,1,100,100,1645,20
155565,14MUS-JO041,North West,2014,10,23,100,1,4,1,100,1627,1771
155566,14MUS-JO045,North West,2014,10,294,100,7,22,1,13,1603,1603
155567,14MUS-JO055,North West,2014,54,294,100,100,2,100,100,2577,1958
155568,14MUS-JO060,North West,2014,11,23,100,1,4,1,4,,
155569,14MUS-JO064,North West,2014,18,228,100,7,15,1,14,1304,1632
155570,14MUS-JO066,North West,2014,18,228,100,7,20,1,100,1628,1632
155571,14MUS-JO067,North West,2014,18,228,100,7,15,1,100,1632,1632
155572,14MUS-JO068,North West,2014,18,228,100,7,15,1,3,5205,1632
155573,14MUS-JO076,North West,2014,277,294,100,1,4,100,13,4735,
155574,14MUS-JO077,North West,2014,18,266,100,1,3,1,11,,
155575,14MUS-JO078,North West,2014,10,294,100,100,89,1,37,,
155576,14MUS-JO084,North West,2014,18,228,100,7,15,1,100,1632,1632
155577,20MUS-AH002,Gauteng,2020,69,23,100,7,4,100,3,5642,426
155578,20MUS-AH004,Gauteng,2020,18,228,100,7,15,1,19,,
155579,20MUS-AH005,Gauteng,2020,69,285,100,1,22,1,19,1623,958
155580,20MUS-AH007,Gauteng,2020,383,285,100,1,15,1,100,,
155581,20MUS-AH008,Gauteng,2020,69,285,100,1,22,1,19,1623,958
155582,20MUS-AH010,Gauteng,2020,,166,100,100,89,1,100,,
155583,20MUS-AH011,Gauteng,2020,69,285,100,1,22,1,19,1623,958
155584,20MUS-AH012,Gauteng,2020,18,228,100,7,26,1,100,,
155585,20MUS-AH013,Gauteng,2020,18,228,100,7,15,1,100,1632,1632
155586,20MUS-AH017,Gauteng,2020,18,228,100,7,49,1,100,5822,1632
155587,20MUS-AH021,Gauteng,2020,711,294,100,32,4,100,13,,
155588,20MUS-AH022,Gauteng,2020,40,23,100,7,4,100,3,1938,426
155589,20MUS-AH023,Gauteng,2020,40,23,100,7,4,100,100,427,427
155590,20MUS-AH027,Gauteng,2020,1,228,100,100,2,100,100,,
155591,20MUS-AH030,Gauteng,2020,711,166,100,7,20,100,100,,
155592,20MUS-AH032,Gauteng,2020,10,166,100,7,20,100,13,,
155593,20MUS-AH034,Gauteng,2020,130,294,100,100,2,100,3,520,520
155594,20MUS-AH036,Gauteng,2020,475,23,100,1,4,1,100,,
155595,20MUS-AH037,Gauteng,2020,,228,100,7,20,1,100,,
155596,20MUS-AH039,Gauteng,2020,18,228,100,7,15,1,100,1632,1632
155597,20MUS-AH040,Gauteng,2020,69,285,100,1,49,1,100,,
155598,20MUS-AH042,Gauteng,2020,277,294,100,1,4,100,13,4735,
155599,20MUS-AH044-1,Gauteng,2020,69,23,100,100,2,100,100,1835,1958
155600,20MUS-AH044-2,Gauteng,2020,69,23,100,100,2,100,100,1835,1958
155601,20MUS-AH045,Gauteng,2020,40,23,100,7,4,100,3,1938,426
155602,20MUS-AH052,Gauteng,2020,703,294,100,100,2,100,3,,
155603,20MUS-AH053,Gauteng,2020,40,23,100,7,4,100,100,427,427
155604,20MUS-AH054,Gauteng,2020,40,23,100,7,4,100,100,427,427
155605,20MUS-AH055,Gauteng,2020,197,294,100,100,2,100,3,,
155606,20MUS-AH057,Gauteng,2020,40,23,100,7,4,100,100,427,427
155607,20MUS-AH061,Gauteng,2020,10,294,100,1,4,100,3,,
155608,20MUS-AH063,Gauteng,2020,10,294,,100,2,100,14,,
155609,20MUS-AH065,Gauteng,2020,54,294,100,1,90,100,100,3404,1362
155610,20MUS-AH067,Gauteng,2020,610,294,100,1,4,100,4,5664,
155611,20MUS-AH074,Gauteng,2020,69,23,100,100,2,100,100,1835,1958
155612,20MUS-AH080,Gauteng,2020,69,285,100,1,22,1,19,1623,958
155613,20MUS-AH081,Gauteng,2020,130,294,100,100,2,100,3,520,520
155614,20MUS-AH083,Gauteng,2020,69,23,100,7,4,100,3,5642,426
155615,20MUS-AH084,Gauteng,2020,54,294,100,1,90,100,100,3404,1362
155616,20MUS-AH085-1,Gauteng,2020,69,285,100,1,22,1,19,1623,958
155617,20MUS-AH085-2,Gauteng,2020,69,285,100,1,22,1,19,1623,958
155618,20MUS-AH095,Gauteng,2020,171,294,100,1,4,100,3,1626,
155619,20MUS-AH096,Gauteng,2020,69,23,100,100,2,100,100,1835,1958
155620,20MUS-AH098-1,Gauteng,2020,18,23,100,1,18,100,100,464,896
155621,20MUS-AH098-2,Gauteng,2020,18,23,100,1,18,100,100,464,896
155622,20MUS-AH103,Gauteng,2020,25,166,100,1,4,100,8,438,
155623,20MUS-AH104,Gauteng,2020,10,294,100,100,2,100,100,463,352
155624,20MUS-AH105,Gauteng,2020,40,23,100,7,4,100,100,427,427
155625,20MUS-AH108,Gauteng,2020,40,23,100,7,4,100,100,427,427
155626,20MUS-AH110-1,Gauteng,2020,1,228,100,100,2,1,11,,
155627,20MUS-AH110-2,Gauteng,2020,1,228,100,100,2,1,11,,
155628,20MUS-AH112,Gauteng,2020,10,285,100,1,22,100,100,5823,1271
155629,20MUS-AH114,Gauteng,2020,69,285,100,1,22,1,19,1623,958
155630,20MUS-AH117,Gauteng,2020,18,,100,7,20,1,19,,
155631,20MUS-AH121,Gauteng,2020,10,285,100,1,49,1,14,1593,1054
155632,20MUS-AH122,Gauteng,2020,10,228,100,7,15,1,100,455,309
155633,20MUS-AH124,Gauteng,2020,18,228,100,7,15,1,100,1632,1632
155634,20MUS-AH125,Gauteng,2020,69,23,100,7,4,100,3,5642,426
155635,20MUS-AH127,Gauteng,2020,69,285,100,1,22,1,19,1623,958
155636,20MUS-AH129,Gauteng,2020,9,166,100,100,100,100,1,63,63
155637,20MUS-AH135,Gauteng,2020,54,294,100,1,90,100,100,3404,1362
155638,20MUS-AH138,Gauteng,2020,69,285,100,1,22,1,19,1623,958
155639,20MUS-AH139,Gauteng,2020,10,23,100,1,4,100,100,1771,1771
155640,20MUS-AH141,Gauteng,2020,171,166,100,1,90,100,100,1972,
155641,20MUS-AH143,Gauteng,2020,10,166,100,7,20,100,19,5195,4353
155642,20MUS-AH144,Gauteng,2020,163,294,100,100,7,100,100,,
155643,20MUS-AH145,Gauteng,2020,,23,100,7,4,100,100,,
155644,20MUS-AH146,Gauteng,2020,54,294,100,1,90,100,100,3404,1362
155645,20MUS-AH148,Gauteng,2021,5,228,100,1,15,1,14,,
155646,21MUS-AH003,Gauteng,2021,18,228,100,7,15,1,14,1304,1632
155647,21MUS-AH004,Gauteng,2021,546,294,100,1,4,100,13,,
155648,21MUS-AH008,Gauteng,2021,171,294,100,1,4,100,3,1626,
155649,21MUS-AH010,Gauteng,2021,69,285,100,1,22,1,19,1623,958
155650,21MUS-AH012,Gauteng,2021,,23,100,1,3,100,14,,
155651,21MUS-AH016,Gauteng,2021,10,294,100,100,2,100,14,357,42
155652,21MUS-AH017,Gauteng,2021,18,228,100,7,15,1,100,1632,1632
155653,21MUS-AH018,Gauteng,2021,18,166,100,22,7,1,100,,
155654,21MUS-AH021-R,Gauteng,2021,25,166,1,1,4,100,100,4322,
155655,21MUS-AH022,Gauteng,2021,18,228,100,7,15,1,100,1632,1632
155656,21MUS-AH024,Gauteng,2021,610,294,100,1,4,100,4,5664,
155657,21MUS-AH025,Gauteng,2021,10,294,100,100,2,100,14,357,42
155658,21MUS-AH027,Gauteng,2021,69,23,100,100,2,100,100,1835,1958
155659,21MUS-AH028,Gauteng,2021,40,23,100,7,4,100,100,427,427
155660,21MUS-AH031,Gauteng,2021,69,285,100,1,22,1,19,1623,958
155661,21MUS-AH036,Gauteng,2021,69,285,100,1,22,1,19,1623,958
155662,21MUS-AH039,Gauteng,2021,568,294,100,1,4,100,13,,
155663,21MUS-AH042,Gauteng,2021,171,166,100,1,90,100,13,4728,
155665,21MUS-AH052,Gauteng,2021,18,228,100,7,15,1,14,1304,1632
155666,21MUS-AH053,Gauteng,2021,69,23,100,100,2,100,100,1835,1958
155667,21MUS-AH055,Gauteng,2021,54,23,100,1,4,100,100,577,1771
155668,21MUS-AH056,Gauteng,2021,69,285,100,1,22,1,73,,
155669,21MUS-AH057,Gauteng,2021,10,23,100,7,4,100,14,,
155670,21MUS-AH061,Gauteng,2021,130,294,100,100,2,100,3,520,520
155671,21MUS-AH065,Gauteng,2021,1,23,100,100,89,1,100,,
155672,21MUS-AH071,Gauteng,2021,10,294,100,1,4,100,13,5508,1771
155673,21MUS-AH072,Gauteng,2021,10,294,100,1,4,100,13,5508,1771
155674,21MUS-AH073,Gauteng,2021,18,23,100,7,4,100,14,,
155675,21MUS-AH074,Gauteng,2021,54,228,,100,1,100,100,,
155676,21MUS-AH077,Gauteng,2021,5,228,100,7,20,1,100,,
155677,21MUS-AH078,Gauteng,2021,54,294,100,1,90,100,100,3404,1362
155678,21MUS-AH084,Gauteng,2021,383,285,100,1,22,1,14,,
155679,21MUS-AH090,Gauteng,2021,54,23,100,7,4,100,100,5817,427
155680,21MUS-AH091,Gauteng,2021,383,285,100,1,22,1,13,3426,958
155681,21MUS-AH093,Gauteng,2021,,285,100,1,22,1,19,,
155682,21MUS-AH095,Gauteng,2021,40,23,100,7,4,100,100,427,427
155683,21MUS-AH098,Gauteng,2021,10,166,100,7,20,100,100,1274,4353
155684,21MUS-AH100,Gauteng,2021,383,285,100,1,22,1,100,,
155685,21MUS-AH101,Gauteng,2021,18,228,100,7,15,1,13,1643,1096
155686,21MUS-AH105-R,Gauteng,2021,568,294,2,1,4,100,13,5242,
155687,21MUS-AH106,Gauteng,2021,40,23,100,7,4,100,100,427,427
155688,21MUS-AH109,Gauteng,2021,69,285,100,1,22,1,19,1623,958
155689,21MUS-AH111,Gauteng,2021,712,166,100,7,20,100,100,,
155690,21MUS-AH113,Gauteng,2021,18,228,100,7,20,1,100,1628,1632
155691,21MUS-AH114,Gauteng,2021,54,294,100,1,90,100,100,3404,1362
155692,21MUS-AH115,Gauteng,2021,10,294,100,47,7,1,13,,
155693,21MUS-AH119,Gauteng,2021,383,285,100,1,22,1,13,3426,958
155694,21MUS-AH122,Gauteng,2021,10,294,100,1,4,100,13,5508,1771
155695,21MUS-AH125,Gauteng,2021,25,166,1,1,4,100,100,4322,
155696,21MUS-AH126,Gauteng,2021,10,294,100,100,2,100,13,269,42
155697,21MUS-AH127,Gauteng,2021,,23,100,100,2,100,100,,
155698,21MUS-AH130,Gauteng,2021,40,23,100,7,4,100,14,2593,426
155699,21MUS-AH131,Gauteng,2021,69,285,100,1,22,1,100,1496,958
155701,21MUS-AH133,Gauteng,2021,40,23,100,7,4,100,100,427,427
155702,21MUS-AH134,Gauteng,2021,69,23,100,7,4,100,3,5642,426
155703,21MUS-AH136,Gauteng,2021,40,23,100,7,4,100,13,426,426
155704,21MUS-AH137,Gauteng,2021,69,23,100,100,2,100,100,1835,1958
155705,21MUS-AH138,Gauteng,2021,,23,100,1,3,100,14,,
155706,21MUS-AH139,Gauteng,2021,18,228,100,7,15,1,14,1304,1632
155707,21MUS-AH140,Gauteng,2021,40,23,100,7,4,100,100,427,427
155710,21MUS-AH148,Gauteng,2021,69,285,100,1,22,1,100,1496,958
155711,21MUS-AH150,Gauteng,2021,,228,100,7,89,1,100,,
155712,21MUS-AH151,Gauteng,2021,69,23,100,100,2,100,100,1835,1958
155714,21MUS-AH153-2,Gauteng,2021,9,166,100,100,2,100,1,184,63
155718,21MUS-AH164,Gauteng,2021,18,228,100,7,20,1,100,1628,1632
155719,21MUS-AH165,Gauteng,2021,568,294,2,1,4,100,13,5242,
155720,21MUS-AH166,Gauteng,2021,69,285,100,1,22,1,19,1623,958
155722,21MUS-AH168,Gauteng,2021,10,23,100,100,89,1,14,,
155723,21MUS-AH169-1,Gauteng,2021,69,23,100,7,4,100,3,5642,426
155725,21MUS-AH171,Gauteng,2021,171,166,100,1,90,100,13,4728,
155726,21MUS-AH174,Gauteng,2021,69,23,100,7,4,100,3,5642,426
155728,21MUS-AH183,Gauteng,2021,69,23,100,7,4,100,100,5212,427
155729,21MUS-AH185,Gauteng,2021,171,166,100,1,90,100,100,1972,
155730,21MUS-AH187,Gauteng,2021,130,294,100,100,2,100,3,520,520
155733,21MUS-AH195,Gauteng,2021,69,23,100,100,2,100,100,1835,1958
155734,21MUS-AH196,Gauteng,2021,,294,100,100,2,100,13,,
155735,21MUS-AH198,Gauteng,2021,18,23,100,7,4,100,100,,
155738,21MUS-AH202,Gauteng,2021,54,,100,100,1,100,100,,
155741,21MUS-AH205,Gauteng,2021,10,166,100,7,20,100,100,1274,4353
155742,21MUS-AH209,Gauteng,2021,173,21,100,7,8,1,3,,
155743,21MUS-AH210,Gauteng,2021,10,294,100,1,,1,14,,
155744,21MUS-AH216,Gauteng,2021,18,228,100,7,15,1,100,1632,1632
155748,21MUS-AH223-2,Gauteng,2021,18,228,100,7,20,1,100,1628,1632
155749,15MUS-PI001,KwaZulu-Natal,2015,238,285,100,1,22,1,100,1767,958
155750,15MUS-PI002,KwaZulu-Natal,2015,69,285,100,1,22,1,19,1623,958
155751,15MUS-PI003,KwaZulu-Natal,2015,69,285,100,1,22,1,100,1496,958
155752,15MUS-PI004,KwaZulu-Natal,2015,18,228,100,7,15,1,100,1632,1632
155753,15MUS-PI005-WGS,KwaZulu-Natal,2015,105,294,100,100,100,100,13,1637,
155754,15MUS-PI006,KwaZulu-Natal,2015,10,228,100,7,15,1,100,455,309
155755,15MUS-PI007,KwaZulu-Natal,2015,486,228,100,100,1,100,100,,
155756,15MUS-PI011,KwaZulu-Natal,2015,10,23,100,1,4,1,4,1639,1771
155757,15MUS-PI016,KwaZulu-Natal,2015,18,228,100,7,15,1,100,1632,1632
155758,20MUS-AH109,Gauteng,2020,,23,100,7,4,100,3,,
155759,15MUS-PI020,KwaZulu-Natal,2015,10,294,100,1,2,100,13,,
155760,15MUS-PI025,KwaZulu-Natal,2015,10,23,100,100,89,1,100,1654,2035
155761,15MUS-PI026,KwaZulu-Natal,2015,69,285,100,1,22,1,19,1623,958
155762,15MUS-PI029,KwaZulu-Natal,2015,18,228,100,1,22,1,100,1642,1632
155763,15MUS-PI030,KwaZulu-Natal,2015,54,228,100,7,15,1,100,1641,309
155764,15MUS-PI036,KwaZulu-Natal,2015,54,515,100,1,2,100,100,1640,1958
155767,15MUS-PI048,KwaZulu-Natal,2015,18,228,100,7,15,1,100,1632,1632
155768,15MUS-PI056,KwaZulu-Natal,2015,18,228,100,7,15,1,13,1643,1096
155769,15MUS-PI063-WGS,KwaZulu-Natal,2015,10,23,100,22,49,100,13,1644,
155770,15MUS-PI064,KwaZulu-Natal,2015,89,23,100,1,4,1,100,,
155772,15MUS-PI066,KwaZulu-Natal,2015,239,294,,1,4,100,13,,
155773,15MUS-PI067,KwaZulu-Natal,2015,470,228,100,7,15,1,100,,
155774,15MUS-PI068,KwaZulu-Natal,2015,10,294,100,100,100,100,13,,
155775,15MUS-PI076,KwaZulu-Natal,2015,10,228,100,7,15,1,100,455,309
155776,15MUS-PI077,KwaZulu-Natal,2015,18,3135,100,7,20,1,100,1768,1632
155777,15MUS-PI078,KwaZulu-Natal,2015,25,166,100,1,4,100,8,438,
155778,15MUS-PI080,KwaZulu-Natal,2015,10,294,100,7,18,100,3,1646,42
155779,15MUS-PI082,KwaZulu-Natal,2015,69,285,100,1,22,1,19,1623,958
155780,15MUS-PI089,KwaZulu-Natal,2015,54,228,,100,1,100,100,,
155781,15MUS-PI091-WGS,KwaZulu-Natal,2015,10,166,100,6,4,100,14,1647,
155782,15MUS-PI092-WGS,KwaZulu-Natal,2015,171,294,100,1,90,100,3,1758,
155783,15MUS-PI093,KwaZulu-Natal,2015,69,285,100,1,22,1,100,1496,958
155784,15MUS-PI095,KwaZulu-Natal,2015,171,23,100,1,90,100,100,1769,1771
155785,15MUS-PI097,KwaZulu-Natal,2015,10,294,100,100,4,100,13,1648,42
155787,15MUS-PI099,KwaZulu-Natal,2015,1,228,100,1,49,1,14,1650,
155788,15MUS-PI100,KwaZulu-Natal,2015,18,228,100,7,15,1,100,1632,1632
155789,15MUS-PI103,KwaZulu-Natal,2015,69,285,100,1,22,1,100,1496,958
155791,15MUS-PI105,KwaZulu-Natal,2015,54,228,100,100,1,100,14,1973,
155792,15MUS-PI107,KwaZulu-Natal,2015,171,294,100,1,90,100,13,1833,
155793,15MUS-PI110,KwaZulu-Natal,2015,69,285,100,1,22,1,19,1623,958
155794,15MUS-PI111,KwaZulu-Natal,2015,10,23,100,1,4,1,100,1627,1771
155795,15MUS-PI112,KwaZulu-Natal,2015,18,285,100,7,15,1,13,1652,1096
155796,18MUS-KM003,,2018,,538,100,100,89,100,13,,
155797,18MUS-KM009,,2018,10,294,100,1,4,100,3,,
155798,18MUS-KM012,,2018,54,515,100,100,2,100,100,1749,1958
155799,18MUS-KM013,,2018,10,3515,,100,89,100,100,,
155801,18MUS-KM021,,2018,10,294,100,100,89,1,37,,
155802,18MUS-KM024,,2018,69,285,100,1,22,1,19,1623,958
155803,18MUS-KM025,,2018,5,228,100,7,15,1,13,4413,1096
155804,18MUS-KM026,,2018,18,228,100,7,15,1,100,1632,1632