id,isolate,region,year,NEIS0408(pilQ),NEIS0414,NEIS1753(PenA),NEIS2020(porB),NEIS2357
2858,22159,,,,,,,
31967,02_227,,1990,251,13,21,908,3
31968,02_228,,1991,22,185,18,909,0
31969,02_229,,1991,251,48,20,910,0
89182,15MUS-Pl003,,2015,,,,,
89183,15MUS-Pl044,,2015,,,,,
89185,15MUS-Pl098,,2015,,,,,
89186,17MUS-AH083,,2017,,,,,
89187,17MUS-AH094,,2017,,,,,
89188,17MUS-AH118,,2017,,,,,
89189,17MUS-AH035,,2017,,,,,
89190,15MUS-PI063,,2015,,,,,
89194,17MUS-AH070,,2017,,,,,
89195,15MUS-PI091,,2015,,,,,
89196,17MUS-AH060,,2017,,,,,
89197,15MUS-PI005,,2015,,,,,
89198,15MUS-PI092,,2015,,,,,
89199,17MUS-AH077,,2017,,,,,
89200,17MUS-AH017,,2017,,,,,
92898,JR-409,Township,2019,,,,,
92899,JR-413,Township,2019,,,,,
92900,JR-414,Township,2019,,,,,
92901,JR-412,Township,2018,,,,,
92902,JR-403,Township,2019,,,,,
92903,JR-401,Township,2019,,,,,
93214,G176,,2019,,,,,
96169,R3,KwaZulu-Natal,2013,621,13,23,4325,0
96170,R6,KwaZulu-Natal,2013,2759,8,294,4326,0
96171,R48,KwaZulu-Natal,2014,251,13,294,878,10
96172,R59,KwaZulu-Natal,2014,3802,1404,2993,4327,0
96173,R63,KwaZulu-Natal,2014,3802,1404,2993,4328,0
96174,R73,KwaZulu-Natal,2014,,13,294,4329,0
109097,SA2018-601,,2018,,8,228,5268,0
109098,SA2018-602,,2018,621,,23,5269,0
109099,SA2018-603,,2018,,13,285,5270,0
109100,SA2018-604,,2018,621,13,23,5271,
109101,SA2018-605,,2018,251,13,228,5272,0
109102,SA2018-606,,2018,251,13,228,5272,0
109103,SA2018-607,,2018,333,13,,5273,0
109104,SA2018-609,,2018,251,13,285,763,0
109105,SA2018-610,,2018,251,13,,5274,0
109106,SA2018-611,,2018,251,13,17,5275,0
109107,SA2018-612,,2018,,8,23,5276,0
109108,SA2018-613,,2018,2759,8,294,763,0
109109,SA2018-614,,2018,623,8,23,3894,
109110,SA2018-615,,2018,619,8,166,5277,0
109111,SA2019-810,,2019,612,8,294,2218,0
109112,SA2019-812,,2019,,8,23,5278,
109113,SA2019-813,,2019,251,13,285,878,
109114,SA2019-814,,2019,621,13,23,5269,0
109115,SA2019-815,,2019,23,,,554,0
109116,SA2019-816,,2019,,13,228,,3
109117,SA2019-817,,2019,23,13,285,554,0
109118,SA2019-818,,2019,251,13,285,878,
109119,SA2019-819,,2019,333,13,285,5273,
109120,SA2018-820,,2018,,13,228,5279,3
109121,SA2018-821,,2018,,8,23,5280,0
115183,19MUS-SR081,,2019,,,,,
115184,21MUS-AH021,,2021,,,,,
115185,21MUS-AH105,,2021,,,,,
123332,7148,,2022,,,,,
123333,5054,,2022,,,,,
123334,1077,,2022,,,,,
123335,2003,,2022,,,,,
123336,7023,,2022,,,,,
123337,8054,,2022,,,,,
123338,7064,,2022,,,,,
123339,5051,,2022,,,,,
123340,3146,,2022,,,,,
123341,8081,,2022,,,,,
123342,1030,,2022,,,,,
123343,3159,,2022,,,,,
123344,3123,,2022,,,,,
123345,1075,,2022,,,,,
123346,8050,,2022,,,,,
123347,3031,,2022,,,,,
126241,7135,,2022,,,,,
126242,8099,,2022,,,,,
126243,3096,,2022,,,,,
126244,8076,,2022,,,,,
126245,8060,,2022,,,,,
126246,3140,,2022,,,,,
126247,3166,,2022,,,,,
126248,3085,,2022,,,,,
126249,1071,,2022,,,,,
126250,3118,,2022,,,,,
126251,8023,,2022,,,,,
126252,8039,,2022,,,,,
126253,1040,,2022,,,,,
126254,3062,,2022,,,,,
126255,8030,,2022,,,,,
126256,3095,,2022,,,,,
126257,1037,,2022,,,,,
126258,7152,,2022,,,,,
126259,5068,,2022,,,,,
126260,8102,,2022,,,,,
126261,7072,,2022,,,,,
126262,5059,,2022,,,,,
126263,5029,,2022,,,,,
126264,1065,,2022,,,,,
126265,8098,,2022,,,,,
126266,1060,,2022,,,,,
126267,1053,,2022,,,,,
126268,8011,,2022,,,,,
126269,3075,,2022,,,,,
126270,7154,,2022,,,,,
126271,3158,,2022,,,,,
126272,3121,,2022,,,,,
126273,3163,,2022,,,,,
126274,8078,,2022,,,,,
126275,5060,,2022,,,,,
126929,3115,,2022,,,,,
126930,5043,,2022,,,,,
126931,5018,,2022,,,,,
126932,7079,,2022,,,,,
126933,3044,,2022,,,,,
126934,7039,,2022,,,,,
126935,5037,,2022,,,,,
126936,3076,,2022,,,,,
126937,7070,,2022,,,,,
126938,1074,,2022,,,,,
126939,7129,,2022,,,,,
126940,1087,,2022,,,,,
126941,3108,,2022,,,,,
126942,1109,,2022,,,,,
126943,5034,,2022,,,,,
126944,7052,,2022,,,,,
126945,1105,,2022,,,,,
126946,5006,,2022,,,,,
126947,7113,,2022,,,,,
126948,8089,,2022,,,,,
126949,5025,,2022,,,,,
131095,GP-12-MUS-048,Gauteng Province,2012,,13,3248,912,0
131096,GP-12-MUS-049,Gauteng Province,2012,,8,23,2727,2
131097,GP-12-MUS-052,Gauteng Province,2012,621,13,23,,2
131098,GP-12-MUS-069,Gauteng Province,2012,619,8,294,,0
131099,GP-12-MUS-071,Gauteng Province,2012,251,13,228,,3
131100,GP-12-MUS-086,Gauteng Province,2012,2759,8,294,763,3
131101,GP-12-MUS-088,Gauteng Province,2012,251,13,228,,3
131102,GP-12-MUS-092,Gauteng Province,2012,,8,23,,0
131103,GP-12-MUS-093,Gauteng Province,2012,2759,8,294,763,0
131104,GP-12-MUS-096,Gauteng Province,2012,621,13,23,1279,2
131105,GP-12-MUS-099,Gauteng Province,2012,619,8,294,,3
131106,GP-12-MUS-102,Gauteng Province,2012,621,8,23,6296,3
131107,GP-12-MUS-107,Gauteng Province,2012,19,8,294,,0
131108,GP-12-MUS-109,Gauteng Province,2012,618,8,166,,0
131109,GP-12-MUS-110,Gauteng Province,2012,251,13,228,,3
131110,GP-12-MUS-115,Gauteng Province,2012,,13,23,,2
131111,GP-12-MUS-116,Gauteng Province,2012,,8,20,,0
131112,GP-12-MUS-117,Gauteng Province,2012,667,13,228,,3
131113,GP-12-MUS-124,Gauteng Province,2012,251,13,228,,3
131114,GP-12-MUS-137,Gauteng Province,2012,2759,8,294,,0
131115,GP-12-MUS-163,Gauteng Province,2012,251,13,228,6298,3
131116,GP-12-MUS-166,Gauteng Province,2012,1399,8,166,1601,2
131117,GP-12-MUS-170,Gauteng Province,2012,667,13,228,,0
131118,GP-12-MUS-180,Gauteng Province,2012,2759,8,294,,0
131119,GP-12-MUS-190,Gauteng Province,2012,251,13,285,878,0
131120,GP-12-MUS-199,Gauteng Province,2012,621,13,23,,0
131121,GP-12-MUS-205,Gauteng Province,2012,251,13,228,,3
131122,GP-12-MUS-208,Gauteng Province,2012,251,13,228,763,3
131123,GP-12-MUS-211,Gauteng Province,2012,184,13,20,,0
131124,GP-12-MUS-214,Gauteng Province,2012,621,13,23,4329,0
131125,GP-12-MUS-220,Gauteng Province,2012,251,13,285,878,0
131126,GP-12-MUS-242,Gauteng Province,2012,,,,763,3
131127,GP-12-MUS-250,Gauteng Province,2012,2759,8,294,763,3
131128,GP-12-MUS-251,Gauteng Province,2012,2759,13,228,6298,3
131129,GP-12-MUS-252,Gauteng Province,2012,22,8,166,,0
131130,GP-12-MUS-264,Gauteng Province,2012,333,13,285,,3
131131,GP-12-MUS-273,Gauteng Province,2012,251,13,228,,0
131132,GP-12-MUS-276,Gauteng Province,2012,251,13,228,,3
131133,GP-12-MUS-283,Gauteng Province,2012,333,13,23,826,3
131134,GP-12-MUS-289,Gauteng Province,2012,251,13,228,,3
131135,GP-12-MUS-291,Gauteng Province,2012,1399,8,166,,0
131136,GP-12-MUS-297,Gauteng Province,2012,251,8,228,,3
131137,GP-12-MUS-303,Gauteng Province,2012,251,8,228,9300,0
131138,GP-12-MUS-307,Gauteng Province,2012,251,13,228,6298,0
131139,GP-12-MUS-311,Gauteng Province,2012,184,13,166,,0
131140,GP-12-MUS-312,Gauteng Province,2012,251,13,228,,3
131141,GP-12-MUS-317,Gauteng Province,2012,,13,285,6279,
131142,GP-12-MUS-319,Gauteng Province,2012,621,13,23,4329,2
131143,GP-12-MUS-324,Gauteng Province,2012,1399,8,166,,0
131144,GP-12-MUS-325,Gauteng Province,2012,2759,8,294,,
131145,GP-12-MUS-331,Gauteng Province,2012,251,13,228,,0
131146,GP-12-MUS-333,Gauteng Province,2012,621,13,166,,0
131147,GP-12-MUS-337,Gauteng Province,2012,,13,228,,
131148,GP-12-MUS-339,Gauteng Province,2012,251,,228,,3
131149,GP-12-MUS-356,Gauteng Province,2012,333,13,285,2500,3
131150,GP-12-MUS-358,Gauteng Province,2012,333,13,285,,3
131151,GP-12-MUS-361,Gauteng Province,2012,1399,8,166,,0
131152,GP-12-MUS-363,Gauteng Province,2012,623,8,23,,3
131153,GP-12-MUS-368,Gauteng Province,2012,251,13,228,,3
131154,GP-12-MUS-371,Gauteng Province,2012,251,13,228,,
131155,GP-13-MUS-001,Gauteng Province,2013,667,13,228,,0
131156,GP-13-MUS-015,Gauteng Province,2013,251,13,285,,0
131157,GP-13-MUS-032,Gauteng Province,2013,251,13,228,6298,3
131158,GP-13-MUS-044,Gauteng Province,2013,251,13,228,,3
131159,GP-13-MUS-047,Gauteng Province,2013,333,13,285,,3
131160,GP-13-MUS-051,Gauteng Province,2013,251,13,285,878,0
131161,GP-13-MUS-052,Gauteng Province,2013,251,13,285,,0
131162,GP-13-MUS-053,Gauteng Province,2013,251,13,228,,3
131163,GP-13-MUS-067,Gauteng Province,2013,333,13,285,,3
131164,GP-13-MUS-068,Gauteng Province,2013,2759,8,228,,3
131165,GP-13-MUS-070,Gauteng Province,2013,251,13,228,,3
131166,GP-13-MUS-073,Gauteng Province,2013,19,8,294,,0
131167,GP-13-MUS-076,Gauteng Province,2013,621,13,23,,2
131168,GP-13-MUS-077,Gauteng Province,2013,251,13,228,,
131169,GP-13-MUS-080,Gauteng Province,2013,2759,8,294,,3
131170,GP-13-MUS-081,Gauteng Province,2013,19,1230,294,,0
131171,GP-13-MUS-083,,2013,,,,,
131172,GP13-MUS-085,Gauteng Province,2013,251,13,228,,3
131173,GP13-MUS-086,Gauteng Province,2013,,8,228,1109,
131174,GP13-MUS-088,Gauteng Province,2013,251,,228,3131,3
131175,GP-13-MUS-096,Gauteng Province,2013,,8,23,,2
131176,GP-13-MUS-099,Gauteng Province,2013,621,13,228,,3
131177,GP-13-MUS-103,Gauteng Province,2013,19,8,287,912,0
131178,GP-13-MUS-105,Gauteng Province,2013,,8,515,,3
131179,GP-13-MUS-107,Gauteng Province,2013,,8,23,,0
131180,GP-13-MUS-109,Gauteng Province,2013,621,13,23,,2
131181,GP-13-MUS-116,Gauteng Province,2013,2759,8,294,,3
131182,GP-13-MUS-120,Gauteng Province,2013,621,13,23,,0
131183,GP-13-MUS-121,Gauteng Province,2013,251,13,228,,3
131184,GP-13-MUS-129,Gauteng Province,2013,2759,8,294,,0
131185,GP-13-MUS-132,Gauteng Province,2013,,8,23,,2
131186,GP-13-MUS-133,Gauteng Province,2013,251,13,228,878,3
131187,GP-13-MUS-134,Gauteng Province,2013,,8,294,4127,0
131188,GP13-MUS-144,Gauteng Province,2013,,8,23,,0
131189,GP13-MUS-145,Gauteng Province,2013,251,8,228,,3
131190,GP13-MUS-152,Gauteng Province,2013,,223,166,,0
131191,GP13-MUS-177,Gauteng Province,2013,2759,8,294,,0
131192,GP13-MUS-179,Gauteng Province,2013,251,13,228,763,3
131193,GP13-MUS-187,Gauteng Province,2013,251,13,228,,3
131194,GP13-MUS-189,Gauteng Province,2013,621,13,23,,2
131195,GP13-MUS-190,Gauteng Province,2013,251,8,228,,0
131196,GP13-MUS-195,Gauteng Province,2013,251,13,228,763,3
131197,GP13-MUS-196,Gauteng Province,2013,,13,285,,3
131198,GP13-MUS-203,Gauteng Province,2013,,8,166,,2
131199,GP13-MUS-206,Gauteng Province,2013,251,13,228,,0
131200,GP13-MUS-208,Gauteng Province,2013,251,13,228,,3
131201,GP13-MUS-210,Gauteng Province,2013,251,13,228,878,3
131202,GP13-MUS-213,Gauteng Province,2013,251,13,228,,0
131203,GP13-MUS-215,Gauteng Province,2013,621,13,23,,0
131204,GP13-MUS-218,Gauteng Province,2013,2759,8,294,763,0
131205,GP13-MUS-225,Gauteng Province,2013,623,,515,,
131206,GP13-MUS-231,Gauteng Province,2013,619,8,294,,0
131207,GP-13-MUS-235,Gauteng Province,2013,619,8,294,,0
131208,GP-13-MUS-236,Gauteng Province,2013,621,13,294,1118,0
131209,GP-13-MUS-243,Gauteng Province,2013,251,13,228,6298,3
131210,GP-13-MUS-244,Gauteng Province,2013,,8,23,,2
131211,GP-13-MUS-247,Gauteng Province,2013,619,8,294,,0
131212,GP-13-MUS-253,Gauteng Province,2013,,13,23,,2
131213,GP-13-MUS-256,Gauteng Province,2013,251,13,228,,3
131214,GP-13-MUS-257,Gauteng Province,2013,251,13,228,,
131215,GP-13-MUS-258,Gauteng Province,2013,251,13,228,,0
131216,GP-13-MUS-269,Gauteng Province,2013,251,13,228,6298,3
131217,GP-13-MUS-271,Gauteng Province,2013,613,8,23,,80
131218,GP-13-MUS-272,Gauteng Province,2013,619,8,294,,0
131219,GP-13-MUS-275,Gauteng Province,2013,621,13,23,4329,0
131220,GP-13-MUS-276,Gauteng Province,2013,1399,8,166,,2
131221,GP-14-MUS-017,Gauteng Province,2014,667,13,294,,0
131222,GP-14-MUS-032,Gauteng Province,2014,251,13,228,,3
131223,GP-14-MUS-033,Gauteng Province,2014,586,13,287,4704,2
131224,GP-14-MUS-034,Gauteng Province,2014,251,13,228,,0
131225,GP-14-MUS-042,Gauteng Province,2014,251,13,228,,
131226,GP-14-MUS-052,Gauteng Province,2014,619,8,294,,3
131227,GP-14-MUS-054,Gauteng Province,2014,621,13,23,,2
131228,GP-14-MUS-057,Gauteng Province,2014,251,13,228,,130
131229,GP-14-MUS-063,Gauteng Province,2014,621,8,23,,0
131230,GP-14-MUS-064,Gauteng Province,2014,621,13,23,,0
131231,GP-14-MUS-069,Gauteng Province,2014,1399,8,166,,0
131232,GP-14-MUS-081,Gauteng Province,2014,623,8,515,,3
131233,GP-14-MUS-082,Gauteng Province,2014,,8,166,763,2
131234,GP-14-MUS-088,Gauteng Province,2014,623,8,23,,0
131235,GP-14-MUS-092,Gauteng Province,2014,613,8,228,,0
131236,GP-14-MUS-094,Gauteng Province,2014,251,13,228,,3
131237,GP-14-MUS-095,Gauteng Province,2014,22,13,266,,0
131238,GP-14-MUS-099,Gauteng Province,2014,251,13,228,6298,0
131239,GP-14-MUS-103,Gauteng Province,2014,251,13,228,,3
131240,GP-14-MUS-105,Gauteng Province,2014,184,,285,,3
131241,GP-14-MUS-107,Gauteng Province,2014,621,8,23,,2
131242,GP-14-MUS-110,Gauteng Province,2014,251,13,228,,3
131243,GP-14-MUS-114,Gauteng Province,2014,22,13,166,,0
131244,GP-14-MUS-117,Gauteng Province,2014,333,13,285,826,3
131245,GP-14-MUS-121,Gauteng Province,2014,333,13,494,,3
131246,GP-14-MUS-139,Gauteng Province,2014,251,13,228,,3
131247,GP-14-MUS-143,Gauteng Province,2014,,13,228,763,3
131248,GP-14-MUS-147,Gauteng Province,2014,,8,3248,8437,0
131249,GP-14-MUS-150,Gauteng Province,2014,23,13,228,,3
131250,GP-14-MUS-151,Gauteng Province,2014,251,13,228,,3
131251,GP-14-MUS-154,Gauteng Province,2014,251,13,228,,3
131252,GP-14-MUS-156,Gauteng Province,2014,251,13,228,,3
131253,GP-14-MUS-165,Gauteng Province,2014,,13,285,,
131254,GP-14-MUS-183,Gauteng Province,2014,251,13,228,,3
131255,GP-14-MUS-189,Gauteng Province,2014,2759,8,294,,0
131256,GP-14-MUS-194,Gauteng Province,2014,,13,294,878,10
131257,GP-14-MUS-211,Gauteng Province,2014,184,13,3253,,0
131258,GP-14-MUS-212,Gauteng Province,2014,251,13,21,,0
131259,GP-14-MUS-213,Gauteng Province,2014,251,13,228,,
131260,GP-14-MUS-214,Gauteng Province,2014,251,13,228,763,3
131261,GP-14-MUS-218,Gauteng Province,2014,251,13,228,3131,3
131262,GP-14-MUS-219,Gauteng Province,2014,251,13,228,,3
131263,GP-14-MUS-221,Gauteng Province,2014,251,13,228,,3
131264,GP-14-MUS-224,Gauteng Province,2014,19,8,294,7705,0
131265,GP-14-MUS-232,Gauteng Province,2014,251,13,285,4329,0
131266,GP-14-MUS-238,Gauteng Province,2014,251,13,228,,3
131267,GP-14-MUS-243,Gauteng Province,2014,251,13,228,,0
131268,GP-14-MUS-244,Gauteng Province,2014,251,13,228,,0
131269,GP-14-MUS-246,Gauteng Province,2014,333,13,285,5276,
131270,GP-14-MUS-247,Gauteng Province,2014,251,13,228,5273,
131271,GP-14-MUS-250,Gauteng Province,2014,251,13,228,,3
131272,GP-14-MUS-251,Gauteng Province,2014,619,8,294,,3
131273,GP-14-MUS-252,Gauteng Province,2014,251,13,228,,3
131274,15MUS-AH001,Gauteng Province,2015,251,13,228,,3
131275,15MUS-AH007,Gauteng Province,2015,,8,23,,0
131276,15MUS-AH008,Gauteng Province,2015,251,13,228,,3
131277,15MUS-AH009,Gauteng Province,2015,,13,228,,0
131278,15MUS-AH021,Gauteng Province,2015,251,13,228,,3
131279,15MUS-AH029,Gauteng Province,2015,19,8,294,912,0
131280,15MUS-AH030,Gauteng Province,2015,,13,285,6279,3
131281,15MUS-AH041,Gauteng Province,2015,251,13,228,,
131282,15MUS-AH042,Gauteng Province,2015,,8,294,,
131283,15MUS-AH060,Gauteng Province,2015,621,13,23,4325,0
131284,15MUS-AH061,Gauteng Province,2015,251,13,285,878,0
131285,15MUS-AH063,Gauteng Province,2015,251,13,228,2486,0
131286,15MUS-AH064,Gauteng Province,2015,,8,166,763,2
131287,15MUS-AH068,Gauteng Province,2015,251,13,228,763,3
131288,15MUS-AH077,Gauteng Province,2015,,8,23,6289,
131289,15MUS-AH078,Gauteng Province,2015,251,13,228,,3
131290,15MUS-AH079,Gauteng Province,2015,,13,228,878,3
131291,15MUS-AH083,Gauteng Province,2015,621,13,23,878,129
131292,15MUS-AH084,Gauteng Province,2015,251,13,228,,3
131293,15MUS-AH085,Gauteng Province,2015,,8,23,,0
131294,15MUS-AH086,Gauteng Province,2015,618,13,294,6283,0
131295,15MUS-AH087,Gauteng Province,2015,333,13,285,,3
131296,15MUS-AH088,Gauteng Province,2015,621,13,23,,2
131297,15MUS-AH089,Gauteng Province,2015,251,13,228,763,3
131298,15MUS-AH092,Gauteng Province,2015,619,8,294,,0
131299,15MUS-AH093,Gauteng Province,2015,251,13,285,,0
131300,15MUS-AH094,Gauteng Province,2015,623,8,515,,0
131301,15MUS-AH096,Gauteng Province,2015,613,8,294,,0
131302,15MUS-AH101,Gauteng Province,2015,251,13,294,878,0
131303,15MUS-AH103,Gauteng Province,2015,251,13,228,,3
131304,15MUS-AH106,Gauteng Province,2015,621,13,23,4329,0
131305,15MUS-AH108,Gauteng Province,2015,251,13,228,763,3
131306,15MUS-AH112,Gauteng Province,2015,333,13,285,826,3
131307,15MUS-AH113,Gauteng Province,2015,2759,8,294,,0
131308,15MUS-AH117,Gauteng Province,2015,251,13,285,878,0
131309,15MUS-AH119,Gauteng Province,2015,619,8,294,,0
131310,15MUS-AH121,Gauteng Province,2015,251,8,228,669,0
131311,15MUS-AH122,Gauteng Province,2015,621,8,23,,0
131312,15MUS-AH130,Gauteng Province,2015,,13,228,,3
131313,15MUS-AH131,Gauteng Province,2015,2759,8,17,6295,0
131314,15MUS-AH133,Gauteng Province,2015,621,13,23,763,2
131315,15MUS-AH135,Gauteng Province,2015,621,13,23,4325,0
131316,15MUS-AH138,Gauteng Province,2015,251,13,228,,3
131317,15MUS-AH140,Gauteng Province,2015,251,13,228,,3
131318,15MUS-AH143,Gauteng Province,2015,251,13,228,,
131319,15MUS-AH146,Gauteng Province,2015,251,13,228,,0
131320,15MUS-AH148,Gauteng Province,2015,251,13,228,,3
131321,15MUS-AH149,Gauteng Province,2015,619,,294,,0
131322,15MUS-AH150,Gauteng Province,2015,,,23,,0
131323,15MUS-AH152,Gauteng Province,2015,251,13,228,,
131324,15MUS-AH153,Gauteng Province,2015,251,13,285,,3
131325,15MUS-AH154,Gauteng Province,2015,251,13,228,,3
131326,15MUS-AH160,Gauteng Province,2015,621,13,294,,2
131327,15MUS-AH165,Gauteng Province,2015,251,13,228,,3
131328,15MUS-AH166,Gauteng Province,2015,251,13,294,,3
131329,16MUS-AH007,Gauteng Province,2016,251,13,228,,3
131330,16MUS-AH009,Gauteng Province,2016,251,13,294,,0
131331,16MUS-AH010,Gauteng Province,2016,613,8,228,6282,80
131332,16MUS-AH011,Gauteng Province,2016,621,13,294,,0
131333,16MUS-AH012,Gauteng Province,2016,621,13,23,,2
131334,16MUS-AH017,Gauteng Province,2016,251,13,228,878,3
131335,16MUS-AH019,Gauteng Province,2016,333,13,285,826,
131336,16MUS-AH023,Gauteng Province,2016,2759,8,285,,3
131337,16MUS-AH026,Gauteng Province,2016,251,13,228,,
131338,16MUS-AH029,Gauteng Province,2016,,13,228,,3
131339,16MUS-AH030,Gauteng Province,2016,333,13,285,,3
131340,16MUS-AH034,Gauteng Province,2016,251,13,294,6298,0
131341,16MUS-AH057,Gauteng Province,2016,251,13,228,,3
131342,16MUS-AH060,Gauteng Province,2016,251,13,228,,0
131343,16MUS-AH062,Gauteng Province,2016,251,13,228,,3
131344,16MUS-AH063,Gauteng Province,2016,251,13,23,878,0
131345,16MUS-AH064,Gauteng Province,2016,621,13,294,,0
131346,16MUS-AH067,Gauteng Province,2016,333,13,285,6279,
131347,16MUS-AH068,Gauteng Province,2016,251,13,228,,3
131348,16MUS-aH070,Gauteng Province,2016,621,13,23,,0
131349,16MUS-AH082,Gauteng Province,2016,621,13,23,5355,2
131350,16MUS-AH085,Gauteng Province,2016,251,13,228,,3
131351,16MUS-AH087,Gauteng Province,2016,621,8,23,4325,0
131352,16MUS-AH088,Gauteng Province,2016,333,13,285,5276,3
131353,16MUS-AH089,Gauteng Province,2016,251,13,228,,3
131354,16MUS-AH091,Gauteng Province,2016,621,13,23,,2
131355,16MUS-AH093,Gauteng Province,2016,251,13,228,,3
131356,16MUS-AH094,Gauteng Province,2016,,8,3249,763,0
131357,16MUS-AH097,Gauteng Province,2016,251,13,228,,3
131358,16MUS-AH100,Gauteng Province,2016,251,13,228,,
131359,16MUS-AH101,Gauteng Province,2016,623,8,23,,0
131360,16MUS-AH109,Gauteng Province,2016,251,13,228,,3
131361,16MUS-AH113,Gauteng Province,2016,251,13,228,,
131362,16MUS-AH116,Gauteng Province,2016,,13,285,5273,3
131363,16MUS-AH118,Gauteng Province,2016,251,13,228,,3
131364,16MUS-AH119,Gauteng Province,2016,251,13,228,,3
131365,16MUS-AH121,Gauteng Province,2016,19,1381,294,,0
131366,16MUS-AH124,Gauteng Province,2016,251,13,228,,3
131367,16MUS-AH126,Gauteng Province,2016,251,13,228,,3
131368,16MUS-AH131,Gauteng Province,2016,251,13,228,,0
131369,16MUS-AH140,Gauteng Province,2016,251,13,285,,
131370,16MUS-AH142,Gauteng Province,2016,621,13,23,,2
131371,16MUS-AH146,Gauteng Province,2016,2759,8,294,878,0
131372,16MUS-AH147,Gauteng Province,2016,251,13,228,6298,3
131373,16MUS-AH152,Gauteng Province,2016,621,13,23,,0
131374,17MUS-AH002,Gauteng Province,2017,621,13,23,4329,2
131375,17MUS-AH004,Gauteng Province,2017,333,13,285,5273,3
131376,17MUS-AH007,Gauteng Province,2017,251,13,228,3131,3
131377,17MUS-AH009,Gauteng Province,2017,621,13,23,763,2
131378,17MUS-AH011,Gauteng Province,2017,623,8,3250,,3
131379,17MUS-AH012,Gauteng Province,2017,251,13,228,,3
131380,17MUS-AH014,Gauteng Province,2017,251,13,228,,3
131381,17MUS-AH015,Gauteng Province,2017,251,13,228,878,
131382,17MUS-AH018,Gauteng Province,2017,251,13,228,,
138787,7092,,2022,,,,,
139453,7316,,2023,,,,,
139454,8374,,2023,,,,,
139455,8486,,2023,,,,,
139860,5232,,2023,,,,,
139861,7493,,2023,,,,,
139862,5412,,2023,,,,,
140559,17MUS_AH099_S94,Gauteng,2017,,13,285,,3
140560,17MUS_AH121_S96,Gauteng,2017,251,13,228,,3
140561,17MUS_AH117_S95,Gauteng Province,2017,23,377,166,,0
140562,18MUS_AH145_S102,Gauteng Province,2018,,13,3513,,0
140563,18MUS_AH147_S103,Gauteng Province,2018,251,13,228,,3
140564,18MUS_KH083_S97,Western Cape,2018,,8,3514,,0
140565,18MUS_KM012_S99,Northern Cape,2018,,8,515,,
140566,18MUS_KM013_S80,Northern Cape,2018,,8,3515,,0
140567,18MUS_KM016_S100,Northern Cape,2018,,8,17,,0
140568,18MUS_KM021_S81,Northern Cape,2018,618,13,294,,0
140569,18MUS_KM070_S101,Northern Cape,2018,19,8,17,,0
140570,18MUS_KM071_S82,Northern Cape,2018,1399,8,294,,0
140571,18MUS_ZW085_S98,Eastern Cape,2018,,13,228,,3
140572,19MUS_AH073_S104,Gauteng Province,2019,22,8,538,,0
140573,19MUS_AH108_S105,Gauteng Province,2019,22,8,23,,3
140574,19MUS_AH110_S83,Gauteng Province,2019,621,13,23,,0
140575,19MUS_AH122_S106,Gauteng Province,2019,184,13,20,,0
140576,19MUS_AH166_S107,Gauteng Province,2019,251,13,228,6298,0
140577,20MUS_AH027_S84,Gauteng Province,2020,,8,228,,3
140578,20MUS_AH028_S108,Gauteng Province,2020,333,13,285,,0
140579,20MUS_AH030_S85,Gauteng Province,2020,,8,166,,0
140580,20MUS_AH032_S109,Gauteng Province,2020,,8,166,,2
140581,20MUS_AH0138_S110,Gauteng Province,2020,333,13,285,5273,121
140582,20MUS_CZ054_S86,KwaZulu Natal,2020,,8,294,878,0
140583,20MUS_CZ055_S111,KwaZulu Natal,2020,22,8,23,,3
140584,21MUS_AH020_S112,Gauteng Province,2021,251,13,228,,3
140585,21MUS_AH021_S113,Gauteng Province,2021,1399,8,166,,117
140586,21MUS_AH104_S114,Gauteng Province,2021,619,8,166,,3
140587,21MUS_AH105_S87,Gauteng Province,2021,2759,8,294,699,3
140588,21MUS_AH110_S115,Gauteng Province,2021,22,8,23,3894,3
140589,21MUS_AH111_S88,Gauteng Province,2021,,8,166,,0
140590,21MUS_AH124_S116,Gauteng Province,2021,22,8,23,,
140591,21MUS_AH125_S89,Gauteng Province,2021,1399,8,166,,117
140592,21MUS_AH166_S117,Gauteng Province,2021,333,13,285,,3
140593,21MUS_AH237_S90,Gauteng Province,2021,621,8,23,,3
140594,21MUS_AH239_S118,Gauteng Province,2021,,8,23,,0
140595,21MUS_CZ189_S91,KwaZulu Natal,2021,619,8,294,,
140596,21MUS_CZ191_S119,KwaZulu Natal,2021,251,8,228,,3
140597,21MUS_CZ197_S120,KwaZulu Natal,2021,,8,166,699,0
140598,21MUS_CZ198_S92,KwaZulu Natal,2021,619,8,294,,0
140599,21MUS_CZ201_S121,KwaZulu Natal,2021,22,8,23,,3
140600,22MUS_AH054_S93,Gauteng Province,2022,2759,8,294,699,3
140601,17MUS_AH098,Gauteng Province,2017,,8,166,763,0
140602,17MUS_AH118,Gauteng Province,2017,621,13,23,,2
140603,17MUS_AH120,Gauteng Province,2017,618,13,294,,0
140604,17MUS_KH085,Western Cape,2017,317,8,166,,0
140605,17MUS_ZW084,Eastern Cape,2017,,8,23,6289,0
140611,19MUS_AH072,Gauteng Province,2019,317,8,166,,0
140612,19MUS_AH119,Gauteng Province,2019,317,8,166,,0
140613,19MUS_AH164,Gauteng Province,2019,1399,8,294,763,0
140617,20MUS_AH139,Gauteng Province,2020,,8,23,,3
140618,21MUS_AH165,Gauteng Province,2021,,8,294,699,3
140619,21MUS_CZ202,KwaZulu Natal,2021,623,8,23,,0
154263,LLL001,,2013,618,13,294,9936,2
154264,LLL002,,2013,621,13,23,9937,0
154265,LLL003,,2013,621,13,23,4325,0
154266,LLL004,,2013,,8,515,9938,0
154267,LLL005,,2013,621,13,23,9939,2
154268,LLL006,,2013,2759,8,294,4326,0
154269,LLL007,,2013,2759,8,294,763,0
154270,LLL008,,2013,2759,8,294,2480,
154271,LLL009,,2013,621,13,294,9940,2
154272,LLL010,,2013,,8,23,6289,0
154273,LLL011,,2013,619,8,294,9941,0
154274,LLL012,,2013,619,8,294,5355,3
154275,LLL013,,2013,,8,294,9942,0
154276,LLL014,,2013,2759,8,294,8445,0
154277,LLL015,,2013,19,8,294,9943,0
154278,LLL016,,2013,,13,23,9944,0
154279,LLL017,,2013,251,,23,9945,0
154280,LLL018,,2013,2759,8,294,8766,0
154281,LLL019,,2013,619,8,294,9946,3
154282,LLL020,,2013,184,13,166,9947,0
154283,LLL022,,2013,19,8,515,9948,0
154284,LLL023,,2013,621,13,23,4325,0
154285,LLL024,,2013,251,13,228,9949,3
154286,LLL026,,2014,621,13,294,9950,2
154287,LLL027,,2014,621,13,23,9948,2
154288,LLL028,,2014,619,8,3123,9951,0
154289,LLL029,,2014,,8,294,9952,3
154290,LLL030,,2014,2759,13,23,9953,3
154291,LLL031,,2014,251,13,294,699,3
154292,LLL032,,2014,333,13,285,763,3
154293,LLL034,,2014,251,13,228,9954,3
154294,LLL035,,2014,333,13,285,826,
154295,LLL037,,2014,,13,23,4325,2
154296,LLL038,,2014,,13,228,3131,0
154297,LLL039,,2014,621,13,23,9955,0
154298,LLL040,,2014,251,13,228,9956,3
154299,LLL041,,2014,251,13,228,6298,3
154300,LLL042,,2014,251,13,228,9957,3
154301,LLL043,,2014,251,13,228,9958,3
154302,LLL044,,2014,1399,8,515,9959,0
154303,LLL045,,2014,618,13,294,763,0
154304,LLL046,,2014,623,8,515,9960,3
154305,LLL048,,2014,251,13,294,878,10
154306,LLL049,,2014,621,13,23,9961,2
154307,LLL050,,2014,,8,294,9962,0
154308,MMM001,,2014,,13,294,878,2
154309,MMM002,,2014,251,13,228,9963,3
154310,MMM003,,2014,4465,13,228,9964,0
154311,MMM004,,2014,2759,8,294,9965,
154312,MMM005,,2014,623,8,515,9966,3
154313,MMM006,,2014,251,8,228,9967,3
154314,MMM007,,2014,2759,8,294,763,
154315,MMM008,,2014,251,8,228,9968,3
155409,GP12-MUS-242,Gauteng,2012,,8,294,763,
155410,GP13-MUS-070,Gauteng,2013,251,13,228,,3
155411,GP13-MUS-083,Gauteng,2013,,8,228,1109,80
155412,GP13-MUS-096,Gauteng,2013,,8,23,,2
155413,GP13-MUS-099,Gauteng,2013,621,13,228,,3
155414,GP13-MUS-103,Gauteng,2013,19,8,287,912,0
155415,GP13-MUS-105,Gauteng,2013,,8,515,,3
155416,GP13-MUS-107,Gauteng,2013,,8,23,,0
155417,GP13-MUS-109,Gauteng,2013,621,13,23,,2
155418,GP13-MUS-116,Gauteng,2013,2759,8,294,,3
155419,GP13-MUS-120,Gauteng,2013,621,13,23,,3
155420,GP13-MUS-121,Gauteng,2013,251,13,228,,3
155421,GP13-MUS-129,Gauteng,2013,2759,8,294,,0
155422,GP13-MUS-132,Gauteng,2013,,8,23,,2
155423,GP13-MUS-133,Gauteng,2013,251,13,228,878,3
155424,GP13-MUS-134,Gauteng,2013,,8,294,4127,0
155425,GP14-MUS-241,Gauteng,2014,251,13,228,6298,0
155426,15MUS-AH035,Gauteng,2015,251,13,228,,3
155427,15MUS-AH077-R,Gauteng,2015,,8,23,6289,0
155428,15MUS-AH080,Gauteng,2015,251,,228,6298,0
155429,15MUS-AH090,Gauteng,2015,251,13,228,763,3
155431,15MUS-AH129,Gauteng,2015,621,13,23,878,2
155433,15MUS-AH168,Gauteng,2015,821,8,166,,0
155434,16MUS-AH017-R,Gauteng,2016,251,13,228,878,3
155435,17MUS-AH017-R,Gauteng,2017,251,13,228,,3
155436,17MUS-AH019,Gauteng,2017,1620,13,285,5273,3
155437,17MUS-AH021,Gauteng,2017,251,13,228,6298,3
155438,17MUS-AH024,Gauteng,2017,333,13,285,,
155439,17MUS-AH026,Gauteng,2017,251,,228,,3
155440,17MUS-AH027,Gauteng,2017,251,13,228,,
155441,17MUS-AH029,Gauteng,2017,251,13,228,,3
155442,17MUS-AH034,Gauteng,2017,251,13,285,3894,0
155443,17MUS-AH035-R,Gauteng,2017,619,8,294,,
155444,17MUS-AH038,Gauteng,2017,623,8,515,,3
155445,17MUS-AH039,Gauteng,2017,251,13,228,,0
155446,17MUS-AH041,Gauteng,2017,251,13,285,878,0
155447,17MUS-AH044,Gauteng,2017,618,13,294,,0
155448,17MUS-AH047,Gauteng,2017,333,13,285,5276,3
155449,17MUS-AH051,Gauteng,2017,333,13,285,913,3
155450,17MUS-AH052,Gauteng,2017,1399,8,228,,0
155451,17MUS-AH054,Gauteng,2017,251,13,228,,3
155452,17MUS-AH056,Gauteng,2017,,,166,,2
155453,17MUS-AH057,Gauteng,2017,619,8,294,,0
155454,17MUS-AH058,Gauteng,2017,251,13,228,,3
155455,17MUS-AH059,Gauteng,2017,618,13,294,,0
155456,17MUS-AH060-R,Gauteng,2017,2759,8,23,,0
155457,17MUS-AH065,Gauteng,2017,251,13,228,,3
155458,17MUS-AH066,Gauteng,2017,333,13,285,5273,3
155459,17MUS-AH068,Gauteng,2017,251,13,228,,3
155460,17MUS-AH069,Gauteng,2017,621,13,23,,2
155461,17MUS-AH070-R,Gauteng,2017,251,,228,,3
155462,17MUS-AH071,Gauteng,2017,,8,23,,0
155463,17MUS-AH073-1,Gauteng,2017,251,13,228,6298,0
155464,17MUS-AH073-2,Gauteng,2017,251,13,228,6298,0
155465,17MUS-AH074,Gauteng,2017,623,13,294,,0
155466,17MUS-AH075,Gauteng,2017,251,13,228,,0
155467,17MUS-AH076,Gauteng,2017,,13,228,,3
155468,17MUS-AH098,Gauteng,2017,,8,166,763,0
155469,17MUS-AH100,Gauteng,2017,2759,8,294,5273,0
155470,17MUS-AH101,Gauteng,2017,251,13,228,6298,0
155471,17MUS-AH103,Gauteng,2017,786,8,166,,0
155472,17MUS-AH105,Gauteng,2017,621,13,23,,2
155473,17MUS-AH106,Gauteng,2017,,8,515,826,
155474,17MUS-AH107,Gauteng,2017,667,,1928,,0
155475,17MUS-AH108-1,Gauteng,2017,621,13,23,,0
155476,17MUS-AH108-2,Gauteng,2017,621,13,23,,0
155477,17MUS-AH110,Gauteng,2017,,13,228,,3
155478,17MUS-AH111,Gauteng,2017,251,13,228,,3
155479,17MUS-AH112,Gauteng,2017,251,13,228,763,3
155480,17MUS-AH116,Gauteng,2017,,8,23,,0
155481,17MUS-AH123,Gauteng,2017,,13,285,5273,3
155482,17MUS-AH124,Gauteng,2017,251,13,228,,3
155483,MP12-MUS-001,Mpumalanga,2012,,8,294,,3
155484,MP12-MUS-010,Mpumalanga,2012,2759,8,294,6292,0
155485,MP12-MUS-012,Mpumalanga,2012,621,13,23,,0
155486,MP12-MUS-013,Mpumalanga,2012,623,8,515,,3
155487,MP12-MUS-015,Mpumalanga,2012,623,8,294,,3
155488,MP12-MUS-028,Mpumalanga,2012,619,8,294,,3
155489,MP12-MUS-030,Mpumalanga,2012,621,13,23,,2
155490,MP12-MUS-035,Mpumalanga,2012,251,13,228,6298,3
155491,MP12-MUS-037,Mpumalanga,2012,621,13,23,,2
155492,MP12-MUS-041,Mpumalanga,2012,333,13,285,3680,3
155493,MP12-MUS-044,Mpumalanga,2012,618,13,294,,0
155494,MP12-MUS-046,Mpumalanga,2012,619,8,294,4325,0
155495,MP12-MUS-047,Mpumalanga,2012,2759,8,5217,763,3
155496,MP12-MUS-048,Mpumalanga,2012,1399,8,166,,0
155497,MP12-MUS-050,Mpumalanga,2012,251,13,228,763,0
155498,MP12-MUS-051,Mpumalanga,2012,19,13,23,,0
155499,MP12-MUS-053,Mpumalanga,2012,2743,8,228,1109,28
155500,MP12-MUS-055,Mpumalanga,2012,2759,8,294,,
155501,MP12-MUS-056,Mpumalanga,2012,619,8,3123,2500,0
155502,MP12-MUS-057,Mpumalanga,2012,619,8,294,,0
155503,MP12-MUS-059,Mpumalanga,2012,251,13,228,,3
155504,MP12-MUS-060,Mpumalanga,2012,,,294,,0
155508,MP12-MUS-066,Mpumalanga,2012,333,13,285,826,3
155509,MP12-MUS-069,Mpumalanga,2012,333,13,285,826,3
155510,MP12-MUS-074,Mpumalanga,2012,619,8,294,,3
155511,MP12-MUS-078,Mpumalanga,2012,619,8,294,4325,0
155512,MP12-MUS-079,Mpumalanga,2012,621,13,294,,2
155513,KN13-MUS-001,Kwazulu-Natal,2013,2759,8,294,763,3
155514,KN13-MUS-003,Kwazulu-Natal,2013,251,13,228,1106,3
155515,KN13-MUS-014,Kwazulu-Natal,2013,19,8,294,,0
155516,KN13-MUS-073,Kwazulu-Natal,2013,251,13,285,763,0
155517,KN13-MUS-075,Kwazulu-Natal,2013,333,13,285,2727,3
155518,KN13-MUS-076,Kwazulu-Natal,2013,,13,494,,0
155519,KN13-MUS-078,Kwazulu-Natal,2013,251,13,285,878,
155520,KN13-MUS-079,Kwazulu-Natal,2013,251,13,228,,3
155521,KN13-MUS-088,Kwazulu-Natal,2013,333,13,285,826,0
155522,KN13-MUS-090,Kwazulu-Natal,2013,,13,285,826,3
155523,KN13-MUS-098,Kwazulu-Natal,2013,,8,166,826,2
155524,KN13-MUS-106,Kwazulu-Natal,2013,251,13,228,,3
155525,KN13-MUS-111,Kwazulu-Natal,2013,251,13,228,,
155526,KN13-MUS-120,Kwazulu-Natal,2013,251,13,285,8449,0
155527,KN13-MUS-129,Kwazulu-Natal,2013,621,13,23,,3
155528,KN13-MUS-131,Kwazulu-Natal,2013,251,13,228,,3
155529,KN13-MUS-132,Kwazulu-Natal,2013,251,13,285,878,0
155530,KN13-MUS-137,Kwazulu-Natal,2013,333,13,285,5273,3
155531,KN13-MUS-140,Kwazulu-Natal,2013,184,13,3248,912,0
155532,KN13-MUS-141,Kwazulu-Natal,2013,251,13,228,,3
155533,KN13-MUS-143,Kwazulu-Natal,2013,251,13,228,3131,3
155534,KN13-MUS-145,Kwazulu-Natal,2013,2759,8,294,763,3
155535,KN13-MUS-180,Kwazulu-Natal,2013,333,13,285,,3
155536,KN13-MUS-197,Kwazulu-Natal,2013,621,13,23,4329,0
155537,KN13-MUS-200,Kwazulu-Natal,2013,251,13,228,6298,
155538,KN13-MUS-202,Kwazulu-Natal,2013,333,13,3248,826,3
155539,15MUS-GQ003,Eastern Cape,2015,3802,1404,2993,,0
155540,15MUS-GQ005,Eastern Cape,2015,,8,166,,0
155541,15MUS-GQ006,Eastern Cape,2015,251,13,285,,
155542,15MUS-GQ007,Eastern Cape,2015,,13,285,3894,3
155543,15MUS-GQ009-1,Eastern Cape,2015,251,13,285,,10
155544,15MUS-GQ009-2,Eastern Cape,2015,251,13,285,,
155545,15MUS-GQ040,Eastern Cape,2015,,8,20,3894,0
155546,15MUS-GQ047,Eastern Cape,2015,19,227,23,,0
155547,15MUS-GQ049,Eastern Cape,2015,623,8,515,,3
155548,15MUS-GQ053,Eastern Cape,2015,251,13,285,878,0
155549,15MUS-GQ151,Eastern Cape,2015,,8,18,,0
155550,14MUS-JO004,North West,2014,619,8,294,,0
155551,14MUS-JO006,North West,2014,251,13,228,,3
155552,14MUS-JO009,North West,2014,621,13,23,,0
155553,14MUS-JO011,North West,2014,251,13,228,,3
155554,14MUS-JO015,North West,2014,251,8,228,878,3
155555,14MUS-JO017,North West,2014,19,8,294,,0
155556,14MUS-JO020,North West,2014,,8,228,1109,0
155557,14MUS-JO027,North West,2014,251,13,228,8725,3
155558,14MUS-JO028,North West,2014,2759,,294,,0
155559,14MUS-JO029,North West,2014,22,8,20,,0
155560,14MUS-JO030,North West,2014,251,13,228,,0
155561,14MUS-JO033,North West,2014,251,13,228,,3
155562,14MUS-JO037,North West,2014,251,13,228,,3
155563,14MUS-JO038,North West,2014,621,13,23,,2
155564,14MUS-JO040,North West,2014,,8,228,1109,0
155565,14MUS-JO041,North West,2014,621,13,23,4329,0
155566,14MUS-JO045,North West,2014,251,13,294,699,3
155567,14MUS-JO055,North West,2014,2759,8,294,,0
155568,14MUS-JO060,North West,2014,621,13,23,,2
155569,14MUS-JO064,North West,2014,251,13,228,,3
155570,14MUS-JO066,North West,2014,251,13,228,,3
155571,14MUS-JO067,North West,2014,251,13,228,4325,3
155572,14MUS-JO068,North West,2014,251,13,228,,3
155573,14MUS-JO076,North West,2014,2759,8,294,763,3
155574,14MUS-JO077,North West,2014,22,13,266,,0
155575,14MUS-JO078,North West,2014,618,13,294,,0
155576,14MUS-JO084,North West,2014,251,13,228,,3
155577,20MUS-AH002,Gauteng,2020,22,8,23,6305,
155578,20MUS-AH004,Gauteng,2020,,13,228,,3
155579,20MUS-AH005,Gauteng,2020,1786,13,285,6332,3
155580,20MUS-AH007,Gauteng,2020,333,13,285,,3
155581,20MUS-AH008,Gauteng,2020,333,13,285,5273,3
155582,20MUS-AH010,Gauteng,2020,,13,166,,0
155583,20MUS-AH011,Gauteng,2020,333,13,285,,3
155584,20MUS-AH012,Gauteng,2020,251,13,228,,3
155585,20MUS-AH013,Gauteng,2020,251,13,228,,3
155586,20MUS-AH017,Gauteng,2020,251,13,228,,3
155587,20MUS-AH021,Gauteng,2020,,8,294,763,0
155588,20MUS-AH022,Gauteng,2020,22,8,23,,3
155589,20MUS-AH023,Gauteng,2020,22,8,23,,3
155590,20MUS-AH027,Gauteng,2020,,8,228,,3
155591,20MUS-AH030,Gauteng,2020,,8,166,,0
155592,20MUS-AH032,Gauteng,2020,,8,166,,2
155593,20MUS-AH034,Gauteng,2020,612,8,294,2134,0
155594,20MUS-AH036,Gauteng,2020,2759,13,23,,0
155595,20MUS-AH037,Gauteng,2020,2759,13,228,,
155596,20MUS-AH039,Gauteng,2020,251,13,228,,3
155597,20MUS-AH040,Gauteng,2020,631,13,285,,0
155598,20MUS-AH042,Gauteng,2020,2759,8,294,763,0
155599,20MUS-AH044-1,Gauteng,2020,,8,23,6289,0
155600,20MUS-AH044-2,Gauteng,2020,,8,23,6289,0
155601,20MUS-AH045,Gauteng,2020,22,8,23,,3
155602,20MUS-AH052,Gauteng,2020,613,8,294,,0
155603,20MUS-AH053,Gauteng,2020,22,8,23,,
155604,20MUS-AH054,Gauteng,2020,22,8,23,,3
155605,20MUS-AH055,Gauteng,2020,2759,8,294,,
155606,20MUS-AH057,Gauteng,2020,22,8,23,,3
155607,20MUS-AH061,Gauteng,2020,621,8,294,,0
155608,20MUS-AH063,Gauteng,2020,2759,8,294,,0
155609,20MUS-AH065,Gauteng,2020,619,8,294,,0
155610,20MUS-AH067,Gauteng,2020,619,,294,,0
155611,20MUS-AH074,Gauteng,2020,,8,23,6289,0
155612,20MUS-AH080,Gauteng,2020,333,13,285,6325,
155613,20MUS-AH081,Gauteng,2020,612,8,294,2218,0
155614,20MUS-AH083,Gauteng,2020,22,8,23,6305,3
155615,20MUS-AH084,Gauteng,2020,619,8,294,,0
155616,20MUS-AH085-1,Gauteng,2020,333,13,285,,3
155617,20MUS-AH085-2,Gauteng,2020,333,13,285,,3
155618,20MUS-AH095,Gauteng,2020,619,8,294,,0
155619,20MUS-AH096,Gauteng,2020,,8,23,,0
155620,20MUS-AH098-1,Gauteng,2020,2821,8,23,,0
155621,20MUS-AH098-2,Gauteng,2020,2821,8,23,,0
155622,20MUS-AH103,Gauteng,2020,1399,8,166,,0
155623,20MUS-AH104,Gauteng,2020,2759,8,294,,0
155624,20MUS-AH105,Gauteng,2020,22,8,23,,3
155625,20MUS-AH108,Gauteng,2020,22,8,23,,3
155626,20MUS-AH110-1,Gauteng,2020,667,13,228,,3
155627,20MUS-AH110-2,Gauteng,2020,667,13,228,,3
155628,20MUS-AH112,Gauteng,2020,1399,8,285,,3
155629,20MUS-AH114,Gauteng,2020,333,13,285,5273,121
155630,20MUS-AH117,Gauteng,2020,251,13,,5273,3
155631,20MUS-AH121,Gauteng,2020,251,13,285,878,10
155632,20MUS-AH122,Gauteng,2020,251,13,228,,3
155633,20MUS-AH124,Gauteng,2020,251,13,228,,3
155634,20MUS-AH125,Gauteng,2020,22,8,23,6305,3
155635,20MUS-AH127,Gauteng,2020,333,13,285,5273,3
155636,20MUS-AH129,Gauteng,2020,317,,166,,0
155637,20MUS-AH135,Gauteng,2020,619,8,294,,0
155638,20MUS-AH138,Gauteng,2020,333,13,285,5273,121
155639,20MUS-AH139,Gauteng,2020,,8,23,,3
155640,20MUS-AH141,Gauteng,2020,619,8,166,,0
155641,20MUS-AH143,Gauteng,2020,,8,166,5273,0
155642,20MUS-AH144,Gauteng,2020,19,8,294,,0
155643,20MUS-AH145,Gauteng,2020,22,8,23,1109,3
155644,20MUS-AH146,Gauteng,2020,619,8,294,,0
155645,20MUS-AH148,Gauteng,2021,,13,228,,3
155646,21MUS-AH003,Gauteng,2021,251,13,228,,3
155647,21MUS-AH004,Gauteng,2021,,8,294,,0
155648,21MUS-AH008,Gauteng,2021,619,8,294,,0
155649,21MUS-AH010,Gauteng,2021,,13,285,,0
155650,21MUS-AH012,Gauteng,2021,321,8,23,773,3
155651,21MUS-AH016,Gauteng,2021,2759,8,294,,0
155652,21MUS-AH017,Gauteng,2021,251,13,228,,3
155653,21MUS-AH018,Gauteng,2021,,,166,,0
155654,21MUS-AH021-R,Gauteng,2021,1399,8,166,,117
155655,21MUS-AH022,Gauteng,2021,251,13,228,,3
155656,21MUS-AH024,Gauteng,2021,619,,294,,0
155657,21MUS-AH025,Gauteng,2021,613,8,294,,0
155658,21MUS-AH027,Gauteng,2021,,8,23,6289,0
155659,21MUS-AH028,Gauteng,2021,1619,8,23,,0
155660,21MUS-AH031,Gauteng,2021,333,13,285,5273,
155661,21MUS-AH036,Gauteng,2021,333,13,285,5273,3
155662,21MUS-AH039,Gauteng,2021,2759,8,294,,3
155663,21MUS-AH042,Gauteng,2021,619,8,166,,0
155665,21MUS-AH052,Gauteng,2021,251,13,228,,3
155666,21MUS-AH053,Gauteng,2021,,8,23,,0
155667,21MUS-AH055,Gauteng,2021,623,,23,,0
155668,21MUS-AH056,Gauteng,2021,,,285,,0
155669,21MUS-AH057,Gauteng,2021,22,8,23,6281,
155670,21MUS-AH061,Gauteng,2021,612,8,294,2218,0
155671,21MUS-AH065,Gauteng,2021,,13,23,,2
155672,21MUS-AH071,Gauteng,2021,1399,8,294,763,0
155673,21MUS-AH072,Gauteng,2021,1399,8,294,763,0
155674,21MUS-AH073,Gauteng,2021,22,8,23,,3
155675,21MUS-AH074,Gauteng,2021,,8,228,,80
155676,21MUS-AH077,Gauteng,2021,251,13,228,,3
155677,21MUS-AH078,Gauteng,2021,619,8,294,6293,0
155678,21MUS-AH084,Gauteng,2021,333,13,285,,3
155679,21MUS-AH090,Gauteng,2021,623,8,23,1109,3
155680,21MUS-AH091,Gauteng,2021,333,13,285,,3
155681,21MUS-AH093,Gauteng,2021,333,13,285,,3
155682,21MUS-AH095,Gauteng,2021,22,8,23,,
155683,21MUS-AH098,Gauteng,2021,,8,166,,2
155684,21MUS-AH100,Gauteng,2021,333,13,285,,3
155685,21MUS-AH101,Gauteng,2021,251,13,228,,3
155686,21MUS-AH105-R,Gauteng,2021,2759,8,294,699,
155687,21MUS-AH106,Gauteng,2021,22,8,23,,3
155688,21MUS-AH109,Gauteng,2021,333,13,285,5273,
155689,21MUS-AH111,Gauteng,2021,,8,166,,0
155690,21MUS-AH113,Gauteng,2021,251,13,228,,0
155691,21MUS-AH114,Gauteng,2021,619,8,294,,0
155692,21MUS-AH115,Gauteng,2021,251,13,294,,3
155693,21MUS-AH119,Gauteng,2021,333,13,285,,0
155694,21MUS-AH122,Gauteng,2021,1399,8,294,763,0
155695,21MUS-AH125,Gauteng,2021,1399,8,166,,117
155696,21MUS-AH126,Gauteng,2021,2759,8,294,,3
155697,21MUS-AH127,Gauteng,2021,,8,23,6289,0
155698,21MUS-AH130,Gauteng,2021,,8,23,,3
155699,21MUS-AH131,Gauteng,2021,333,13,285,6300,3
155701,21MUS-AH133,Gauteng,2021,22,8,23,,3
155702,21MUS-AH134,Gauteng,2021,22,8,23,,3
155703,21MUS-AH136,Gauteng,2021,22,8,23,,3
155704,21MUS-AH137,Gauteng,2021,,8,23,,0
155705,21MUS-AH138,Gauteng,2021,321,8,23,773,
155706,21MUS-AH139,Gauteng,2021,251,13,228,,3
155707,21MUS-AH140,Gauteng,2021,22,8,23,,0
155710,21MUS-AH148,Gauteng,2021,333,13,285,,3
155711,21MUS-AH150,Gauteng,2021,251,13,228,,3
155712,21MUS-AH151,Gauteng,2021,,8,23,,0
155714,21MUS-AH153-2,Gauteng,2021,317,8,166,3836,0
155718,21MUS-AH164,Gauteng,2021,251,13,228,,3
155719,21MUS-AH165,Gauteng,2021,,8,294,699,
155720,21MUS-AH166,Gauteng,2021,333,13,285,,3
155722,21MUS-AH168,Gauteng,2021,621,13,23,1431,0
155723,21MUS-AH169-1,Gauteng,2021,22,8,23,,
155725,21MUS-AH171,Gauteng,2021,619,8,166,,0
155726,21MUS-AH174,Gauteng,2021,22,8,23,6305,
155728,21MUS-AH183,Gauteng,2021,22,8,23,,3
155729,21MUS-AH185,Gauteng,2021,619,8,166,,3
155730,21MUS-AH187,Gauteng,2021,612,8,294,2218,0
155733,21MUS-AH195,Gauteng,2021,,8,23,,0
155734,21MUS-AH196,Gauteng,2021,2759,8,294,763,3
155735,21MUS-AH198,Gauteng,2021,586,8,23,,
155738,21MUS-AH202,Gauteng,2021,,8,,,3
155741,21MUS-AH205,Gauteng,2021,,8,166,,0
155742,21MUS-AH209,Gauteng,2021,251,13,21,4715,3
155743,21MUS-AH210,Gauteng,2021,623,13,294,,2
155744,21MUS-AH216,Gauteng,2021,251,13,228,,0
155748,21MUS-AH223-2,Gauteng,2021,251,13,228,,3
155749,15MUS-PI001,KwaZulu-Natal,2015,,13,285,,
155750,15MUS-PI002,KwaZulu-Natal,2015,333,13,285,,3
155751,15MUS-PI003,KwaZulu-Natal,2015,333,13,285,,3
155752,15MUS-PI004,KwaZulu-Natal,2015,251,13,228,,3
155753,15MUS-PI005-WGS,KwaZulu-Natal,2015,,8,294,,10
155754,15MUS-PI006,KwaZulu-Natal,2015,251,13,228,,3
155755,15MUS-PI007,KwaZulu-Natal,2015,,8,228,1109,80
155756,15MUS-PI011,KwaZulu-Natal,2015,621,13,23,,
155757,15MUS-PI016,KwaZulu-Natal,2015,251,13,228,,
155758,20MUS-AH109,Gauteng,2020,22,8,23,,3
155759,15MUS-PI020,KwaZulu-Natal,2015,,8,294,763,0
155760,15MUS-PI025,KwaZulu-Natal,2015,621,13,23,,2
155761,15MUS-PI026,KwaZulu-Natal,2015,333,13,285,,3
155762,15MUS-PI029,KwaZulu-Natal,2015,251,13,228,,0
155763,15MUS-PI030,KwaZulu-Natal,2015,251,13,228,,3
155764,15MUS-PI036,KwaZulu-Natal,2015,1399,,515,,0
155767,15MUS-PI048,KwaZulu-Natal,2015,251,13,228,,3
155768,15MUS-PI056,KwaZulu-Natal,2015,251,13,228,,3
155769,15MUS-PI063-WGS,KwaZulu-Natal,2015,19,8,23,699,0
155770,15MUS-PI064,KwaZulu-Natal,2015,621,13,23,,3
155772,15MUS-PI066,KwaZulu-Natal,2015,2759,,294,763,0
155773,15MUS-PI067,KwaZulu-Natal,2015,251,13,228,6298,3
155774,15MUS-PI068,KwaZulu-Natal,2015,619,8,294,699,0
155775,15MUS-PI076,KwaZulu-Natal,2015,251,13,228,,0
155776,15MUS-PI077,KwaZulu-Natal,2015,251,13,3135,,3
155777,15MUS-PI078,KwaZulu-Natal,2015,,8,166,,0
155778,15MUS-PI080,KwaZulu-Natal,2015,19,8,294,5276,0
155779,15MUS-PI082,KwaZulu-Natal,2015,333,13,285,5273,
155780,15MUS-PI089,KwaZulu-Natal,2015,,8,228,1109,80
155781,15MUS-PI091-WGS,KwaZulu-Natal,2015,616,8,166,878,0
155782,15MUS-PI092-WGS,KwaZulu-Natal,2015,619,8,294,,0
155783,15MUS-PI093,KwaZulu-Natal,2015,,13,285,,
155784,15MUS-PI095,KwaZulu-Natal,2015,619,8,23,,3
155785,15MUS-PI097,KwaZulu-Natal,2015,,,294,,0
155787,15MUS-PI099,KwaZulu-Natal,2015,251,13,228,878,0
155788,15MUS-PI100,KwaZulu-Natal,2015,251,13,228,3131,3
155789,15MUS-PI103,KwaZulu-Natal,2015,333,13,285,3131;5273,3
155791,15MUS-PI105,KwaZulu-Natal,2015,613,8,228,,0
155792,15MUS-PI107,KwaZulu-Natal,2015,619,8,294,,3
155793,15MUS-PI110,KwaZulu-Natal,2015,333,13,285,5273,3
155794,15MUS-PI111,KwaZulu-Natal,2015,621,13,23,4329,3
155795,15MUS-PI112,KwaZulu-Natal,2015,251,13,285,,0
155796,18MUS-KM003,,2018,184,8,538,763,0
155797,18MUS-KM009,,2018,1399,8,294,,0
155798,18MUS-KM012,,2018,,8,515,,3
155799,18MUS-KM013,,2018,,8,3515,,0
155801,18MUS-KM021,,2018,618,13,294,,0
155802,18MUS-KM024,,2018,333,13,285,5273,3
155803,18MUS-KM025,,2018,251,13,228,,0
155804,18MUS-KM026,,2018,251,13,228,,0