id,isolate,region,year,cgST (N. gonorrhoeae cgMLST v2),LINcode (N. gonorrhoeae cgMLST v2),LINcode (N. gonorrhoeae cgMLST v2),,,,,,,,,,,LIN2,LIN3,LIN4
2858,22159,,,,,,,,,,,,,,,,_,__,___
31967,02_227,,1990,943,0_0_8_0_1_0_0_0_0_0_0,0,0,8,0,1,0,0,0,0,0,0,0_0,0_0_8,0_0_8_0
31968,02_228,,1991,944,1_7_1_0_0_0_0_0_0_0_0,1,7,1,0,0,0,0,0,0,0,0,1_7,1_7_1,1_7_1_0
31969,02_229,,1991,945,0_0_32_0_0_0_0_0_0_0_0,0,0,32,0,0,0,0,0,0,0,0,0_0,0_0_32,0_0_32_0
89182,15MUS-Pl003,,2015,,,,,,,,,,,,,,_,__,___
89183,15MUS-Pl044,,2015,,,,,,,,,,,,,,_,__,___
89185,15MUS-Pl098,,2015,,,,,,,,,,,,,,_,__,___
89186,17MUS-AH083,,2017,,,,,,,,,,,,,,_,__,___
89187,17MUS-AH094,,2017,,,,,,,,,,,,,,_,__,___
89188,17MUS-AH118,,2017,,,,,,,,,,,,,,_,__,___
89189,17MUS-AH035,,2017,,,,,,,,,,,,,,_,__,___
89190,15MUS-PI063,,2015,,,,,,,,,,,,,,_,__,___
89194,17MUS-AH070,,2017,,,,,,,,,,,,,,_,__,___
89195,15MUS-PI091,,2015,,,,,,,,,,,,,,_,__,___
89196,17MUS-AH060,,2017,,,,,,,,,,,,,,_,__,___
89197,15MUS-PI005,,2015,,,,,,,,,,,,,,_,__,___
89198,15MUS-PI092,,2015,,,,,,,,,,,,,,_,__,___
89199,17MUS-AH077,,2017,,,,,,,,,,,,,,_,__,___
89200,17MUS-AH017,,2017,,,,,,,,,,,,,,_,__,___
92898,JR-409,Township,2019,,,,,,,,,,,,,,_,__,___
92899,JR-413,Township,2019,,,,,,,,,,,,,,_,__,___
92900,JR-414,Township,2019,,,,,,,,,,,,,,_,__,___
92901,JR-412,Township,2018,,,,,,,,,,,,,,_,__,___
92902,JR-403,Township,2019,,,,,,,,,,,,,,_,__,___
92903,JR-401,Township,2019,,,,,,,,,,,,,,_,__,___
93214,G176,,2019,,,,,,,,,,,,,,_,__,___
96169,R3,KwaZulu-Natal,2013,9176;33260,0_0_25_2_0_0_0_0_0_0_0,0,0,25,2,0,0,0,0,0,0,0,0_0,0_0_25,0_0_25_2
96170,R6,KwaZulu-Natal,2013,9177;26999;33261,1_1_17_4_3_0_0_0_0_0_0,1,1,17,4,3,0,0,0,0,0,0,1_1,1_1_17,1_1_17_4
96171,R48,KwaZulu-Natal,2014,9178;26118;27000,0_16_5_0_0_0_0_0_0_0_0,0,16,5,0,0,0,0,0,0,0,0,0_16,0_16_5,0_16_5_0
96172,R59,KwaZulu-Natal,2014,26790,57_0_0_1_0_0_0_0_0_0_0,57,0,0,1,0,0,0,0,0,0,0,57_0,57_0_0,57_0_0_1
96173,R63,KwaZulu-Natal,2014,,,,,,,,,,,,,,_,__,___
96174,R73,KwaZulu-Natal,2014,26791,1_1_27_2_2_0_0_0_0_0_0,1,1,27,2,2,0,0,0,0,0,0,1_1,1_1_27,1_1_27_2
109097,SA2018-601,,2018,,,,,,,,,,,,,,_,__,___
109098,SA2018-602,,2018,,,,,,,,,,,,,,_,__,___
109099,SA2018-603,,2018,,,,,,,,,,,,,,_,__,___
109100,SA2018-604,,2018,,,,,,,,,,,,,,_,__,___
109101,SA2018-605,,2018,,,,,,,,,,,,,,_,__,___
109102,SA2018-606,,2018,,,,,,,,,,,,,,_,__,___
109103,SA2018-607,,2018,,,,,,,,,,,,,,_,__,___
109104,SA2018-609,,2018,,,,,,,,,,,,,,_,__,___
109105,SA2018-610,,2018,,,,,,,,,,,,,,_,__,___
109106,SA2018-611,,2018,,,,,,,,,,,,,,_,__,___
109107,SA2018-612,,2018,,,,,,,,,,,,,,_,__,___
109108,SA2018-613,,2018,,,,,,,,,,,,,,_,__,___
109109,SA2018-614,,2018,,,,,,,,,,,,,,_,__,___
109110,SA2018-615,,2018,,,,,,,,,,,,,,_,__,___
109111,SA2019-810,,2019,,,,,,,,,,,,,,_,__,___
109112,SA2019-812,,2019,,,,,,,,,,,,,,_,__,___
109113,SA2019-813,,2019,,,,,,,,,,,,,,_,__,___
109114,SA2019-814,,2019,,,,,,,,,,,,,,_,__,___
109115,SA2019-815,,2019,,,,,,,,,,,,,,_,__,___
109116,SA2019-816,,2019,,,,,,,,,,,,,,_,__,___
109117,SA2019-817,,2019,,,,,,,,,,,,,,_,__,___
109118,SA2019-818,,2019,,,,,,,,,,,,,,_,__,___
109119,SA2019-819,,2019,,,,,,,,,,,,,,_,__,___
109120,SA2018-820,,2018,,,,,,,,,,,,,,_,__,___
109121,SA2018-821,,2018,,,,,,,,,,,,,,_,__,___
115183,19MUS-SR081,,2019,,,,,,,,,,,,,,_,__,___
115184,21MUS-AH021,,2021,,,,,,,,,,,,,,_,__,___
115185,21MUS-AH105,,2021,,,,,,,,,,,,,,_,__,___
123332,7148,,2022,,,,,,,,,,,,,,_,__,___
123333,5054,,2022,,,,,,,,,,,,,,_,__,___
123334,1077,,2022,,,,,,,,,,,,,,_,__,___
123335,2003,,2022,,,,,,,,,,,,,,_,__,___
123336,7023,,2022,,,,,,,,,,,,,,_,__,___
123337,8054,,2022,,,,,,,,,,,,,,_,__,___
123338,7064,,2022,,,,,,,,,,,,,,_,__,___
123339,5051,,2022,,,,,,,,,,,,,,_,__,___
123340,3146,,2022,,,,,,,,,,,,,,_,__,___
123341,8081,,2022,,,,,,,,,,,,,,_,__,___
123342,1030,,2022,,,,,,,,,,,,,,_,__,___
123343,3159,,2022,,,,,,,,,,,,,,_,__,___
123344,3123,,2022,,,,,,,,,,,,,,_,__,___
123345,1075,,2022,,,,,,,,,,,,,,_,__,___
123346,8050,,2022,,,,,,,,,,,,,,_,__,___
123347,3031,,2022,,,,,,,,,,,,,,_,__,___
126241,7135,,2022,,,,,,,,,,,,,,_,__,___
126242,8099,,2022,,,,,,,,,,,,,,_,__,___
126243,3096,,2022,,,,,,,,,,,,,,_,__,___
126244,8076,,2022,,,,,,,,,,,,,,_,__,___
126245,8060,,2022,,,,,,,,,,,,,,_,__,___
126246,3140,,2022,,,,,,,,,,,,,,_,__,___
126247,3166,,2022,,,,,,,,,,,,,,_,__,___
126248,3085,,2022,,,,,,,,,,,,,,_,__,___
126249,1071,,2022,,,,,,,,,,,,,,_,__,___
126250,3118,,2022,,,,,,,,,,,,,,_,__,___
126251,8023,,2022,,,,,,,,,,,,,,_,__,___
126252,8039,,2022,,,,,,,,,,,,,,_,__,___
126253,1040,,2022,,,,,,,,,,,,,,_,__,___
126254,3062,,2022,,,,,,,,,,,,,,_,__,___
126255,8030,,2022,,,,,,,,,,,,,,_,__,___
126256,3095,,2022,,,,,,,,,,,,,,_,__,___
126257,1037,,2022,,,,,,,,,,,,,,_,__,___
126258,7152,,2022,,,,,,,,,,,,,,_,__,___
126259,5068,,2022,,,,,,,,,,,,,,_,__,___
126260,8102,,2022,,,,,,,,,,,,,,_,__,___
126261,7072,,2022,,,,,,,,,,,,,,_,__,___
126262,5059,,2022,,,,,,,,,,,,,,_,__,___
126263,5029,,2022,,,,,,,,,,,,,,_,__,___
126264,1065,,2022,,,,,,,,,,,,,,_,__,___
126265,8098,,2022,,,,,,,,,,,,,,_,__,___
126266,1060,,2022,,,,,,,,,,,,,,_,__,___
126267,1053,,2022,,,,,,,,,,,,,,_,__,___
126268,8011,,2022,,,,,,,,,,,,,,_,__,___
126269,3075,,2022,,,,,,,,,,,,,,_,__,___
126270,7154,,2022,,,,,,,,,,,,,,_,__,___
126271,3158,,2022,,,,,,,,,,,,,,_,__,___
126272,3121,,2022,,,,,,,,,,,,,,_,__,___
126273,3163,,2022,,,,,,,,,,,,,,_,__,___
126274,8078,,2022,,,,,,,,,,,,,,_,__,___
126275,5060,,2022,,,,,,,,,,,,,,_,__,___
126929,3115,,2022,,,,,,,,,,,,,,_,__,___
126930,5043,,2022,,,,,,,,,,,,,,_,__,___
126931,5018,,2022,,,,,,,,,,,,,,_,__,___
126932,7079,,2022,,,,,,,,,,,,,,_,__,___
126933,3044,,2022,,,,,,,,,,,,,,_,__,___
126934,7039,,2022,,,,,,,,,,,,,,_,__,___
126935,5037,,2022,,,,,,,,,,,,,,_,__,___
126936,3076,,2022,,,,,,,,,,,,,,_,__,___
126937,7070,,2022,,,,,,,,,,,,,,_,__,___
126938,1074,,2022,,,,,,,,,,,,,,_,__,___
126939,7129,,2022,,,,,,,,,,,,,,_,__,___
126940,1087,,2022,,,,,,,,,,,,,,_,__,___
126941,3108,,2022,,,,,,,,,,,,,,_,__,___
126942,1109,,2022,,,,,,,,,,,,,,_,__,___
126943,5034,,2022,,,,,,,,,,,,,,_,__,___
126944,7052,,2022,,,,,,,,,,,,,,_,__,___
126945,1105,,2022,,,,,,,,,,,,,,_,__,___
126946,5006,,2022,,,,,,,,,,,,,,_,__,___
126947,7113,,2022,,,,,,,,,,,,,,_,__,___
126948,8089,,2022,,,,,,,,,,,,,,_,__,___
126949,5025,,2022,,,,,,,,,,,,,,_,__,___
131095,GP-12-MUS-048,Gauteng Province,2012,19409;33764,0_12_10_0_0_0_0_0_0_0_0,0,12,10,0,0,0,0,0,0,0,0,0_12,0_12_10,0_12_10_0
131096,GP-12-MUS-049,Gauteng Province,2012,19410;29656,0_0_23_5_0_0_0_0_0_0_0,0,0,23,5,0,0,0,0,0,0,0,0_0,0_0_23,0_0_23_5
131097,GP-12-MUS-052,Gauteng Province,2012,19411;29657,0_0_23_2_4_0_0_0_0_0_0,0,0,23,2,4,0,0,0,0,0,0,0_0,0_0_23,0_0_23_2
131098,GP-12-MUS-069,Gauteng Province,2012,19412,1_1_27_2_1_0_0_0_0_0_0,1,1,27,2,1,0,0,0,0,0,0,1_1,1_1_27,1_1_27_2
131099,GP-12-MUS-071,Gauteng Province,2012,19413,0_0_33_12_92_1_0_0_0_1_0,0,0,33,12,92,1,0,0,0,1,0,0_0,0_0_33,0_0_33_12
131100,GP-12-MUS-086,Gauteng Province,2012,19414,1_1_17_9_0_0_0_0_0_0_0,1,1,17,9,0,0,0,0,0,0,0,1_1,1_1_17,1_1_17_9
131101,GP-12-MUS-088,Gauteng Province,2012,19415,0_0_33_12_164_0_0_0_0_0_0,0,0,33,12,164,0,0,0,0,0,0,0_0,0_0_33,0_0_33_12
131102,GP-12-MUS-092,Gauteng Province,2012,19416;29658,0_0_23_6_0_0_0_0_0_0_0,0,0,23,6,0,0,0,0,0,0,0,0_0,0_0_23,0_0_23_6
131103,GP-12-MUS-093,Gauteng Province,2012,19417,1_1_17_4_7_0_0_0_0_0_0,1,1,17,4,7,0,0,0,0,0,0,1_1,1_1_17,1_1_17_4
131104,GP-12-MUS-096,Gauteng Province,2012,19418,0_0_65_0_0_0_0_0_0_0_0,0,0,65,0,0,0,0,0,0,0,0,0_0,0_0_65,0_0_65_0
131105,GP-12-MUS-099,Gauteng Province,2012,19419,1_1_27_6_2_0_0_0_0_0_0,1,1,27,6,2,0,0,0,0,0,0,1_1,1_1_27,1_1_27_6
131106,GP-12-MUS-102,Gauteng Province,2012,19420,1_1_27_6_8_0_0_0_0_0_0,1,1,27,6,8,0,0,0,0,0,0,1_1,1_1_27,1_1_27_6
131107,GP-12-MUS-107,Gauteng Province,2012,19421,1_3_0_1_0_0_0_0_0_0_0,1,3,0,1,0,0,0,0,0,0,0,1_3,1_3_0,1_3_0_1
131108,GP-12-MUS-109,Gauteng Province,2012,19422;29659,0_0_23_24_0_0_0_0_0_0_0,0,0,23,24,0,0,0,0,0,0,0,0_0,0_0_23,0_0_23_24
131109,GP-12-MUS-110,Gauteng Province,2012,19415,0_0_33_12_164_0_0_0_0_0_0,0,0,33,12,164,0,0,0,0,0,0,0_0,0_0_33,0_0_33_12
131110,GP-12-MUS-115,Gauteng Province,2012,19423;29660,0_0_23_16_0_0_0_0_0_0_0,0,0,23,16,0,0,0,0,0,0,0,0_0,0_0_23,0_0_23_16
131111,GP-12-MUS-116,Gauteng Province,2012,19424,1_1_50_0_0_0_0_0_0_0_0,1,1,50,0,0,0,0,0,0,0,0,1_1,1_1_50,1_1_50_0
131112,GP-12-MUS-117,Gauteng Province,2012,19425,0_23_0_0_2_0_0_0_0_0_0,0,23,0,0,2,0,0,0,0,0,0,0_23,0_23_0,0_23_0_0
131113,GP-12-MUS-124,Gauteng Province,2012,19426,0_0_33_12_92_1_1_0_0_0_0,0,0,33,12,92,1,1,0,0,0,0,0_0,0_0_33,0_0_33_12
131114,GP-12-MUS-137,Gauteng Province,2012,19427,1_1_17_4_10_0_0_0_0_0_0,1,1,17,4,10,0,0,0,0,0,0,1_1,1_1_17,1_1_17_4
131115,GP-12-MUS-163,Gauteng Province,2012,19428,0_0_33_12_92_3_0_0_0_0_0,0,0,33,12,92,3,0,0,0,0,0,0_0,0_0_33,0_0_33_12
131116,GP-12-MUS-166,Gauteng Province,2012,19429,0_2_21_0_2_0_0_0_0_0_0,0,2,21,0,2,0,0,0,0,0,0,0_2,0_2_21,0_2_21_0
131117,GP-12-MUS-170,Gauteng Province,2012,19430,0_23_0_0_0_0_0_0_0_0_0,0,23,0,0,0,0,0,0,0,0,0,0_23,0_23_0,0_23_0_0
131118,GP-12-MUS-180,Gauteng Province,2012,19431,1_1_17_4_5_0_0_0_0_0_0,1,1,17,4,5,0,0,0,0,0,0,1_1,1_1_17,1_1_17_4
131119,GP-12-MUS-190,Gauteng Province,2012,19432,0_16_0_1_6_2_0_0_0_0_0,0,16,0,1,6,2,0,0,0,0,0,0_16,0_16_0,0_16_0_1
131120,GP-12-MUS-199,Gauteng Province,2012,19433;29661,0_0_23_2_3_0_0_0_0_0_0,0,0,23,2,3,0,0,0,0,0,0,0_0,0_0_23,0_0_23_2
131121,GP-12-MUS-205,Gauteng Province,2012,19434,0_0_33_12_92_1_0_0_0_0_0,0,0,33,12,92,1,0,0,0,0,0,0_0,0_0_33,0_0_33_12
131122,GP-12-MUS-208,Gauteng Province,2012,19435,0_0_33_12_192_0_0_0_0_0_0,0,0,33,12,192,0,0,0,0,0,0,0_0,0_0_33,0_0_33_12
131123,GP-12-MUS-211,Gauteng Province,2012,19436,1_3_1_0_0_0_0_0_0_0_0,1,3,1,0,0,0,0,0,0,0,0,1_3,1_3_1,1_3_1_0
131124,GP-12-MUS-214,Gauteng Province,2012,19437;29662,0_0_23_3_1_0_0_0_0_0_0,0,0,23,3,1,0,0,0,0,0,0,0_0,0_0_23,0_0_23_3
131125,GP-12-MUS-220,Gauteng Province,2012,19438,0_16_0_1_6_3_0_0_0_0_0,0,16,0,1,6,3,0,0,0,0,0,0_16,0_16_0,0_16_0_1
131126,GP-12-MUS-242,Gauteng Province,2012,,,,,,,,,,,,,,_,__,___
131127,GP-12-MUS-250,Gauteng Province,2012,19439,1_1_17_4_14_0_0_0_0_0_0,1,1,17,4,14,0,0,0,0,0,0,1_1,1_1_17,1_1_17_4
131128,GP-12-MUS-251,Gauteng Province,2012,19440,0_0_33_12_159_0_0_0_0_0_0,0,0,33,12,159,0,0,0,0,0,0,0_0,0_0_33,0_0_33_12
131129,GP-12-MUS-252,Gauteng Province,2012,19441,0_2_73_0_0_0_0_0_0_0_0,0,2,73,0,0,0,0,0,0,0,0,0_2,0_2_73,0_2_73_0
131130,GP-12-MUS-264,Gauteng Province,2012,19442,0_0_47_6_9_0_0_0_0_0_0,0,0,47,6,9,0,0,0,0,0,0,0_0,0_0_47,0_0_47_6
131131,GP-12-MUS-273,Gauteng Province,2012,19443,0_0_33_12_268_0_0_0_0_0_0,0,0,33,12,268,0,0,0,0,0,0,0_0,0_0_33,0_0_33_12
131132,GP-12-MUS-276,Gauteng Province,2012,19444,0_0_33_12_92_1_0_0_0_2_0,0,0,33,12,92,1,0,0,0,2,0,0_0,0_0_33,0_0_33_12
131133,GP-12-MUS-283,Gauteng Province,2012,19445,0_0_47_6_21_0_0_0_0_0_0,0,0,47,6,21,0,0,0,0,0,0,0_0,0_0_47,0_0_47_6
131134,GP-12-MUS-289,Gauteng Province,2012,19446,0_0_33_98_0_0_0_0_0_0_0,0,0,33,98,0,0,0,0,0,0,0,0_0,0_0_33,0_0_33_98
131135,GP-12-MUS-291,Gauteng Province,2012,19447,0_2_21_0_7_0_0_0_0_0_0,0,2,21,0,7,0,0,0,0,0,0,0_2,0_2_21,0_2_21_0
131136,GP-12-MUS-297,Gauteng Province,2012,19448,0_0_36_1_2_0_0_0_0_0_0,0,0,36,1,2,0,0,0,0,0,0,0_0,0_0_36,0_0_36_1
131137,GP-12-MUS-303,Gauteng Province,2012,19449;33765,0_0_36_1_5_0_0_0_0_0_0,0,0,36,1,5,0,0,0,0,0,0,0_0,0_0_36,0_0_36_1
131138,GP-12-MUS-307,Gauteng Province,2012,19450,0_0_33_12_179_0_0_0_0_0_0,0,0,33,12,179,0,0,0,0,0,0,0_0,0_0_33,0_0_33_12
131139,GP-12-MUS-311,Gauteng Province,2012,19451,0_12_10_2_0_0_0_0_0_0_0,0,12,10,2,0,0,0,0,0,0,0,0_12,0_12_10,0_12_10_2
131140,GP-12-MUS-312,Gauteng Province,2012,19452,0_0_33_12_149_0_0_0_0_0_0,0,0,33,12,149,0,0,0,0,0,0,0_0,0_0_33,0_0_33_12
131141,GP-12-MUS-317,Gauteng Province,2012,19453,0_0_47_6_11_0_0_0_0_0_0,0,0,47,6,11,0,0,0,0,0,0,0_0,0_0_47,0_0_47_6
131142,GP-12-MUS-319,Gauteng Province,2012,19454;29663,0_0_23_2_1_0_0_0_0_0_0,0,0,23,2,1,0,0,0,0,0,0,0_0,0_0_23,0_0_23_2
131143,GP-12-MUS-324,Gauteng Province,2012,19455,0_2_21_0_9_0_0_0_0_0_0,0,2,21,0,9,0,0,0,0,0,0,0_2,0_2_21,0_2_21_0
131144,GP-12-MUS-325,Gauteng Province,2012,19456,1_1_17_11_0_0_0_0_0_0_0,1,1,17,11,0,0,0,0,0,0,0,1_1,1_1_17,1_1_17_11
131145,GP-12-MUS-331,Gauteng Province,2012,19457,0_0_33_12_92_1_0_0_2_0_0,0,0,33,12,92,1,0,0,2,0,0,0_0,0_0_33,0_0_33_12
131146,GP-12-MUS-333,Gauteng Province,2012,19458;29664,0_0_23_2_9_0_0_0_0_0_0,0,0,23,2,9,0,0,0,0,0,0,0_0,0_0_23,0_0_23_2
131147,GP-12-MUS-337,Gauteng Province,2012,19459,0_0_33_12_92_1_0_0_0_4_0,0,0,33,12,92,1,0,0,0,4,0,0_0,0_0_33,0_0_33_12
131148,GP-12-MUS-339,Gauteng Province,2012,19460,0_0_33_12_150_0_0_0_0_0_0,0,0,33,12,150,0,0,0,0,0,0,0_0,0_0_33,0_0_33_12
131149,GP-12-MUS-356,Gauteng Province,2012,19461,0_0_47_6_3_0_0_0_0_0_0,0,0,47,6,3,0,0,0,0,0,0,0_0,0_0_47,0_0_47_6
131150,GP-12-MUS-358,Gauteng Province,2012,19462,0_0_47_6_5_0_0_0_0_0_0,0,0,47,6,5,0,0,0,0,0,0,0_0,0_0_47,0_0_47_6
131151,GP-12-MUS-361,Gauteng Province,2012,19463,0_2_21_0_10_0_0_0_0_0_0,0,2,21,0,10,0,0,0,0,0,0,0_2,0_2_21,0_2_21_0
131152,GP-12-MUS-363,Gauteng Province,2012,19464,0_18_23_1_0_0_0_0_0_0_0,0,18,23,1,0,0,0,0,0,0,0,0_18,0_18_23,0_18_23_1
131153,GP-12-MUS-368,Gauteng Province,2012,19465,0_0_33_12_170_0_0_0_0_0_0,0,0,33,12,170,0,0,0,0,0,0,0_0,0_0_33,0_0_33_12
131154,GP-12-MUS-371,Gauteng Province,2012,19466,0_0_33_12_147_0_0_0_0_0_0,0,0,33,12,147,0,0,0,0,0,0,0_0,0_0_33,0_0_33_12
131155,GP-13-MUS-001,Gauteng Province,2013,19467,0_23_0_0_1_0_0_0_0_0_0,0,23,0,0,1,0,0,0,0,0,0,0_23,0_23_0,0_23_0_0
131156,GP-13-MUS-015,Gauteng Province,2013,19468,0_16_0_1_6_5_0_0_0_0_0,0,16,0,1,6,5,0,0,0,0,0,0_16,0_16_0,0_16_0_1
131157,GP-13-MUS-032,Gauteng Province,2013,19469,0_0_33_12_196_0_0_0_0_0_0,0,0,33,12,196,0,0,0,0,0,0,0_0,0_0_33,0_0_33_12
131158,GP-13-MUS-044,Gauteng Province,2013,19470,0_0_33_12_171_0_0_0_0_0_0,0,0,33,12,171,0,0,0,0,0,0,0_0,0_0_33,0_0_33_12
131159,GP-13-MUS-047,Gauteng Province,2013,19471,0_0_47_6_7_0_0_0_0_0_0,0,0,47,6,7,0,0,0,0,0,0,0_0,0_0_47,0_0_47_6
131160,GP-13-MUS-051,Gauteng Province,2013,19472,0_16_0_1_6_1_0_0_0_0_0,0,16,0,1,6,1,0,0,0,0,0,0_16,0_16_0,0_16_0_1
131161,GP-13-MUS-052,Gauteng Province,2013,19473,0_16_0_1_20_0_0_0_0_0_0,0,16,0,1,20,0,0,0,0,0,0,0_16,0_16_0,0_16_0_1
131162,GP-13-MUS-053,Gauteng Province,2013,19474,0_0_33_12_92_1_0_0_1_0_0,0,0,33,12,92,1,0,0,1,0,0,0_0,0_0_33,0_0_33_12
131163,GP-13-MUS-067,Gauteng Province,2013,19475,0_0_47_6_8_0_0_0_0_0_0,0,0,47,6,8,0,0,0,0,0,0,0_0,0_0_47,0_0_47_6
131164,GP-13-MUS-068,Gauteng Province,2013,19476,0_0_36_1_1_0_0_0_0_0_0,0,0,36,1,1,0,0,0,0,0,0,0_0,0_0_36,0_0_36_1
131165,GP-13-MUS-070,Gauteng Province,2013,19477,0_0_33_12_167_0_0_0_0_0_0,0,0,33,12,167,0,0,0,0,0,0,0_0,0_0_33,0_0_33_12
131166,GP-13-MUS-073,Gauteng Province,2013,19478,1_1_51_0_0_0_0_0_0_0_0,1,1,51,0,0,0,0,0,0,0,0,1_1,1_1_51,1_1_51_0
131167,GP-13-MUS-076,Gauteng Province,2013,19479;29665,0_0_23_2_12_0_0_0_0_0_0,0,0,23,2,12,0,0,0,0,0,0,0_0,0_0_23,0_0_23_2
131168,GP-13-MUS-077,Gauteng Province,2013,19480,0_0_33_12_145_0_0_0_0_0_0,0,0,33,12,145,0,0,0,0,0,0,0_0,0_0_33,0_0_33_12
131169,GP-13-MUS-080,Gauteng Province,2013,19481,1_1_17_4_16_0_0_0_0_0_0,1,1,17,4,16,0,0,0,0,0,0,1_1,1_1_17,1_1_17_4
131170,GP-13-MUS-081,Gauteng Province,2013,19482,1_1_49_0_0_0_0_0_0_0_0,1,1,49,0,0,0,0,0,0,0,0,1_1,1_1_49,1_1_49_0
131171,GP-13-MUS-083,,2013,,,,,,,,,,,,,,_,__,___
131172,GP13-MUS-085,Gauteng Province,2013,19483,0_0_33_12_152_0_0_0_0_0_0,0,0,33,12,152,0,0,0,0,0,0,0_0,0_0_33,0_0_33_12
131173,GP13-MUS-086,Gauteng Province,2013,19484,0_0_36_1_3_1_0_0_0_0_0,0,0,36,1,3,1,0,0,0,0,0,0_0,0_0_36,0_0_36_1
131174,GP13-MUS-088,Gauteng Province,2013,19485,0_0_33_12_151_0_0_0_0_0_0,0,0,33,12,151,0,0,0,0,0,0,0_0,0_0_33,0_0_33_12
131175,GP-13-MUS-096,Gauteng Province,2013,19486;29666,0_0_23_5_1_0_0_0_0_0_0,0,0,23,5,1,0,0,0,0,0,0,0_0,0_0_23,0_0_23_5
131176,GP-13-MUS-099,Gauteng Province,2013,19487;34309,0_0_33_12_216_0_0_0_0_0_0,0,0,33,12,216,0,0,0,0,0,0,0_0,0_0_33,0_0_33_12
131177,GP-13-MUS-103,Gauteng Province,2013,19488,1_1_17_13_1_0_0_0_0_0_0,1,1,17,13,1,0,0,0,0,0,0,1_1,1_1_17,1_1_17_13
131178,GP-13-MUS-105,Gauteng Province,2013,19489,0_18_22_2_0_0_0_0_0_0_0,0,18,22,2,0,0,0,0,0,0,0,0_18,0_18_22,0_18_22_2
131179,GP-13-MUS-107,Gauteng Province,2013,19490,1_1_27_6_7_0_0_0_0_0_0,1,1,27,6,7,0,0,0,0,0,0,1_1,1_1_27,1_1_27_6
131180,GP-13-MUS-109,Gauteng Province,2013,19491;27605,0_0_28_0_1_1_0_0_0_0_0,0,0,28,0,1,1,0,0,0,0,0,0_0,0_0_28,0_0_28_0
131181,GP-13-MUS-116,Gauteng Province,2013,19492,1_1_17_4_6_0_0_0_0_0_0,1,1,17,4,6,0,0,0,0,0,0,1_1,1_1_17,1_1_17_4
131182,GP-13-MUS-120,Gauteng Province,2013,19493;29667,0_0_23_2_0_1_0_0_0_0_0,0,0,23,2,0,1,0,0,0,0,0,0_0,0_0_23,0_0_23_2
131183,GP-13-MUS-121,Gauteng Province,2013,19494,0_0_33_12_204_0_0_0_0_0_0,0,0,33,12,204,0,0,0,0,0,0,0_0,0_0_33,0_0_33_12
131184,GP-13-MUS-129,Gauteng Province,2013,19495,1_1_17_4_20_0_0_0_0_0_0,1,1,17,4,20,0,0,0,0,0,0,1_1,1_1_17,1_1_17_4
131185,GP-13-MUS-132,Gauteng Province,2013,19496;29668,0_0_23_21_0_0_0_0_0_1_0,0,0,23,21,0,0,0,0,0,1,0,0_0,0_0_23,0_0_23_21
131186,GP-13-MUS-133,Gauteng Province,2013,19497,0_0_33_12_153_0_0_0_0_0_0,0,0,33,12,153,0,0,0,0,0,0,0_0,0_0_33,0_0_33_12
131187,GP-13-MUS-134,Gauteng Province,2013,19498,1_1_40_0_0_0_0_0_0_0_0,1,1,40,0,0,0,0,0,0,0,0,1_1,1_1_40,1_1_40_0
131188,GP13-MUS-144,Gauteng Province,2013,19499,0_2_71_0_0_0_0_0_0_0_0,0,2,71,0,0,0,0,0,0,0,0,0_2,0_2_71,0_2_71_0
131189,GP13-MUS-145,Gauteng Province,2013,19500,0_0_36_1_2_1_0_0_0_0_0,0,0,36,1,2,1,0,0,0,0,0,0_0,0_0_36,0_0_36_1
131190,GP13-MUS-152,Gauteng Province,2013,19501,0_12_11_0_0_0_0_0_0_0_0,0,12,11,0,0,0,0,0,0,0,0,0_12,0_12_11,0_12_11_0
131191,GP13-MUS-177,Gauteng Province,2013,19502,1_1_17_4_15_0_0_0_0_0_0,1,1,17,4,15,0,0,0,0,0,0,1_1,1_1_17,1_1_17_4
131192,GP13-MUS-179,Gauteng Province,2013,19503,0_0_33_12_156_0_1_0_0_0_0,0,0,33,12,156,0,1,0,0,0,0,0_0,0_0_33,0_0_33_12
131193,GP13-MUS-187,Gauteng Province,2013,19504,0_0_33_12_248_0_0_0_0_0_0,0,0,33,12,248,0,0,0,0,0,0,0_0,0_0_33,0_0_33_12
131194,GP13-MUS-189,Gauteng Province,2013,19505,0_0_28_0_2_0_0_0_0_0_0,0,0,28,0,2,0,0,0,0,0,0,0_0,0_0_28,0_0_28_0
131195,GP13-MUS-190,Gauteng Province,2013,19506,0_0_36_1_4_0_0_0_0_0_0,0,0,36,1,4,0,0,0,0,0,0,0_0,0_0_36,0_0_36_1
131196,GP13-MUS-195,Gauteng Province,2013,19507,0_0_33_12_156_0_1_0_0_1_0,0,0,33,12,156,0,1,0,0,1,0,0_0,0_0_33,0_0_33_12
131197,GP13-MUS-196,Gauteng Province,2013,19508,0_0_47_6_17_0_0_0_0_0_0,0,0,47,6,17,0,0,0,0,0,0,0_0,0_0_47,0_0_47_6
131198,GP13-MUS-203,Gauteng Province,2013,19509;29669,0_0_23_7_0_0_0_0_0_0_0,0,0,23,7,0,0,0,0,0,0,0,0_0,0_0_23,0_0_23_7
131199,GP13-MUS-206,Gauteng Province,2013,19510,0_0_33_12_165_0_0_0_0_0_0,0,0,33,12,165,0,0,0,0,0,0,0_0,0_0_33,0_0_33_12
131200,GP13-MUS-208,Gauteng Province,2013,19511,0_0_33_12_277_0_0_0_0_0_0,0,0,33,12,277,0,0,0,0,0,0,0_0,0_0_33,0_0_33_12
131201,GP13-MUS-210,Gauteng Province,2013,19512,0_0_33_12_217_0_0_0_0_0_0,0,0,33,12,217,0,0,0,0,0,0,0_0,0_0_33,0_0_33_12
131202,GP13-MUS-213,Gauteng Province,2013,19513,0_0_33_12_92_1_0_0_0_3_0,0,0,33,12,92,1,0,0,0,3,0,0_0,0_0_33,0_0_33_12
131203,GP13-MUS-215,Gauteng Province,2013,19514,0_0_18_25_0_0_0_0_0_0_0,0,0,18,25,0,0,0,0,0,0,0,0_0,0_0_18,0_0_18_25
131204,GP13-MUS-218,Gauteng Province,2013,19515,1_1_17_4_9_0_0_0_0_0_0,1,1,17,4,9,0,0,0,0,0,0,1_1,1_1_17,1_1_17_4
131205,GP13-MUS-225,Gauteng Province,2013,19516,0_18_22_1_0_0_0_0_0_0_0,0,18,22,1,0,0,0,0,0,0,0,0_18,0_18_22,0_18_22_1
131206,GP13-MUS-231,Gauteng Province,2013,19517,1_1_27_6_4_0_0_0_0_0_0,1,1,27,6,4,0,0,0,0,0,0,1_1,1_1_27,1_1_27_6
131207,GP-13-MUS-235,Gauteng Province,2013,19518,1_1_27_9_0_0_0_0_0_0_0,1,1,27,9,0,0,0,0,0,0,0,1_1,1_1_27,1_1_27_9
131208,GP-13-MUS-236,Gauteng Province,2013,19519,0_0_18_23_4_0_0_0_0_0_0,0,0,18,23,4,0,0,0,0,0,0,0_0,0_0_18,0_0_18_23
131209,GP-13-MUS-243,Gauteng Province,2013,19520,0_0_33_12_205_0_0_0_0_0_0,0,0,33,12,205,0,0,0,0,0,0,0_0,0_0_33,0_0_33_12
131210,GP-13-MUS-244,Gauteng Province,2013,19521;29670,0_0_23_21_0_0_0_0_0_0_0,0,0,23,21,0,0,0,0,0,0,0,0_0,0_0_23,0_0_23_21
131211,GP-13-MUS-247,Gauteng Province,2013,19522,1_1_27_10_0_0_0_0_0_0_0,1,1,27,10,0,0,0,0,0,0,0,1_1,1_1_27,1_1_27_10
131212,GP-13-MUS-253,Gauteng Province,2013,19523,0_0_23_2_5_0_0_0_0_0_0,0,0,23,2,5,0,0,0,0,0,0,0_0,0_0_23,0_0_23_2
131213,GP-13-MUS-256,Gauteng Province,2013,19524,0_0_33_12_211_0_0_0_0_0_0,0,0,33,12,211,0,0,0,0,0,0,0_0,0_0_33,0_0_33_12
131214,GP-13-MUS-257,Gauteng Province,2013,19525,0_0_33_12_92_7_0_0_0_0_0,0,0,33,12,92,7,0,0,0,0,0,0_0,0_0_33,0_0_33_12
131215,GP-13-MUS-258,Gauteng Province,2013,19526,0_0_33_12_166_0_0_0_0_0_0,0,0,33,12,166,0,0,0,0,0,0,0_0,0_0_33,0_0_33_12
131216,GP-13-MUS-269,Gauteng Province,2013,19527,0_0_33_12_173_0_0_0_0_0_0,0,0,33,12,173,0,0,0,0,0,0,0_0,0_0_33,0_0_33_12
131217,GP-13-MUS-271,Gauteng Province,2013,19528,0_0_36_6_0_0_0_0_0_0_0,0,0,36,6,0,0,0,0,0,0,0,0_0,0_0_36,0_0_36_6
131218,GP-13-MUS-272,Gauteng Province,2013,19529,1_1_27_6_6_0_0_0_0_0_0,1,1,27,6,6,0,0,0,0,0,0,1_1,1_1_27,1_1_27_6
131219,GP-13-MUS-275,Gauteng Province,2013,19530;29671,0_0_23_3_2_0_0_0_0_0_0,0,0,23,3,2,0,0,0,0,0,0,0_0,0_0_23,0_0_23_3
131220,GP-13-MUS-276,Gauteng Province,2013,19531,0_2_21_0_9_0_1_0_0_0_0,0,2,21,0,9,0,1,0,0,0,0,0_2,0_2_21,0_2_21_0
131221,GP-14-MUS-017,Gauteng Province,2014,19532,0_23_0_1_0_0_0_0_0_0_0,0,23,0,1,0,0,0,0,0,0,0,0_23,0_23_0,0_23_0_1
131222,GP-14-MUS-032,Gauteng Province,2014,19533,0_0_33_12_144_0_0_0_0_0_0,0,0,33,12,144,0,0,0,0,0,0,0_0,0_0_33,0_0_33_12
131223,GP-14-MUS-033,Gauteng Province,2014,19534,0_10_0_2_0_2_0_0_0_0_0,0,10,0,2,0,2,0,0,0,0,0,0_10,0_10_0,0_10_0_2
131224,GP-14-MUS-034,Gauteng Province,2014,19535,0_0_33_12_219_0_0_0_0_0_0,0,0,33,12,219,0,0,0,0,0,0,0_0,0_0_33,0_0_33_12
131225,GP-14-MUS-042,Gauteng Province,2014,19536,0_0_33_12_180_0_0_0_0_0_0,0,0,33,12,180,0,0,0,0,0,0,0_0,0_0_33,0_0_33_12
131226,GP-14-MUS-052,Gauteng Province,2014,19537,1_1_27_6_3_0_0_0_0_0_0,1,1,27,6,3,0,0,0,0,0,0,1_1,1_1_27,1_1_27_6
131227,GP-14-MUS-054,Gauteng Province,2014,19538;29672,0_0_23_17_0_0_0_0_0_0_0,0,0,23,17,0,0,0,0,0,0,0,0_0,0_0_23,0_0_23_17
131228,GP-14-MUS-057,Gauteng Province,2014,19539,0_0_33_12_92_5_0_0_0_0_0,0,0,33,12,92,5,0,0,0,0,0,0_0,0_0_33,0_0_33_12
131229,GP-14-MUS-063,Gauteng Province,2014,19540,0_2_71_0_3_0_0_0_0_0_0,0,2,71,0,3,0,0,0,0,0,0,0_2,0_2_71,0_2_71_0
131230,GP-14-MUS-064,Gauteng Province,2014,19541,0_0_28_0_7_0_0_0_0_0_0,0,0,28,0,7,0,0,0,0,0,0,0_0,0_0_28,0_0_28_0
131231,GP-14-MUS-069,Gauteng Province,2014,19542,0_2_21_0_8_0_0_0_0_0_0,0,2,21,0,8,0,0,0,0,0,0,0_2,0_2_21,0_2_21_0
131232,GP-14-MUS-081,Gauteng Province,2014,19543,0_18_22_0_0_0_0_0_0_0_0,0,18,22,0,0,0,0,0,0,0,0,0_18,0_18_22,0_18_22_0
131233,GP-14-MUS-082,Gauteng Province,2014,19544;29673,0_0_23_8_1_0_0_0_0_0_0,0,0,23,8,1,0,0,0,0,0,0,0_0,0_0_23,0_0_23_8
131234,GP-14-MUS-088,Gauteng Province,2014,19545,0_0_28_1_0_0_0_0_0_0_0,0,0,28,1,0,0,0,0,0,0,0,0_0,0_0_28,0_0_28_1
131235,GP-14-MUS-092,Gauteng Province,2014,19546,0_0_36_1_3_0_0_0_0_0_0,0,0,36,1,3,0,0,0,0,0,0,0_0,0_0_36,0_0_36_1
131236,GP-14-MUS-094,Gauteng Province,2014,19547,0_0_33_12_212_0_0_0_0_0_0,0,0,33,12,212,0,0,0,0,0,0,0_0,0_0_33,0_0_33_12
131237,GP-14-MUS-095,Gauteng Province,2014,19548,0_2_0_1_0_33_0_2_0_0_0,0,2,0,1,0,33,0,2,0,0,0,0_2,0_2_0,0_2_0_1
131238,GP-14-MUS-099,Gauteng Province,2014,19549,0_0_33_12_200_0_0_0_0_0_0,0,0,33,12,200,0,0,0,0,0,0,0_0,0_0_33,0_0_33_12
131239,GP-14-MUS-103,Gauteng Province,2014,19550,0_0_33_12_186_0_0_0_0_0_0,0,0,33,12,186,0,0,0,0,0,0,0_0,0_0_33,0_0_33_12
131240,GP-14-MUS-105,Gauteng Province,2014,19551,0_0_47_6_20_0_0_0_0_0_0,0,0,47,6,20,0,0,0,0,0,0,0_0,0_0_47,0_0_47_6
131241,GP-14-MUS-107,Gauteng Province,2014,19552;29674,0_0_23_12_0_0_0_0_0_0_0,0,0,23,12,0,0,0,0,0,0,0,0_0,0_0_23,0_0_23_12
131242,GP-14-MUS-110,Gauteng Province,2014,19553,0_0_33_12_92_8_0_0_0_0_0,0,0,33,12,92,8,0,0,0,0,0,0_0,0_0_33,0_0_33_12
131243,GP-14-MUS-114,Gauteng Province,2014,19554,0_2_30_0_1_0_0_0_0_0_0,0,2,30,0,1,0,0,0,0,0,0,0_2,0_2_30,0_2_30_0
131244,GP-14-MUS-117,Gauteng Province,2014,19555,0_0_47_6_14_0_0_0_0_0_0,0,0,47,6,14,0,0,0,0,0,0,0_0,0_0_47,0_0_47_6
131245,GP-14-MUS-121,Gauteng Province,2014,19556,0_0_47_6_19_0_0_0_0_0_0,0,0,47,6,19,0,0,0,0,0,0,0_0,0_0_47,0_0_47_6
131246,GP-14-MUS-139,Gauteng Province,2014,19557,0_0_33_12_178_0_0_0_0_0_0,0,0,33,12,178,0,0,0,0,0,0,0_0,0_0_33,0_0_33_12
131247,GP-14-MUS-143,Gauteng Province,2014,19558,0_0_33_12_157_0_0_0_0_0_0,0,0,33,12,157,0,0,0,0,0,0,0_0,0_0_33,0_0_33_12
131248,GP-14-MUS-147,Gauteng Province,2014,19559,0_12_10_3_0_0_0_0_0_0_0,0,12,10,3,0,0,0,0,0,0,0,0_12,0_12_10,0_12_10_3
131249,GP-14-MUS-150,Gauteng Province,2014,19560,0_0_33_12_247_0_0_0_0_0_0,0,0,33,12,247,0,0,0,0,0,0,0_0,0_0_33,0_0_33_12
131250,GP-14-MUS-151,Gauteng Province,2014,19561,0_0_33_12_189_0_0_0_0_0_0,0,0,33,12,189,0,0,0,0,0,0,0_0,0_0_33,0_0_33_12
131251,GP-14-MUS-154,Gauteng Province,2014,19562,0_0_33_12_193_0_0_0_0_0_0,0,0,33,12,193,0,0,0,0,0,0,0_0,0_0_33,0_0_33_12
131252,GP-14-MUS-156,Gauteng Province,2014,19563,0_0_33_12_163_0_0_0_0_0_0,0,0,33,12,163,0,0,0,0,0,0,0_0,0_0_33,0_0_33_12
131253,GP-14-MUS-165,Gauteng Province,2014,19564,0_0_47_6_13_0_0_0_0_0_0,0,0,47,6,13,0,0,0,0,0,0,0_0,0_0_47,0_0_47_6
131254,GP-14-MUS-183,Gauteng Province,2014,19565,0_0_33_12_92_3_0_0_1_0_0,0,0,33,12,92,3,0,0,1,0,0,0_0,0_0_33,0_0_33_12
131255,GP-14-MUS-189,Gauteng Province,2014,19566,1_1_17_4_8_0_0_0_0_0_0,1,1,17,4,8,0,0,0,0,0,0,1_1,1_1_17,1_1_17_4
131256,GP-14-MUS-194,Gauteng Province,2014,19567,0_16_0_1_27_0_0_0_0_0_0,0,16,0,1,27,0,0,0,0,0,0,0_16,0_16_0,0_16_0_1
131257,GP-14-MUS-211,Gauteng Province,2014,19568,0_12_10_1_0_0_0_0_0_0_0,0,12,10,1,0,0,0,0,0,0,0,0_12,0_12_10,0_12_10_1
131258,GP-14-MUS-212,Gauteng Province,2014,19569,0_0_8_4_0_0_0_0_0_0_0,0,0,8,4,0,0,0,0,0,0,0,0_0,0_0_8,0_0_8_4
131259,GP-14-MUS-213,Gauteng Province,2014,19570,0_0_33_12_186_0_0_0_0_1_0,0,0,33,12,186,0,0,0,0,1,0,0_0,0_0_33,0_0_33_12
131260,GP-14-MUS-214,Gauteng Province,2014,19571,0_0_33_12_156_0_0_0_0_0_0,0,0,33,12,156,0,0,0,0,0,0,0_0,0_0_33,0_0_33_12
131261,GP-14-MUS-218,Gauteng Province,2014,19572,0_0_33_12_209_0_0_0_0_0_0,0,0,33,12,209,0,0,0,0,0,0,0_0,0_0_33,0_0_33_12
131262,GP-14-MUS-219,Gauteng Province,2014,19573,0_0_33_12_165_0_0_1_0_0_0,0,0,33,12,165,0,0,1,0,0,0,0_0,0_0_33,0_0_33_12
131263,GP-14-MUS-221,Gauteng Province,2014,19574,0_0_72_0_0_0_0_0_0_0_0,0,0,72,0,0,0,0,0,0,0,0,0_0,0_0_72,0_0_72_0
131264,GP-14-MUS-224,Gauteng Province,2014,19575,1_1_17_13_0_1_0_0_0_0_0,1,1,17,13,0,1,0,0,0,0,0,1_1,1_1_17,1_1_17_13
131265,GP-14-MUS-232,Gauteng Province,2014,19576,0_16_0_1_17_0_0_0_0_0_0,0,16,0,1,17,0,0,0,0,0,0,0_16,0_16_0,0_16_0_1
131266,GP-14-MUS-238,Gauteng Province,2014,19577,0_0_33_12_194_0_0_0_0_0_0,0,0,33,12,194,0,0,0,0,0,0,0_0,0_0_33,0_0_33_12
131267,GP-14-MUS-243,Gauteng Province,2014,19578,0_0_33_12_215_0_0_0_0_0_0,0,0,33,12,215,0,0,0,0,0,0,0_0,0_0_33,0_0_33_12
131268,GP-14-MUS-244,Gauteng Province,2014,19579,0_0_33_12_245_0_0_0_0_0_0,0,0,33,12,245,0,0,0,0,0,0,0_0,0_0_33,0_0_33_12
131269,GP-14-MUS-246,Gauteng Province,2014,19580,0_0_47_6_6_0_0_0_0_0_0,0,0,47,6,6,0,0,0,0,0,0,0_0,0_0_47,0_0_47_6
131270,GP-14-MUS-247,Gauteng Province,2014,19581,0_0_33_12_206_0_0_0_0_0_0,0,0,33,12,206,0,0,0,0,0,0,0_0,0_0_33,0_0_33_12
131271,GP-14-MUS-250,Gauteng Province,2014,19582,0_0_33_12_146_0_0_0_0_0_0,0,0,33,12,146,0,0,0,0,0,0,0_0,0_0_33,0_0_33_12
131272,GP-14-MUS-251,Gauteng Province,2014,19583,1_1_27_6_5_0_0_0_0_0_0,1,1,27,6,5,0,0,0,0,0,0,1_1,1_1_27,1_1_27_6
131273,GP-14-MUS-252,Gauteng Province,2014,19584,0_0_33_12_92_2_0_0_0_0_0,0,0,33,12,92,2,0,0,0,0,0,0_0,0_0_33,0_0_33_12
131274,15MUS-AH001,Gauteng Province,2015,19585,0_0_33_12_154_1_0_0_0_0_0,0,0,33,12,154,1,0,0,0,0,0,0_0,0_0_33,0_0_33_12
131275,15MUS-AH007,Gauteng Province,2015,19586,0_2_71_0_2_0_0_0_0_0_0,0,2,71,0,2,0,0,0,0,0,0,0_2,0_2_71,0_2_71_0
131276,15MUS-AH008,Gauteng Province,2015,19587,0_0_33_12_154_0_0_0_0_0_0,0,0,33,12,154,0,0,0,0,0,0,0_0,0_0_33,0_0_33_12
131277,15MUS-AH009,Gauteng Province,2015,19588,0_0_33_12_242_0_0_0_0_0_0,0,0,33,12,242,0,0,0,0,0,0,0_0,0_0_33,0_0_33_12
131278,15MUS-AH021,Gauteng Province,2015,19589,0_0_33_12_202_0_0_0_0_0_0,0,0,33,12,202,0,0,0,0,0,0,0_0,0_0_33,0_0_33_12
131279,15MUS-AH029,Gauteng Province,2015,19590,1_1_17_13_0_0_0_0_0_0_0,1,1,17,13,0,0,0,0,0,0,0,1_1,1_1_17,1_1_17_13
131280,15MUS-AH030,Gauteng Province,2015,19591,0_0_47_6_10_0_0_0_0_0_0,0,0,47,6,10,0,0,0,0,0,0,0_0,0_0_47,0_0_47_6
131281,15MUS-AH041,Gauteng Province,2015,19592,0_0_33_12_182_0_0_0_0_0_0,0,0,33,12,182,0,0,0,0,0,0,0_0,0_0_33,0_0_33_12
131282,15MUS-AH042,Gauteng Province,2015,19593,1_1_17_4_11_0_0_0_0_0_0,1,1,17,4,11,0,0,0,0,0,0,1_1,1_1_17,1_1_17_4
131283,15MUS-AH060,Gauteng Province,2015,19594;29675,0_0_23_2_11_0_0_0_0_0_0,0,0,23,2,11,0,0,0,0,0,0,0_0,0_0_23,0_0_23_2
131284,15MUS-AH061,Gauteng Province,2015,19595,0_16_0_1_18_0_0_0_0_0_0,0,16,0,1,18,0,0,0,0,0,0,0_16,0_16_0,0_16_0_1
131285,15MUS-AH063,Gauteng Province,2015,19596,0_0_33_77_0_0_0_0_0_0_0,0,0,33,77,0,0,0,0,0,0,0,0_0,0_0_33,0_0_33_77
131286,15MUS-AH064,Gauteng Province,2015,19597;29676,0_0_23_8_0_0_0_0_0_0_0,0,0,23,8,0,0,0,0,0,0,0,0_0,0_0_23,0_0_23_8
131287,15MUS-AH068,Gauteng Province,2015,19598,0_0_33_75_0_0_0_0_0_0_0,0,0,33,75,0,0,0,0,0,0,0,0_0,0_0_33,0_0_33_75
131288,15MUS-AH077,Gauteng Province,2015,19599,0_2_71_0_0_1_0_0_0_0_0,0,2,71,0,0,1,0,0,0,0,0,0_2,0_2_71,0_2_71_0
131289,15MUS-AH078,Gauteng Province,2015,19600,0_0_33_12_214_0_0_0_0_0_0,0,0,33,12,214,0,0,0,0,0,0,0_0,0_0_33,0_0_33_12
131290,15MUS-AH079,Gauteng Province,2015,19601,0_0_33_12_197_0_0_0_0_0_0,0,0,33,12,197,0,0,0,0,0,0,0_0,0_0_33,0_0_33_12
131291,15MUS-AH083,Gauteng Province,2015,19602,0_0_64_0_0_0_0_0_0_0_0,0,0,64,0,0,0,0,0,0,0,0,0_0,0_0_64,0_0_64_0
131292,15MUS-AH084,Gauteng Province,2015,19603,0_0_33_12_183_0_0_0_0_0_0,0,0,33,12,183,0,0,0,0,0,0,0_0,0_0_33,0_0_33_12
131293,15MUS-AH085,Gauteng Province,2015,19604,0_0_28_1_1_0_0_0_0_0_0,0,0,28,1,1,0,0,0,0,0,0,0_0,0_0_28,0_0_28_1
131294,15MUS-AH086,Gauteng Province,2015,19605;29677,0_0_23_23_0_0_0_0_0_0_0,0,0,23,23,0,0,0,0,0,0,0,0_0,0_0_23,0_0_23_23
131295,15MUS-AH087,Gauteng Province,2015,19606,0_0_47_6_16_0_0_0_0_0_0,0,0,47,6,16,0,0,0,0,0,0,0_0,0_0_47,0_0_47_6
131296,15MUS-AH088,Gauteng Province,2015,19607;27606,0_0_28_0_3_0_0_0_0_0_0,0,0,28,0,3,0,0,0,0,0,0,0_0,0_0_28,0_0_28_0
131297,15MUS-AH089,Gauteng Province,2015,19608,0_0_33_12_158_0_0_0_0_1_0,0,0,33,12,158,0,0,0,0,1,0,0_0,0_0_33,0_0_33_12
131298,15MUS-AH092,Gauteng Province,2015,19609,1_1_27_6_6_0_0_0_1_0_0,1,1,27,6,6,0,0,0,1,0,0,1_1,1_1_27,1_1_27_6
131299,15MUS-AH093,Gauteng Province,2015,19610,0_16_0_1_6_4_0_0_0_0_0,0,16,0,1,6,4,0,0,0,0,0,0_16,0_16_0,0_16_0_1
131300,15MUS-AH094,Gauteng Province,2015,19611,0_18_22_3_0_0_0_0_0_0_0,0,18,22,3,0,0,0,0,0,0,0,0_18,0_18_22,0_18_22_3
131301,15MUS-AH096,Gauteng Province,2015,19612,11_0_5_0_0_0_0_0_0_0_0,11,0,5,0,0,0,0,0,0,0,0,11_0,11_0_5,11_0_5_0
131302,15MUS-AH101,Gauteng Province,2015,19613,0_16_0_1_28_0_0_0_0_0_0,0,16,0,1,28,0,0,0,0,0,0,0_16,0_16_0,0_16_0_1
131303,15MUS-AH103,Gauteng Province,2015,19614,0_0_33_12_154_0_0_1_0_0_0,0,0,33,12,154,0,0,1,0,0,0,0_0,0_0_33,0_0_33_12
131304,15MUS-AH106,Gauteng Province,2015,19615;29678,0_0_23_2_6_0_0_0_0_0_0,0,0,23,2,6,0,0,0,0,0,0,0_0,0_0_23,0_0_23_2
131305,15MUS-AH108,Gauteng Province,2015,19616,0_0_33_12_158_0_0_0_0_0_0,0,0,33,12,158,0,0,0,0,0,0,0_0,0_0_33,0_0_33_12
131306,15MUS-AH112,Gauteng Province,2015,19617,0_0_47_6_18_0_0_0_0_0_0,0,0,47,6,18,0,0,0,0,0,0,0_0,0_0_47,0_0_47_6
131307,15MUS-AH113,Gauteng Province,2015,19618,1_1_17_10_0_0_0_0_0_0_0,1,1,17,10,0,0,0,0,0,0,0,1_1,1_1_17,1_1_17_10
131308,15MUS-AH117,Gauteng Province,2015,19595,0_16_0_1_18_0_0_0_0_0_0,0,16,0,1,18,0,0,0,0,0,0,0_16,0_16_0,0_16_0_1
131309,15MUS-AH119,Gauteng Province,2015,19619,1_1_27_13_0_0_0_0_0_0_0,1,1,27,13,0,0,0,0,0,0,0,1_1,1_1_27,1_1_27_13
131310,15MUS-AH121,Gauteng Province,2015,19620,0_0_73_0_0_0_0_0_0_0_0,0,0,73,0,0,0,0,0,0,0,0,0_0,0_0_73,0_0_73_0
131311,15MUS-AH122,Gauteng Province,2015,19621;29679,0_0_25_4_0_0_0_0_0_0_0,0,0,25,4,0,0,0,0,0,0,0,0_0,0_0_25,0_0_25_4
131312,15MUS-AH130,Gauteng Province,2015,19622,0_0_33_12_161_0_0_0_0_0_0,0,0,33,12,161,0,0,0,0,0,0,0_0,0_0_33,0_0_33_12
131313,15MUS-AH131,Gauteng Province,2015,19623,1_1_17_4_19_0_0_0_0_0_0,1,1,17,4,19,0,0,0,0,0,0,1_1,1_1_17,1_1_17_4
131314,15MUS-AH133,Gauteng Province,2015,19624;29680,0_0_23_2_8_0_0_0_0_0_0,0,0,23,2,8,0,0,0,0,0,0,0_0,0_0_23,0_0_23_2
131315,15MUS-AH135,Gauteng Province,2015,19625;29681,0_0_25_2_1_0_0_0_0_0_0,0,0,25,2,1,0,0,0,0,0,0,0_0,0_0_25,0_0_25_2
131316,15MUS-AH138,Gauteng Province,2015,19626,0_0_33_12_92_6_0_0_0_0_0,0,0,33,12,92,6,0,0,0,0,0,0_0,0_0_33,0_0_33_12
131317,15MUS-AH140,Gauteng Province,2015,19627,0_0_33_12_184_0_0_0_0_0_0,0,0,33,12,184,0,0,0,0,0,0,0_0,0_0_33,0_0_33_12
131318,15MUS-AH143,Gauteng Province,2015,19628,0_0_33_12_155_0_0_0_0_0_0,0,0,33,12,155,0,0,0,0,0,0,0_0,0_0_33,0_0_33_12
131319,15MUS-AH146,Gauteng Province,2015,19629,0_0_33_12_276_0_0_0_0_0_0,0,0,33,12,276,0,0,0,0,0,0,0_0,0_0_33,0_0_33_12
131320,15MUS-AH148,Gauteng Province,2015,19630,0_0_33_12_162_0_0_0_0_0_0,0,0,33,12,162,0,0,0,0,0,0,0_0,0_0_33,0_0_33_12
131321,15MUS-AH149,Gauteng Province,2015,19631,1_1_27_14_0_0_0_0_0_0_0,1,1,27,14,0,0,0,0,0,0,0,1_1,1_1_27,1_1_27_14
131322,15MUS-AH150,Gauteng Province,2015,,,,,,,,,,,,,,_,__,___
131323,15MUS-AH152,Gauteng Province,2015,19632,0_0_33_79_0_0_0_0_0_0_0,0,0,33,79,0,0,0,0,0,0,0,0_0,0_0_33,0_0_33_79
131324,15MUS-AH153,Gauteng Province,2015,19633,0_0_33_12_174_0_0_0_0_0_0,0,0,33,12,174,0,0,0,0,0,0,0_0,0_0_33,0_0_33_12
131325,15MUS-AH154,Gauteng Province,2015,19634,0_0_33_12_172_0_0_0_0_0_0,0,0,33,12,172,0,0,0,0,0,0,0_0,0_0_33,0_0_33_12
131326,15MUS-AH160,Gauteng Province,2015,19635,0_0_18_23_3_0_0_0_0_0_0,0,0,18,23,3,0,0,0,0,0,0,0_0,0_0_18,0_0_18_23
131327,15MUS-AH165,Gauteng Province,2015,19636,0_0_33_12_176_0_0_0_0_0_0,0,0,33,12,176,0,0,0,0,0,0,0_0,0_0_33,0_0_33_12
131328,15MUS-AH166,Gauteng Province,2015,19637,0_0_33_12_208_0_0_0_0_0_0,0,0,33,12,208,0,0,0,0,0,0,0_0,0_0_33,0_0_33_12
131329,16MUS-AH007,Gauteng Province,2016,19638,0_0_33_12_185_0_0_0_0_0_0,0,0,33,12,185,0,0,0,0,0,0,0_0,0_0_33,0_0_33_12
131330,16MUS-AH009,Gauteng Province,2016,19639,1_1_27_12_0_0_0_0_0_0_0,1,1,27,12,0,0,0,0,0,0,0,1_1,1_1_27,1_1_27_12
131331,16MUS-AH010,Gauteng Province,2016,19640,0_0_36_1_7_0_0_0_0_0_0,0,0,36,1,7,0,0,0,0,0,0,0_0,0_0_36,0_0_36_1
131332,16MUS-AH011,Gauteng Province,2016,19641,0_0_23_14_0_0_0_0_0_0_0,0,0,23,14,0,0,0,0,0,0,0,0_0,0_0_23,0_0_23_14
131333,16MUS-AH012,Gauteng Province,2016,19642;29682,0_0_23_19_0_0_0_0_0_0_0,0,0,23,19,0,0,0,0,0,0,0,0_0,0_0_23,0_0_23_19
131334,16MUS-AH017,Gauteng Province,2016,19643,0_0_33_70_0_0_0_0_0_0_0,0,0,33,70,0,0,0,0,0,0,0,0_0,0_0_33,0_0_33_70
131335,16MUS-AH019,Gauteng Province,2016,19644,0_0_47_7_1_0_0_0_0_0_0,0,0,47,7,1,0,0,0,0,0,0,0_0,0_0_47,0_0_47_7
131336,16MUS-AH023,Gauteng Province,2016,19645,0_0_61_0_0_0_0_0_0_0_0,0,0,61,0,0,0,0,0,0,0,0,0_0,0_0_61,0_0_61_0
131337,16MUS-AH026,Gauteng Province,2016,19646,0_0_33_12_210_0_0_0_0_0_0,0,0,33,12,210,0,0,0,0,0,0,0_0,0_0_33,0_0_33_12
131338,16MUS-AH029,Gauteng Province,2016,19647,0_0_33_12_188_0_0_0_0_0_0,0,0,33,12,188,0,0,0,0,0,0,0_0,0_0_33,0_0_33_12
131339,16MUS-AH030,Gauteng Province,2016,19648,0_0_47_6_4_0_0_0_0_0_0,0,0,47,6,4,0,0,0,0,0,0,0_0,0_0_47,0_0_47_6
131340,16MUS-AH034,Gauteng Province,2016,19649,1_1_27_12_0_0_0_1_0_0_0,1,1,27,12,0,0,0,1,0,0,0,1_1,1_1_27,1_1_27_12
131341,16MUS-AH057,Gauteng Province,2016,19650,0_0_33_12_203_0_0_0_0_0_0,0,0,33,12,203,0,0,0,0,0,0,0_0,0_0_33,0_0_33_12
131342,16MUS-AH060,Gauteng Province,2016,19651,0_0_33_12_169_0_0_0_0_0_0,0,0,33,12,169,0,0,0,0,0,0,0_0,0_0_33,0_0_33_12
131343,16MUS-AH062,Gauteng Province,2016,19652,0_0_33_12_177_0_0_0_0_0_0,0,0,33,12,177,0,0,0,0,0,0,0_0,0_0_33,0_0_33_12
131344,16MUS-AH063,Gauteng Province,2016,19653,0_16_0_8_0_0_0_0_0_0_0,0,16,0,8,0,0,0,0,0,0,0,0_16,0_16_0,0_16_0_8
131345,16MUS-AH064,Gauteng Province,2016,19654,0_0_23_14_0_1_0_0_0_0_0,0,0,23,14,0,1,0,0,0,0,0,0_0,0_0_23,0_0_23_14
131346,16MUS-AH067,Gauteng Province,2016,19655,0_0_47_6_12_0_0_0_0_0_0,0,0,47,6,12,0,0,0,0,0,0,0_0,0_0_47,0_0_47_6
131347,16MUS-AH068,Gauteng Province,2016,19656,0_0_33_12_198_0_0_0_0_0_0,0,0,33,12,198,0,0,0,0,0,0,0_0,0_0_33,0_0_33_12
131348,16MUS-aH070,Gauteng Province,2016,19657;29683,0_0_23_20_0_0_0_0_0_0_0,0,0,23,20,0,0,0,0,0,0,0,0_0,0_0_23,0_0_23_20
131349,16MUS-AH082,Gauteng Province,2016,19658;29684,0_0_23_2_10_0_0_0_0_0_0,0,0,23,2,10,0,0,0,0,0,0,0_0,0_0_23,0_0_23_2
131350,16MUS-AH085,Gauteng Province,2016,19659,0_0_33_12_185_0_0_0_0_1_0,0,0,33,12,185,0,0,0,0,1,0,0_0,0_0_33,0_0_33_12
131351,16MUS-AH087,Gauteng Province,2016,19660,1_1_27_11_0_0_0_0_0_0_0,1,1,27,11,0,0,0,0,0,0,0,1_1,1_1_27,1_1_27_11
131352,16MUS-AH088,Gauteng Province,2016,19661,0_0_47_6_15_0_0_0_0_0_0,0,0,47,6,15,0,0,0,0,0,0,0_0,0_0_47,0_0_47_6
131353,16MUS-AH089,Gauteng Province,2016,19662,0_0_33_12_148_0_0_0_0_0_0,0,0,33,12,148,0,0,0,0,0,0,0_0,0_0_33,0_0_33_12
131354,16MUS-AH091,Gauteng Province,2016,19663,0_0_28_0_6_0_0_0_0_0_0,0,0,28,0,6,0,0,0,0,0,0,0_0,0_0_28,0_0_28_0
131355,16MUS-AH093,Gauteng Province,2016,19664,0_0_33_12_187_0_0_0_0_0_0,0,0,33,12,187,0,0,0,0,0,0,0_0,0_0_33,0_0_33_12
131356,16MUS-AH094,Gauteng Province,2016,19665,1_1_17_12_0_0_0_0_0_0_0,1,1,17,12,0,0,0,0,0,0,0,1_1,1_1_17,1_1_17_12
131357,16MUS-AH097,Gauteng Province,2016,19666,0_0_33_12_185_0_0_0_0_2_0,0,0,33,12,185,0,0,0,0,2,0,0_0,0_0_33,0_0_33_12
131358,16MUS-AH100,Gauteng Province,2016,19667,0_0_33_69_0_0_0_0_0_0_0,0,0,33,69,0,0,0,0,0,0,0,0_0,0_0_33,0_0_33_69
131359,16MUS-AH101,Gauteng Province,2016,19668,0_18_23_2_0_0_0_0_0_0_0,0,18,23,2,0,0,0,0,0,0,0,0_18,0_18_23,0_18_23_2
131360,16MUS-AH109,Gauteng Province,2016,19669,0_0_33_12_207_0_0_0_0_0_0,0,0,33,12,207,0,0,0,0,0,0,0_0,0_0_33,0_0_33_12
131361,16MUS-AH113,Gauteng Province,2016,19670,0_0_33_12_202_1_0_0_0_0_0,0,0,33,12,202,1,0,0,0,0,0,0_0,0_0_33,0_0_33_12
131362,16MUS-AH116,Gauteng Province,2016,19671,0_0_47_11_2_0_0_0_0_0_0,0,0,47,11,2,0,0,0,0,0,0,0_0,0_0_47,0_0_47_11
131363,16MUS-AH118,Gauteng Province,2016,19672,0_0_33_12_148_0_0_1_0_0_0,0,0,33,12,148,0,0,1,0,0,0,0_0,0_0_33,0_0_33_12
131364,16MUS-AH119,Gauteng Province,2016,19673,0_0_33_12_283_0_0_0_0_0_0,0,0,33,12,283,0,0,0,0,0,0,0_0,0_0_33,0_0_33_12
131365,16MUS-AH121,Gauteng Province,2016,19674,0_2_72_0_0_0_0_0_0_0_0,0,2,72,0,0,0,0,0,0,0,0,0_2,0_2_72,0_2_72_0
131366,16MUS-AH124,Gauteng Province,2016,19675,0_0_33_12_92_4_0_0_0_0_0,0,0,33,12,92,4,0,0,0,0,0,0_0,0_0_33,0_0_33_12
131367,16MUS-AH126,Gauteng Province,2016,19676,0_0_33_71_0_0_0_0_0_0_0,0,0,33,71,0,0,0,0,0,0,0,0_0,0_0_33,0_0_33_71
131368,16MUS-AH131,Gauteng Province,2016,19677,0_0_33_69_0_1_0_0_0_0_0,0,0,33,69,0,1,0,0,0,0,0,0_0,0_0_33,0_0_33_69
131369,16MUS-AH140,Gauteng Province,2016,19678,0_0_33_12_175_0_0_0_0_0_0,0,0,33,12,175,0,0,0,0,0,0,0_0,0_0_33,0_0_33_12
131370,16MUS-AH142,Gauteng Province,2016,19679,0_0_28_0_5_0_0_0_0_0_0,0,0,28,0,5,0,0,0,0,0,0,0_0,0_0_28,0_0_28_0
131371,16MUS-AH146,Gauteng Province,2016,19680,1_1_17_4_17_0_0_0_0_0_0,1,1,17,4,17,0,0,0,0,0,0,1_1,1_1_17,1_1_17_4
131372,16MUS-AH147,Gauteng Province,2016,19681,0_0_33_12_160_0_0_0_0_0_0,0,0,33,12,160,0,0,0,0,0,0,0_0,0_0_33,0_0_33_12
131373,16MUS-AH152,Gauteng Province,2016,19682,0_0_28_0_4_0_0_0_0_0_0,0,0,28,0,4,0,0,0,0,0,0,0_0,0_0_28,0_0_28_0
131374,17MUS-AH002,Gauteng Province,2017,19683;29685,0_0_23_2_2_0_0_0_0_0_0,0,0,23,2,2,0,0,0,0,0,0,0_0,0_0_23,0_0_23_2
131375,17MUS-AH004,Gauteng Province,2017,19684,0_0_47_11_1_0_0_0_0_0_0,0,0,47,11,1,0,0,0,0,0,0,0_0,0_0_47,0_0_47_11
131376,17MUS-AH007,Gauteng Province,2017,19685,0_0_33_12_168_0_0_0_0_0_0,0,0,33,12,168,0,0,0,0,0,0,0_0,0_0_33,0_0_33_12
131377,17MUS-AH009,Gauteng Province,2017,19686;29686,0_0_23_2_7_0_0_0_0_0_0,0,0,23,2,7,0,0,0,0,0,0,0_0,0_0_23,0_0_23_2
131378,17MUS-AH011,Gauteng Province,2017,19687,0_18_23_0_0_0_0_0_0_0_0,0,18,23,0,0,0,0,0,0,0,0,0_18,0_18_23,0_18_23_0
131379,17MUS-AH012,Gauteng Province,2017,19688,0_0_33_12_181_0_0_0_0_0_0,0,0,33,12,181,0,0,0,0,0,0,0_0,0_0_33,0_0_33_12
131380,17MUS-AH014,Gauteng Province,2017,19689,0_0_33_12_190_0_0_0_0_0_0,0,0,33,12,190,0,0,0,0,0,0,0_0,0_0_33,0_0_33_12
131381,17MUS-AH015,Gauteng Province,2017,19690,0_0_33_12_213_0_0_0_0_0_0,0,0,33,12,213,0,0,0,0,0,0,0_0,0_0_33,0_0_33_12
131382,17MUS-AH018,Gauteng Province,2017,19691,0_0_33_12_278_0_0_0_0_0_0,0,0,33,12,278,0,0,0,0,0,0,0_0,0_0_33,0_0_33_12
138787,7092,,2022,,,,,,,,,,,,,,_,__,___
139453,7316,,2023,,,,,,,,,,,,,,_,__,___
139454,8374,,2023,,,,,,,,,,,,,,_,__,___
139455,8486,,2023,,,,,,,,,,,,,,_,__,___
139860,5232,,2023,,,,,,,,,,,,,,_,__,___
139861,7493,,2023,,,,,,,,,,,,,,_,__,___
139862,5412,,2023,,,,,,,,,,,,,,_,__,___
140559,17MUS_AH099_S94,Gauteng,2017,21963,0_0_47_6_23_0_0_0_0_0_0,0,0,47,6,23,0,0,0,0,0,0,0_0,0_0_47,0_0_47_6
140560,17MUS_AH121_S96,Gauteng,2017,21964,0_0_33_12_311_0_0_0_0_0_0,0,0,33,12,311,0,0,0,0,0,0,0_0,0_0_33,0_0_33_12
140561,17MUS_AH117_S95,Gauteng Province,2017,21965,51_0_1_0_0_0_0_0_0_0_0,51,0,1,0,0,0,0,0,0,0,0,51_0,51_0_1,51_0_1_0
140562,18MUS_AH145_S102,Gauteng Province,2018,21966,0_0_92_0_0_0_0_0_0_0_0,0,0,92,0,0,0,0,0,0,0,0,0_0,0_0_92,0_0_92_0
140563,18MUS_AH147_S103,Gauteng Province,2018,21967,0_0_33_12_300_0_0_0_0_0_0,0,0,33,12,300,0,0,0,0,0,0,0_0,0_0_33,0_0_33_12
140564,18MUS_KH083_S97,Western Cape,2018,21968;29687,1_15_1_0_0_0_0_0_0_0_0,1,15,1,0,0,0,0,0,0,0,0,1_15,1_15_1,1_15_1_0
140565,18MUS_KM012_S99,Northern Cape,2018,21969,0_18_28_0_0_0_0_0_0_0_0,0,18,28,0,0,0,0,0,0,0,0,0_18,0_18_28,0_18_28_0
140566,18MUS_KM013_S80,Northern Cape,2018,21970;29688,0_0_23_25_0_0_0_0_0_0_0,0,0,23,25,0,0,0,0,0,0,0,0_0,0_0_23,0_0_23_25
140567,18MUS_KM016_S100,Northern Cape,2018,21971,17_0_1_3_0_0_0_0_0_0_0,17,0,1,3,0,0,0,0,0,0,0,17_0,17_0_1,17_0_1_3
140568,18MUS_KM021_S81,Northern Cape,2018,21972;29689,0_0_23_34_0_0_0_0_0_0_0,0,0,23,34,0,0,0,0,0,0,0,0_0,0_0_23,0_0_23_34
140569,18MUS_KM070_S101,Northern Cape,2018,21973;33770,17_0_1_2_0_0_0_0_0_0_0,17,0,1,2,0,0,0,0,0,0,0,17_0,17_0_1,17_0_1_2
140570,18MUS_KM071_S82,Northern Cape,2018,21974,0_0_63_0_2_1_0_0_0_0_0,0,0,63,0,2,1,0,0,0,0,0,0_0,0_0_63,0_0_63_0
140571,18MUS_ZW085_S98,Eastern Cape,2018,21975,0_0_33_12_310_0_0_0_0_0_0,0,0,33,12,310,0,0,0,0,0,0,0_0,0_0_33,0_0_33_12
140572,19MUS_AH073_S104,Gauteng Province,2019,21976,1_1_65_0_0_0_0_0_0_0_0,1,1,65,0,0,0,0,0,0,0,0,1_1,1_1_65,1_1_65_0
140573,19MUS_AH108_S105,Gauteng Province,2019,21977,0_7_0_12_13_0_0_0_0_0_0,0,7,0,12,13,0,0,0,0,0,0,0_7,0_7_0,0_7_0_12
140574,19MUS_AH110_S83,Gauteng Province,2019,21978,0_0_23_33_0_0_0_0_0_0_0,0,0,23,33,0,0,0,0,0,0,0,0_0,0_0_23,0_0_23_33
140575,19MUS_AH122_S106,Gauteng Province,2019,21979,1_3_1_0_1_0_0_0_0_0_0,1,3,1,0,1,0,0,0,0,0,0,1_3,1_3_1,1_3_1_0
140576,19MUS_AH166_S107,Gauteng Province,2019,21980,0_0_33_12_98_1_0_0_0_0_0,0,0,33,12,98,1,0,0,0,0,0,0_0,0_0_33,0_0_33_12
140577,20MUS_AH027_S84,Gauteng Province,2020,21981,0_23_0_3_0_0_0_0_0_0_0,0,23,0,3,0,0,0,0,0,0,0,0_23,0_23_0,0_23_0_3
140578,20MUS_AH028_S108,Gauteng Province,2020,21982,0_0_47_11_11_0_0_0_0_0_0,0,0,47,11,11,0,0,0,0,0,0,0_0,0_0_47,0_0_47_11
140579,20MUS_AH030_S85,Gauteng Province,2020,21983;29690,0_0_23_9_4_1_0_0_0_0_0,0,0,23,9,4,1,0,0,0,0,0,0_0,0_0_23,0_0_23_9
140580,20MUS_AH032_S109,Gauteng Province,2020,21984;29691,0_0_23_26_0_0_0_0_0_0_0,0,0,23,26,0,0,0,0,0,0,0,0_0,0_0_23,0_0_23_26
140581,20MUS_AH0138_S110,Gauteng Province,2020,21985;34503,0_0_47_11_10_0_0_0_0_0_0,0,0,47,11,10,0,0,0,0,0,0,0_0,0_0_47,0_0_47_11
140582,20MUS_CZ054_S86,KwaZulu Natal,2020,21986,0_0_23_36_0_0_0_0_0_0_0,0,0,23,36,0,0,0,0,0,0,0,0_0,0_0_23,0_0_23_36
140583,20MUS_CZ055_S111,KwaZulu Natal,2020,21987,0_7_0_12_14_0_0_0_0_0_0,0,7,0,12,14,0,0,0,0,0,0,0_7,0_7_0,0_7_0_12
140584,21MUS_AH020_S112,Gauteng Province,2021,21988,0_0_33_161_0_0_0_0_0_0_0,0,0,33,161,0,0,0,0,0,0,0,0_0,0_0_33,0_0_33_161
140585,21MUS_AH021_S113,Gauteng Province,2021,21989,0_2_21_0_14_0_0_1_0_0_0,0,2,21,0,14,0,0,1,0,0,0,0_2,0_2_21,0_2_21_0
140586,21MUS_AH104_S114,Gauteng Province,2021,21990,1_1_27_15_0_0_0_0_0_0_0,1,1,27,15,0,0,0,0,0,0,0,1_1,1_1_27,1_1_27_15
140587,21MUS_AH105_S87,Gauteng Province,2021,21991,1_1_17_17_0_0_1_1_0_0_0,1,1,17,17,0,0,1,1,0,0,0,1_1,1_1_17,1_1_17_17
140588,21MUS_AH110_S115,Gauteng Province,2021,21992,0_7_0_12_17_0_0_0_0_0_0,0,7,0,12,17,0,0,0,0,0,0,0_7,0_7_0,0_7_0_12
140589,21MUS_AH111_S88,Gauteng Province,2021,21993;29692;34538,0_0_23_9_4_0_0_0_0_0_0,0,0,23,9,4,0,0,0,0,0,0,0_0,0_0_23,0_0_23_9
140590,21MUS_AH124_S116,Gauteng Province,2021,21994,0_7_0_12_15_0_0_0_0_0_0,0,7,0,12,15,0,0,0,0,0,0,0_7,0_7_0,0_7_0_12
140591,21MUS_AH125_S89,Gauteng Province,2021,21995;34542,0_2_21_0_14_0_0_0_0_0_0,0,2,21,0,14,0,0,0,0,0,0,0_2,0_2_21,0_2_21_0
140592,21MUS_AH166_S117,Gauteng Province,2021,21996,0_0_47_11_1_3_0_0_0_0_0,0,0,47,11,1,3,0,0,0,0,0,0_0,0_0_47,0_0_47_11
140593,21MUS_AH237_S90,Gauteng Province,2021,21997,1_1_27_6_11_0_0_0_0_0_0,1,1,27,6,11,0,0,0,0,0,0,1_1,1_1_27,1_1_27_6
140594,21MUS_AH239_S118,Gauteng Province,2021,21998,16_1_0_16_0_0_0_0_0_0_0,16,1,0,16,0,0,0,0,0,0,0,16_1,16_1_0,16_1_0_16
140595,21MUS_CZ189_S91,KwaZulu Natal,2021,21999,1_1_27_6_9_0_0_0_0_0_0,1,1,27,6,9,0,0,0,0,0,0,1_1,1_1_27,1_1_27_6
140596,21MUS_CZ191_S119,KwaZulu Natal,2021,22000,0_0_36_1_9_0_0_0_0_0_0,0,0,36,1,9,0,0,0,0,0,0,0_0,0_0_36,0_0_36_1
140597,21MUS_CZ197_S120,KwaZulu Natal,2021,22001,16_1_0_10_0_0_0_0_0_0_0,16,1,0,10,0,0,0,0,0,0,0,16_1,16_1_0,16_1_0_10
140598,21MUS_CZ198_S92,KwaZulu Natal,2021,22002,1_1_27_6_10_0_0_0_0_0_0,1,1,27,6,10,0,0,0,0,0,0,1_1,1_1_27,1_1_27_6
140599,21MUS_CZ201_S121,KwaZulu Natal,2021,22003,0_7_0_12_16_0_0_0_0_0_0,0,7,0,12,16,0,0,0,0,0,0,0_7,0_7_0,0_7_0_12
140600,22MUS_AH054_S93,Gauteng Province,2022,22004,1_1_17_17_0_0_1_0_0_0_0,1,1,17,17,0,0,1,0,0,0,0,1_1,1_1_17,1_1_17_17
140601,17MUS_AH098,Gauteng Province,2017,22005,0_2_1_26_0_0_0_0_0_0_0,0,2,1,26,0,0,0,0,0,0,0,0_2,0_2_1,0_2_1_26
140602,17MUS_AH118,Gauteng Province,2017,22006;29693,0_0_23_27_0_0_0_0_0_0_0,0,0,23,27,0,0,0,0,0,0,0,0_0,0_0_23,0_0_23_27
140603,17MUS_AH120,Gauteng Province,2017,22007;29694,0_0_23_35_0_0_0_0_0_0_0,0,0,23,35,0,0,0,0,0,0,0,0_0,0_0_23,0_0_23_35
140604,17MUS_KH085,Western Cape,2017,22008,0_2_1_0_479_0_0_0_0_0_0,0,2,1,0,479,0,0,0,0,0,0,0_2,0_2_1,0_2_1_0
140605,17MUS_ZW084,Eastern Cape,2017,22009,0_2_71_0_4_0_0_0_0_0_0,0,2,71,0,4,0,0,0,0,0,0,0_2,0_2_71,0_2_71_0
140611,19MUS_AH072,Gauteng Province,2019,22010,0_2_1_25_0_0_0_0_0_0_0,0,2,1,25,0,0,0,0,0,0,0,0_2,0_2_1,0_2_1_25
140612,19MUS_AH119,Gauteng Province,2019,22011,0_2_1_0_574_0_0_0_0_0_0,0,2,1,0,574,0,0,0,0,0,0,0_2,0_2_1,0_2_1_0
140613,19MUS_AH164,Gauteng Province,2019,22012,0_0_63_0_2_0_0_0_0_0_0,0,0,63,0,2,0,0,0,0,0,0,0_0,0_0_63,0_0_63_0
140617,20MUS_AH139,Gauteng Province,2020,22013,1_1_27_16_0_0_0_0_0_0_0,1,1,27,16,0,0,0,0,0,0,0,1_1,1_1_27,1_1_27_16
140618,21MUS_AH165,Gauteng Province,2021,22014,1_1_17_17_0_0_0_0_1_0_0,1,1,17,17,0,0,0,0,1,0,0,1_1,1_1_17,1_1_17_17
140619,21MUS_CZ202,KwaZulu Natal,2021,22015,0_18_23_2_2_0_0_0_0_0_0,0,18,23,2,2,0,0,0,0,0,0,0_18,0_18_23,0_18_23_2
154263,LLL001,,2013,32544,0_0_23_38_0_0_0_0_0_0_0,0,0,23,38,0,0,0,0,0,0,0,0_0,0_0_23,0_0_23_38
154264,LLL002,,2013,9329;32545;33284,0_0_23_2_0_0_0_0_0_0_0,0,0,23,2,0,0,0,0,0,0,0,0_0,0_0_23,0_0_23_2
154265,LLL003,,2013,32546,0_0_25_2_0_0_0_0_0_1_0,0,0,25,2,0,0,0,0,0,1,0,0_0,0_0_25,0_0_25_2
154266,LLL004,,2013,32547,0_18_23_3_0_0_0_0_0_0_0,0,18,23,3,0,0,0,0,0,0,0,0_18,0_18_23,0_18_23_3
154267,LLL005,,2013,32548,0_0_25_0_1_0_0_0_0_0_0,0,0,25,0,1,0,0,0,0,0,0,0_0,0_0_25,0_0_25_0
154268,LLL006,,2013,9177;26999;32549;33261,1_1_17_4_3_0_0_0_0_0_0,1,1,17,4,3,0,0,0,0,0,0,1_1,1_1_17,1_1_17_4
154269,LLL007,,2013,32550,1_1_17_4_1_0_0_0_0_1_0,1,1,17,4,1,0,0,0,0,1,0,1_1,1_1_17,1_1_17_4
154270,LLL008,,2013,32551,1_1_17_4_0_0_0_0_0_0_0,1,1,17,4,0,0,0,0,0,0,0,1_1,1_1_17,1_1_17_4
154271,LLL009,,2013,32552,0_0_18_23_5_0_0_0_0_0_0,0,0,18,23,5,0,0,0,0,0,0,0_0,0_0_18,0_0_18_23
154272,LLL010,,2013,32553,1_1_70_0_0_0_0_0_0_0_0,1,1,70,0,0,0,0,0,0,0,0,1_1,1_1_70,1_1_70_0
154273,LLL011,,2013,26011;26750;32554,1_1_27_6_12_0_0_0_0_0_0,1,1,27,6,12,0,0,0,0,0,0,1_1,1_1_27,1_1_27_6
154274,LLL012,,2013,32555,1_1_27_6_1_0_0_0_0_1_0,1,1,27,6,1,0,0,0,0,1,0,1_1,1_1_27,1_1_27_6
154275,LLL013,,2013,32556,1_1_27_2_0_0_0_0_0_1_0,1,1,27,2,0,0,0,0,0,1,0,1_1,1_1_27,1_1_27_2
154276,LLL014,,2013,32557,1_1_17_4_4_0_0_0_0_0_0,1,1,17,4,4,0,0,0,0,0,0,1_1,1_1_17,1_1_17_4
154277,LLL015,,2013,32558,1_1_71_0_0_0_0_0_0_0_0,1,1,71,0,0,0,0,0,0,0,0,1_1,1_1_71,1_1_71_0
154278,LLL016,,2013,32559,0_0_65_1_0_0_0_0_0_0_0,0,0,65,1,0,0,0,0,0,0,0,0_0,0_0_65,0_0_65_1
154279,LLL017,,2013,32560,0_0_23_2_13_0_0_0_0_0_0,0,0,23,2,13,0,0,0,0,0,0,0_0,0_0_23,0_0_23_2
154280,LLL018,,2013,9335;32746,1_1_17_4_2_0_0_0_0_0_0,1,1,17,4,2,0,0,0,0,0,0,1_1,1_1_17,1_1_17_4
154281,LLL019,,2013,32561,1_1_27_6_13_0_0_0_0_0_0,1,1,27,6,13,0,0,0,0,0,0,1_1,1_1_27,1_1_27_6
154282,LLL020,,2013,32562,0_12_12_0_0_0_0_0_0_0_0,0,12,12,0,0,0,0,0,0,0,0,0_12,0_12_12,0_12_12_0
154283,LLL022,,2013,26124;32563,1_1_67_0_0_0_0_0_0_0_0,1,1,67,0,0,0,0,0,0,0,0,1_1,1_1_67,1_1_67_0
154284,LLL023,,2013,32564,0_0_25_1_0_0_0_0_0_0_0,0,0,25,1,0,0,0,0,0,0,0,0_0,0_0_25,0_0_25_1
154285,LLL024,,2013,32565,0_0_33_12_346_0_0_0_0_0_0,0,0,33,12,346,0,0,0,0,0,0,0_0,0_0_33,0_0_33_12
154286,LLL026,,2014,32566,0_0_18_23_1_1_0_0_0_0_0,0,0,18,23,1,1,0,0,0,0,0,0_0,0_0_18,0_0_18_23
154287,LLL027,,2014,32567,0_0_28_2_0_0_0_0_0_0_0,0,0,28,2,0,0,0,0,0,0,0,0_0,0_0_28,0_0_28_2
154288,LLL028,,2014,32568,1_1_27_6_0_0_0_0_0_1_0,1,1,27,6,0,0,0,0,0,1,0,1_1,1_1_27,1_1_27_6
154289,LLL029,,2014,32569,0_18_22_4_0_0_0_0_0_0_0,0,18,22,4,0,0,0,0,0,0,0,0_18,0_18_22,0_18_22_4
154290,LLL030,,2014,32570,0_0_33_12_97_0_0_0_0_1_0,0,0,33,12,97,0,0,0,0,1,0,0_0,0_0_33,0_0_33_12
154291,LLL031,,2014,32571,0_0_33_47_2_0_0_0_0_0_0,0,0,33,47,2,0,0,0,0,0,0,0_0,0_0_33,0_0_33_47
154292,LLL032,,2014,32572,0_0_47_8_0_0_0_0_0_1_0,0,0,47,8,0,0,0,0,0,1,0,0_0,0_0_47,0_0_47_8
154293,LLL034,,2014,32573,0_0_33_12_345_0_0_0_0_0_0,0,0,33,12,345,0,0,0,0,0,0,0_0,0_0_33,0_0_33_12
154294,LLL035,,2014,32574,0_0_47_6_1_0_0_0_0_1_0,0,0,47,6,1,0,0,0,0,1,0,0_0,0_0_47,0_0_47_6
154295,LLL037,,2014,32575,0_0_25_2_2_0_0_0_0_0_0,0,0,25,2,2,0,0,0,0,0,0,0_0,0_0_25,0_0_25_2
154296,LLL038,,2014,32576,0_0_33_12_342_0_0_0_0_0_0,0,0,33,12,342,0,0,0,0,0,0,0_0,0_0_33,0_0_33_12
154297,LLL039,,2014,26119;32577,0_0_28_0_0_0_0_0_0_0_0,0,0,28,0,0,0,0,0,0,0,0,0_0,0_0_28,0_0_28_0
154298,LLL040,,2014,32578,0_0_33_12_344_0_0_0_0_0_0,0,0,33,12,344,0,0,0,0,0,0,0_0,0_0_33,0_0_33_12
154299,LLL041,,2014,32579,0_0_33_12_89_2_0_0_0_0_0,0,0,33,12,89,2,0,0,0,0,0,0_0,0_0_33,0_0_33_12
154300,LLL042,,2014,32580,0_0_33_12_187_0_1_0_0_0_0,0,0,33,12,187,0,1,0,0,0,0,0_0,0_0_33,0_0_33_12
154301,LLL043,,2014,32581,0_0_33_12_343_0_0_0_0_0_0,0,0,33,12,343,0,0,0,0,0,0,0_0,0_0_33,0_0_33_12
154302,LLL044,,2014,32582,0_18_22_4_1_0_0_0_0_0_0,0,18,22,4,1,0,0,0,0,0,0,0_18,0_18_22,0_18_22_4
154303,LLL045,,2014,32583,0_0_23_37_0_0_0_0_0_0_0,0,0,23,37,0,0,0,0,0,0,0,0_0,0_0_23,0_0_23_37
154304,LLL046,,2014,32584,0_18_23_4_0_0_0_0_0_0_0,0,18,23,4,0,0,0,0,0,0,0,0_18,0_18_23,0_18_23_4
154305,LLL048,,2014,9178;26118;27000,0_16_5_0_0_0_0_0_0_0_0,0,16,5,0,0,0,0,0,0,0,0,0_16,0_16_5,0_16_5_0
154306,LLL049,,2014,32585,0_0_25_5_0_0_0_0_0_0_0,0,0,25,5,0,0,0,0,0,0,0,0_0,0_0_25,0_0_25_5
154307,LLL050,,2014,32586,1_1_27_2_3_0_0_0_0_0_0,1,1,27,2,3,0,0,0,0,0,0,1_1,1_1_27,1_1_27_2
154308,MMM001,,2014,32587,0_0_18_23_6_0_0_0_0_0_0,0,0,18,23,6,0,0,0,0,0,0,0_0,0_0_18,0_0_18_23
154309,MMM002,,2014,32588,0_0_33_12_89_3_0_0_0_0_0,0,0,33,12,89,3,0,0,0,0,0,0_0,0_0_33,0_0_33_12
154310,MMM003,,2014,32589,0_0_33_12_99_0_0_0_0_1_0,0,0,33,12,99,0,0,0,0,1,0,0_0,0_0_33,0_0_33_12
154311,MMM004,,2014,32590,1_1_17_4_23_0_0_0_0_0_0,1,1,17,4,23,0,0,0,0,0,0,1_1,1_1_17,1_1_17_4
154312,MMM005,,2014,32591,0_18_22_5_0_0_0_0_0_0_0,0,18,22,5,0,0,0,0,0,0,0,0_18,0_18_22,0_18_22_5
154313,MMM006,,2014,32592,0_0_36_1_2_2_0_0_0_0_0,0,0,36,1,2,2,0,0,0,0,0,0_0,0_0_36,0_0_36_1
154314,MMM007,,2014,32593,1_1_17_4_22_0_0_0_0_0_0,1,1,17,4,22,0,0,0,0,0,0,1_1,1_1_17,1_1_17_4
154315,MMM008,,2014,32594,0_0_36_1_11_0_0_0_0_0_0,0,0,36,1,11,0,0,0,0,0,0,0_0,0_0_36,0_0_36_1
155409,GP12-MUS-242,Gauteng,2012,,,,,,,,,,,,,,_,__,___
155410,GP13-MUS-070,Gauteng,2013,19477,0_0_33_12_167_0_0_0_0_0_0,0,0,33,12,167,0,0,0,0,0,0,0_0,0_0_33,0_0_33_12
155411,GP13-MUS-083,Gauteng,2013,19484;34307,0_0_36_1_3_1_0_0_0_0_0,0,0,36,1,3,1,0,0,0,0,0,0_0,0_0_36,0_0_36_1
155412,GP13-MUS-096,Gauteng,2013,19486;29666;34308,0_0_23_5_1_0_0_0_0_0_0,0,0,23,5,1,0,0,0,0,0,0,0_0,0_0_23,0_0_23_5
155413,GP13-MUS-099,Gauteng,2013,34309,0_0_33_12_216_0_0_0_0_0_0,0,0,33,12,216,0,0,0,0,0,0,0_0,0_0_33,0_0_33_12
155414,GP13-MUS-103,Gauteng,2013,19488,1_1_17_13_1_0_0_0_0_0_0,1,1,17,13,1,0,0,0,0,0,0,1_1,1_1_17,1_1_17_13
155415,GP13-MUS-105,Gauteng,2013,19489;34310,0_18_22_2_0_0_0_0_0_0_0,0,18,22,2,0,0,0,0,0,0,0,0_18,0_18_22,0_18_22_2
155416,GP13-MUS-107,Gauteng,2013,19490,1_1_27_6_7_0_0_0_0_0_0,1,1,27,6,7,0,0,0,0,0,0,1_1,1_1_27,1_1_27_6
155417,GP13-MUS-109,Gauteng,2013,19491;27605,0_0_28_0_1_1_0_0_0_0_0,0,0,28,0,1,1,0,0,0,0,0,0_0,0_0_28,0_0_28_0
155418,GP13-MUS-116,Gauteng,2013,19492,1_1_17_4_6_0_0_0_0_0_0,1,1,17,4,6,0,0,0,0,0,0,1_1,1_1_17,1_1_17_4
155419,GP13-MUS-120,Gauteng,2013,19493;29667,0_0_23_2_0_1_0_0_0_0_0,0,0,23,2,0,1,0,0,0,0,0,0_0,0_0_23,0_0_23_2
155420,GP13-MUS-121,Gauteng,2013,19494,0_0_33_12_204_0_0_0_0_0_0,0,0,33,12,204,0,0,0,0,0,0,0_0,0_0_33,0_0_33_12
155421,GP13-MUS-129,Gauteng,2013,19495,1_1_17_4_20_0_0_0_0_0_0,1,1,17,4,20,0,0,0,0,0,0,1_1,1_1_17,1_1_17_4
155422,GP13-MUS-132,Gauteng,2013,19496;29668,0_0_23_21_0_0_0_0_0_1_0,0,0,23,21,0,0,0,0,0,1,0,0_0,0_0_23,0_0_23_21
155423,GP13-MUS-133,Gauteng,2013,19497,0_0_33_12_153_0_0_0_0_0_0,0,0,33,12,153,0,0,0,0,0,0,0_0,0_0_33,0_0_33_12
155424,GP13-MUS-134,Gauteng,2013,34311,1_1_40_0_0_0_0_0_0_1_0,1,1,40,0,0,0,0,0,0,1,0,1_1,1_1_40,1_1_40_0
155425,GP14-MUS-241,Gauteng,2014,34312,0_0_33_12_351_0_0_0_0_0_0,0,0,33,12,351,0,0,0,0,0,0,0_0,0_0_33,0_0_33_12
155426,15MUS-AH035,Gauteng,2015,34313,0_0_33_12_352_0_0_0_0_0_0,0,0,33,12,352,0,0,0,0,0,0,0_0,0_0_33,0_0_33_12
155427,15MUS-AH077-R,Gauteng,2015,34314,0_2_71_0_0_1_0_0_0_1_0,0,2,71,0,0,1,0,0,0,1,0,0_2,0_2_71,0_2_71_0
155428,15MUS-AH080,Gauteng,2015,34315,0_0_33_12_350_0_0_0_0_0_0,0,0,33,12,350,0,0,0,0,0,0,0_0,0_0_33,0_0_33_12
155429,15MUS-AH090,Gauteng,2015,34316,0_0_33_12_156_1_0_0_0_0_0,0,0,33,12,156,1,0,0,0,0,0,0_0,0_0_33,0_0_33_12
155431,15MUS-AH129,Gauteng,2015,34318,0_0_23_3_3_0_0_0_0_0_0,0,0,23,3,3,0,0,0,0,0,0,0_0,0_0_23,0_0_23_3
155433,15MUS-AH168,Gauteng,2015,34320,0_2_85_0_0_0_0_0_0_0_0,0,2,85,0,0,0,0,0,0,0,0,0_2,0_2_85,0_2_85_0
155434,16MUS-AH017-R,Gauteng,2016,19643,0_0_33_70_0_0_0_0_0_0_0,0,0,33,70,0,0,0,0,0,0,0,0_0,0_0_33,0_0_33_70
155435,17MUS-AH017-R,Gauteng,2017,34321,0_0_33_12_355_0_0_0_0_0_0,0,0,33,12,355,0,0,0,0,0,0,0_0,0_0_33,0_0_33_12
155436,17MUS-AH019,Gauteng,2017,34322,0_0_47_11_1_4_0_0_0_0_0,0,0,47,11,1,4,0,0,0,0,0,0_0,0_0_47,0_0_47_11
155437,17MUS-AH021,Gauteng,2017,34323,0_0_33_12_358_0_0_0_0_0_0,0,0,33,12,358,0,0,0,0,0,0,0_0,0_0_33,0_0_33_12
155438,17MUS-AH024,Gauteng,2017,34324,0_0_47_29_0_0_0_0_0_0_0,0,0,47,29,0,0,0,0,0,0,0,0_0,0_0_47,0_0_47_29
155439,17MUS-AH026,Gauteng,2017,34325,0_0_33_12_92_9_0_0_0_0_0,0,0,33,12,92,9,0,0,0,0,0,0_0,0_0_33,0_0_33_12
155440,17MUS-AH027,Gauteng,2017,34326,0_0_33_12_361_0_0_0_0_0_0,0,0,33,12,361,0,0,0,0,0,0,0_0,0_0_33,0_0_33_12
155441,17MUS-AH029,Gauteng,2017,34327,0_0_33_12_364_0_0_0_0_0_0,0,0,33,12,364,0,0,0,0,0,0,0_0,0_0_33,0_0_33_12
155442,17MUS-AH034,Gauteng,2017,34328,0_16_0_17_0_0_0_0_0_0_0,0,16,0,17,0,0,0,0,0,0,0,0_16,0_16_0,0_16_0_17
155443,17MUS-AH035-R,Gauteng,2017,34329,1_1_27_18_0_0_0_0_0_0_0,1,1,27,18,0,0,0,0,0,0,0,1_1,1_1_27,1_1_27_18
155444,17MUS-AH038,Gauteng,2017,34330,0_18_22_7_0_0_0_0_0_0_0,0,18,22,7,0,0,0,0,0,0,0,0_18,0_18_22,0_18_22_7
155445,17MUS-AH039,Gauteng,2017,34331,0_0_33_12_310_1_0_0_0_0_0,0,0,33,12,310,1,0,0,0,0,0,0_0,0_0_33,0_0_33_12
155446,17MUS-AH041,Gauteng,2017,34332,0_16_0_1_43_0_0_0_0_0_0,0,16,0,1,43,0,0,0,0,0,0,0_16,0_16_0,0_16_0_1
155447,17MUS-AH044,Gauteng,2017,34333,0_0_23_35_0_0_0_0_0_1_0,0,0,23,35,0,0,0,0,0,1,0,0_0,0_0_23,0_0_23_35
155448,17MUS-AH047,Gauteng,2017,34334,0_0_47_6_25_0_0_0_0_0_0,0,0,47,6,25,0,0,0,0,0,0,0_0,0_0_47,0_0_47_6
155449,17MUS-AH051,Gauteng,2017,34335,0_0_47_28_0_0_0_0_0_0_0,0,0,47,28,0,0,0,0,0,0,0,0_0,0_0_47,0_0_47_28
155450,17MUS-AH052,Gauteng,2017,34336,0_0_33_179_0_0_0_0_0_0_0,0,0,33,179,0,0,0,0,0,0,0,0_0,0_0_33,0_0_33_179
155451,17MUS-AH054,Gauteng,2017,34337,0_0_33_12_363_0_0_0_0_0_0,0,0,33,12,363,0,0,0,0,0,0,0_0,0_0_33,0_0_33_12
155452,17MUS-AH056,Gauteng,2017,34338,0_2_21_0_17_0_0_0_0_0_0,0,2,21,0,17,0,0,0,0,0,0,0_2,0_2_21,0_2_21_0
155453,17MUS-AH057,Gauteng,2017,34339,1_1_27_19_0_0_0_0_0_0_0,1,1,27,19,0,0,0,0,0,0,0,1_1,1_1_27,1_1_27_19
155454,17MUS-AH058,Gauteng,2017,34340,0_0_33_12_278_0_0_0_0_1_0,0,0,33,12,278,0,0,0,0,1,0,0_0,0_0_33,0_0_33_12
155455,17MUS-AH059,Gauteng,2017,34341,0_0_23_35_0_0_0_0_1_0_0,0,0,23,35,0,0,0,0,1,0,0,0_0,0_0_23,0_0_23_35
155456,17MUS-AH060-R,Gauteng,2017,34342,1_1_17_23_0_0_0_0_0_0_0,1,1,17,23,0,0,0,0,0,0,0,1_1,1_1_17,1_1_17_23
155457,17MUS-AH065,Gauteng,2017,34343,0_0_33_12_355_0_0_0_0_1_0,0,0,33,12,355,0,0,0,0,1,0,0_0,0_0_33,0_0_33_12
155458,17MUS-AH066,Gauteng,2017,34344,0_0_47_11_1_0_1_0_0_0_0,0,0,47,11,1,0,1,0,0,0,0,0_0,0_0_47,0_0_47_11
155459,17MUS-AH068,Gauteng,2017,34345,0_0_33_12_359_0_0_0_0_0_0,0,0,33,12,359,0,0,0,0,0,0,0_0,0_0_33,0_0_33_12
155460,17MUS-AH069,Gauteng,2017,34346,0_0_23_40_0_0_0_0_0_0_0,0,0,23,40,0,0,0,0,0,0,0,0_0,0_0_23,0_0_23_40
155461,17MUS-AH070-R,Gauteng,2017,34347,0_0_33_12_349_0_0_0_0_0_0,0,0,33,12,349,0,0,0,0,0,0,0_0,0_0_33,0_0_33_12
155462,17MUS-AH071,Gauteng,2017,34348,0_2_71_0_2_0_0_1_0_0_0,0,2,71,0,2,0,0,1,0,0,0,0_2,0_2_71,0_2_71_0
155463,17MUS-AH073-1,Gauteng,2017,34349;34350,0_0_33_12_366_0_0_0_0_0_0,0,0,33,12,366,0,0,0,0,0,0,0_0,0_0_33,0_0_33_12
155464,17MUS-AH073-2,Gauteng,2017,34350,0_0_33_12_366_0_0_0_0_0_0,0,0,33,12,366,0,0,0,0,0,0,0_0,0_0_33,0_0_33_12
155465,17MUS-AH074,Gauteng,2017,34351,0_0_23_41_0_0_0_0_0_0_0,0,0,23,41,0,0,0,0,0,0,0,0_0,0_0_23,0_0_23_41
155466,17MUS-AH075,Gauteng,2017,34352,0_0_33_12_354_0_0_0_0_0_0,0,0,33,12,354,0,0,0,0,0,0,0_0,0_0_33,0_0_33_12
155467,17MUS-AH076,Gauteng,2017,34353,0_0_33_12_360_0_0_0_0_0_0,0,0,33,12,360,0,0,0,0,0,0,0_0,0_0_33,0_0_33_12
155468,17MUS-AH098,Gauteng,2017,34354,0_2_1_26_0_0_0_0_0_0_0,0,2,1,26,0,0,0,0,0,0,0,0_2,0_2_1,0_2_1_26
155469,17MUS-AH100,Gauteng,2017,34355,1_1_17_16_1_0_0_0_0_0_0,1,1,17,16,1,0,0,0,0,0,0,1_1,1_1_17,1_1_17_16
155470,17MUS-AH101,Gauteng,2017,34356,0_0_33_12_358_1_0_0_0_0_0,0,0,33,12,358,1,0,0,0,0,0,0_0,0_0_33,0_0_33_12
155471,17MUS-AH103,Gauteng,2017,34357,0_2_55_1_4_0_0_0_0_0_0,0,2,55,1,4,0,0,0,0,0,0,0_2,0_2_55,0_2_55_1
155472,17MUS-AH105,Gauteng,2017,34358,0_0_28_3_0_0_0_0_0_0_0,0,0,28,3,0,0,0,0,0,0,0,0_0,0_0_28,0_0_28_3
155473,17MUS-AH106,Gauteng,2017,34359,0_18_22_8_0_0_0_0_0_0_0,0,18,22,8,0,0,0,0,0,0,0,0_18,0_18_22,0_18_22_8
155474,17MUS-AH107,Gauteng,2017,34360,0_2_86_0_0_0_0_0_0_0_0,0,2,86,0,0,0,0,0,0,0,0,0_2,0_2_86,0_2_86_0
155475,17MUS-AH108-1,Gauteng,2017,34361,0_0_25_0_2_0_0_0_0_0_0,0,0,25,0,2,0,0,0,0,0,0,0_0,0_0_25,0_0_25_0
155476,17MUS-AH108-2,Gauteng,2017,34361,0_0_25_0_2_0_0_0_0_0_0,0,0,25,0,2,0,0,0,0,0,0,0_0,0_0_25,0_0_25_0
155477,17MUS-AH110,Gauteng,2017,34362,0_0_33_12_344_1_0_0_0_0_0,0,0,33,12,344,1,0,0,0,0,0,0_0,0_0_33,0_0_33_12
155478,17MUS-AH111,Gauteng,2017,34363,0_0_33_12_356_0_0_0_0_0_0,0,0,33,12,356,0,0,0,0,0,0,0_0,0_0_33,0_0_33_12
155479,17MUS-AH112,Gauteng,2017,34364,0_0_33_12_365_0_0_0_0_0_0,0,0,33,12,365,0,0,0,0,0,0,0_0,0_0_33,0_0_33_12
155480,17MUS-AH116,Gauteng,2017,34365,0_2_71_0_0_2_0_0_0_0_0,0,2,71,0,0,2,0,0,0,0,0,0_2,0_2_71,0_2_71_0
155481,17MUS-AH123,Gauteng,2017,34366,0_0_47_11_1_0_0_1_0_0_0,0,0,47,11,1,0,0,1,0,0,0,0_0,0_0_47,0_0_47_11
155482,17MUS-AH124,Gauteng,2017,34367,0_0_33_12_362_0_0_0_0_0_0,0,0,33,12,362,0,0,0,0,0,0,0_0,0_0_33,0_0_33_12
155483,MP12-MUS-001,Mpumalanga,2012,34368,1_1_17_4_24_0_0_0_0_0_0,1,1,17,4,24,0,0,0,0,0,0,1_1,1_1_17,1_1_17_4
155484,MP12-MUS-010,Mpumalanga,2012,34369,1_1_17_4_25_0_0_0_0_0_0,1,1,17,4,25,0,0,0,0,0,0,1_1,1_1_17,1_1_17_4
155485,MP12-MUS-012,Mpumalanga,2012,34370,0_0_23_2_14_0_0_0_0_0_0,0,0,23,2,14,0,0,0,0,0,0,0_0,0_0_23,0_0_23_2
155486,MP12-MUS-013,Mpumalanga,2012,34371,0_18_22_0_1_0_0_0_0_0_0,0,18,22,0,1,0,0,0,0,0,0,0_18,0_18_22,0_18_22_0
155487,MP12-MUS-015,Mpumalanga,2012,34372,0_18_22_6_0_0_0_0_0_0_0,0,18,22,6,0,0,0,0,0,0,0,0_18,0_18_22,0_18_22_6
155488,MP12-MUS-028,Mpumalanga,2012,34373,1_1_27_6_15_0_0_0_0_0_0,1,1,27,6,15,0,0,0,0,0,0,1_1,1_1_27,1_1_27_6
155489,MP12-MUS-030,Mpumalanga,2012,34374,0_0_23_39_0_0_0_0_0_0_0,0,0,23,39,0,0,0,0,0,0,0,0_0,0_0_23,0_0_23_39
155490,MP12-MUS-035,Mpumalanga,2012,34375,0_0_33_12_357_0_0_0_0_0_0,0,0,33,12,357,0,0,0,0,0,0,0_0,0_0_33,0_0_33_12
155491,MP12-MUS-037,Mpumalanga,2012,34376,0_0_23_2_15_0_0_0_0_0_0,0,0,23,2,15,0,0,0,0,0,0,0_0,0_0_23,0_0_23_2
155492,MP12-MUS-041,Mpumalanga,2012,34377,0_0_47_6_24_0_0_0_0_0_0,0,0,47,6,24,0,0,0,0,0,0,0_0,0_0_47,0_0_47_6
155493,MP12-MUS-044,Mpumalanga,2012,34378,0_0_23_34_1_0_0_0_0_0_0,0,0,23,34,1,0,0,0,0,0,0,0_0,0_0_23,0_0_23_34
155494,MP12-MUS-046,Mpumalanga,2012,34379,1_1_27_17_0_0_0_0_0_0_0,1,1,27,17,0,0,0,0,0,0,0,1_1,1_1_27,1_1_27_17
155495,MP12-MUS-047,Mpumalanga,2012,34380,1_1_17_4_26_0_0_0_0_0_0,1,1,17,4,26,0,0,0,0,0,0,1_1,1_1_17,1_1_17_4
155496,MP12-MUS-048,Mpumalanga,2012,34381,0_2_21_0_7_1_0_0_0_0_0,0,2,21,0,7,1,0,0,0,0,0,0_2,0_2_21,0_2_21_0
155497,MP12-MUS-050,Mpumalanga,2012,34382,0_0_33_12_156_2_0_0_0_0_0,0,0,33,12,156,2,0,0,0,0,0,0_0,0_0_33,0_0_33_12
155498,MP12-MUS-051,Mpumalanga,2012,34383,0_31_0_0_0_0_0_0_0_0_0,0,31,0,0,0,0,0,0,0,0,0,0_31,0_31_0,0_31_0_0
155499,MP12-MUS-053,Mpumalanga,2012,34409,0_0_36_0_9_0_0_0_0_0_0,0,0,36,0,9,0,0,0,0,0,0,0_0,0_0_36,0_0_36_0
155500,MP12-MUS-055,Mpumalanga,2012,34384,1_1_17_21_0_0_0_0_0_0_0,1,1,17,21,0,0,0,0,0,0,0,1_1,1_1_17,1_1_17_21
155501,MP12-MUS-056,Mpumalanga,2012,34385,1_1_27_6_2_1_0_0_0_0_0,1,1,27,6,2,1,0,0,0,0,0,1_1,1_1_27,1_1_27_6
155502,MP12-MUS-057,Mpumalanga,2012,34386,1_1_27_6_14_0_0_0_0_0_0,1,1,27,6,14,0,0,0,0,0,0,1_1,1_1_27,1_1_27_6
155503,MP12-MUS-059,Mpumalanga,2012,34387,0_0_33_12_353_0_0_0_0_0_0,0,0,33,12,353,0,0,0,0,0,0,0_0,0_0_33,0_0_33_12
155504,MP12-MUS-060,Mpumalanga,2012,34410,1_1_27_20_0_0_0_0_0_0_0,1,1,27,20,0,0,0,0,0,0,0,1_1,1_1_27,1_1_27_20
155508,MP12-MUS-066,Mpumalanga,2012,34411,0_0_47_6_33_0_0_0_0_0_0,0,0,47,6,33,0,0,0,0,0,0,0_0,0_0_47,0_0_47_6
155509,MP12-MUS-069,Mpumalanga,2012,34412,0_0_47_6_33_0_0_0_0_0_0,0,0,47,6,33,0,0,0,0,0,0,0_0,0_0_47,0_0_47_6
155510,MP12-MUS-074,Mpumalanga,2012,34413,1_1_27_6_2_2_0_0_0_0_0,1,1,27,6,2,2,0,0,0,0,0,1_1,1_1_27,1_1_27_6
155511,MP12-MUS-078,Mpumalanga,2012,34379,1_1_27_17_0_0_0_0_0_0_0,1,1,27,17,0,0,0,0,0,0,0,1_1,1_1_27,1_1_27_17
155512,MP12-MUS-079,Mpumalanga,2012,34414,0_0_18_23_7_0_0_0_0_0_0,0,0,18,23,7,0,0,0,0,0,0,0_0,0_0_18,0_0_18_23
155513,KN13-MUS-001,Kwazulu-Natal,2013,34415,1_1_17_21_1_0_0_0_0_0_0,1,1,17,21,1,0,0,0,0,0,0,1_1,1_1_17,1_1_17_21
155514,KN13-MUS-003,Kwazulu-Natal,2013,34416,0_0_33_12_371_0_0_0_0_0_0,0,0,33,12,371,0,0,0,0,0,0,0_0,0_0_33,0_0_33_12
155515,KN13-MUS-014,Kwazulu-Natal,2013,,,,,,,,,,,,,,_,__,___
155516,KN13-MUS-073,Kwazulu-Natal,2013,34417,0_16_0_1_45_0_0_0_0_0_0,0,16,0,1,45,0,0,0,0,0,0,0_16,0_16_0,0_16_0_1
155517,KN13-MUS-075,Kwazulu-Natal,2013,34418,0_0_47_6_28_0_0_0_0_0_0,0,0,47,6,28,0,0,0,0,0,0,0_0,0_0_47,0_0_47_6
155518,KN13-MUS-076,Kwazulu-Natal,2013,,,,,,,,,,,,,,_,__,___
155519,KN13-MUS-078,Kwazulu-Natal,2013,34419,0_16_0_1_6_0_1_0_0_0_0,0,16,0,1,6,0,1,0,0,0,0,0_16,0_16_0,0_16_0_1
155520,KN13-MUS-079,Kwazulu-Natal,2013,34420,0_0_33_12_146_1_0_0_0_0_0,0,0,33,12,146,1,0,0,0,0,0,0_0,0_0_33,0_0_33_12
155521,KN13-MUS-088,Kwazulu-Natal,2013,34421,0_0_47_6_32_0_0_0_0_0_0,0,0,47,6,32,0,0,0,0,0,0,0_0,0_0_47,0_0_47_6
155522,KN13-MUS-090,Kwazulu-Natal,2013,34422,0_0_47_6_29_0_0_0_0_0_0,0,0,47,6,29,0,0,0,0,0,0,0_0,0_0_47,0_0_47_6
155523,KN13-MUS-098,Kwazulu-Natal,2013,34423,0_0_23_8_2_0_0_0_0_0_0,0,0,23,8,2,0,0,0,0,0,0,0_0,0_0_23,0_0_23_8
155524,KN13-MUS-106,Kwazulu-Natal,2013,34424,0_0_33_12_376_0_0_0_0_0_0,0,0,33,12,376,0,0,0,0,0,0,0_0,0_0_33,0_0_33_12
155525,KN13-MUS-111,Kwazulu-Natal,2013,34425,0_0_33_12_368_0_0_0_0_0_0,0,0,33,12,368,0,0,0,0,0,0,0_0,0_0_33,0_0_33_12
155526,KN13-MUS-120,Kwazulu-Natal,2013,34426,0_16_0_1_6_6_0_0_0_0_0,0,16,0,1,6,6,0,0,0,0,0,0_16,0_16_0,0_16_0_1
155527,KN13-MUS-129,Kwazulu-Natal,2013,34427,0_0_23_3_5_0_0_0_0_0_0,0,0,23,3,5,0,0,0,0,0,0,0_0,0_0_23,0_0_23_3
155528,KN13-MUS-131,Kwazulu-Natal,2013,34428,0_0_33_12_386_0_0_0_0_0_0,0,0,33,12,386,0,0,0,0,0,0,0_0,0_0_33,0_0_33_12
155529,KN13-MUS-132,Kwazulu-Natal,2013,34429,0_16_0_18_0_0_0_0_0_0_0,0,16,0,18,0,0,0,0,0,0,0,0_16,0_16_0,0_16_0_18
155530,KN13-MUS-137,Kwazulu-Natal,2013,34430,0_0_47_11_1_10_0_1_0_0_0,0,0,47,11,1,10,0,1,0,0,0,0_0,0_0_47,0_0_47_11
155531,KN13-MUS-140,Kwazulu-Natal,2013,34431,0_12_10_4_0_0_0_0_0_0_0,0,12,10,4,0,0,0,0,0,0,0,0_12,0_12_10,0_12_10_4
155532,KN13-MUS-141,Kwazulu-Natal,2013,34432,0_0_33_12_169_1_0_0_0_0_0,0,0,33,12,169,1,0,0,0,0,0,0_0,0_0_33,0_0_33_12
155533,KN13-MUS-143,Kwazulu-Natal,2013,34433,0_0_33_12_89_4_0_0_0_0_0,0,0,33,12,89,4,0,0,0,0,0,0_0,0_0_33,0_0_33_12
155534,KN13-MUS-145,Kwazulu-Natal,2013,34434,1_1_17_4_28_0_0_0_0_0_0,1,1,17,4,28,0,0,0,0,0,0,1_1,1_1_17,1_1_17_4
155535,KN13-MUS-180,Kwazulu-Natal,2013,34435,0_0_47_6_3_1_0_0_0_0_0,0,0,47,6,3,1,0,0,0,0,0,0_0,0_0_47,0_0_47_6
155536,KN13-MUS-197,Kwazulu-Natal,2013,34436,0_0_23_3_4_0_0_0_0_0_0,0,0,23,3,4,0,0,0,0,0,0,0_0,0_0_23,0_0_23_3
155537,KN13-MUS-200,Kwazulu-Natal,2013,34437,0_0_33_12_89_5_0_0_0_0_0,0,0,33,12,89,5,0,0,0,0,0,0_0,0_0_33,0_0_33_12
155538,KN13-MUS-202,Kwazulu-Natal,2013,,,,,,,,,,,,,,_,__,___
155539,15MUS-GQ003,Eastern Cape,2015,,,,,,,,,,,,,,_,__,___
155540,15MUS-GQ005,Eastern Cape,2015,,,,,,,,,,,,,,_,__,___
155541,15MUS-GQ006,Eastern Cape,2015,34438;34440;34441,0_16_0_1_44_0_0_0_0_0_0,0,16,0,1,44,0,0,0,0,0,0,0_16,0_16_0,0_16_0_1
155542,15MUS-GQ007,Eastern Cape,2015,34439,0_0_47_6_27_0_0_0_0_0_0,0,0,47,6,27,0,0,0,0,0,0,0_0,0_0_47,0_0_47_6
155543,15MUS-GQ009-1,Eastern Cape,2015,34440,0_16_0_1_44_0_0_0_0_0_0,0,16,0,1,44,0,0,0,0,0,0,0_16,0_16_0,0_16_0_1
155544,15MUS-GQ009-2,Eastern Cape,2015,34441,0_16_0_1_44_0_0_0_0_0_0,0,16,0,1,44,0,0,0,0,0,0,0_16,0_16_0,0_16_0_1
155545,15MUS-GQ040,Eastern Cape,2015,,,,,,,,,,,,,,_,__,___
155546,15MUS-GQ047,Eastern Cape,2015,,,,,,,,,,,,,,_,__,___
155547,15MUS-GQ049,Eastern Cape,2015,34442,0_18_24_0_1_0_0_0_0_0_0,0,18,24,0,1,0,0,0,0,0,0,0_18,0_18_24,0_18_24_0
155548,15MUS-GQ053,Eastern Cape,2015,34443,0_16_0_1_6_7_0_0_0_0_0,0,16,0,1,6,7,0,0,0,0,0,0_16,0_16_0,0_16_0_1
155549,15MUS-GQ151,Eastern Cape,2015,,,,,,,,,,,,,,_,__,___
155550,14MUS-JO004,North West,2014,,,,,,,,,,,,,,_,__,___
155551,14MUS-JO006,North West,2014,34444,0_0_33_12_393_0_0_0_0_0_0,0,0,33,12,393,0,0,0,0,0,0,0_0,0_0_33,0_0_33_12
155552,14MUS-JO009,North West,2014,,,,,,,,,,,,,,_,__,___
155553,14MUS-JO011,North West,2014,34445,0_0_33_12_194_1_0_0_0_0_0,0,0,33,12,194,1,0,0,0,0,0,0_0,0_0_33,0_0_33_12
155554,14MUS-JO015,North West,2014,,,,,,,,,,,,,,_,__,___
155555,14MUS-JO017,North West,2014,,,,,,,,,,,,,,_,__,___
155556,14MUS-JO020,North West,2014,34446,0_0_36_1_1_1_0_0_0_0_0,0,0,36,1,1,1,0,0,0,0,0,0_0,0_0_36,0_0_36_1
155557,14MUS-JO027,North West,2014,34447,0_0_33_12_194_1_0_0_0_1_0,0,0,33,12,194,1,0,0,0,1,0,0_0,0_0_33,0_0_33_12
155558,14MUS-JO028,North West,2014,,,,,,,,,,,,,,_,__,___
155559,14MUS-JO029,North West,2014,,,,,,,,,,,,,,_,__,___
155560,14MUS-JO030,North West,2014,34448,0_0_33_12_394_0_0_0_0_0_0,0,0,33,12,394,0,0,0,0,0,0,0_0,0_0_33,0_0_33_12
155561,14MUS-JO033,North West,2014,34449,0_0_33_12_89_6_0_0_0_0_0,0,0,33,12,89,6,0,0,0,0,0,0_0,0_0_33,0_0_33_12
155562,14MUS-JO037,North West,2014,34450,0_0_33_12_372_0_0_0_0_0_0,0,0,33,12,372,0,0,0,0,0,0,0_0,0_0_33,0_0_33_12
155563,14MUS-JO038,North West,2014,34451,0_0_28_1_3_0_0_0_0_0_0,0,0,28,1,3,0,0,0,0,0,0,0_0,0_0_28,0_0_28_1
155564,14MUS-JO040,North West,2014,34452,0_0_36_1_12_0_0_0_0_0_0,0,0,36,1,12,0,0,0,0,0,0,0_0,0_0_36,0_0_36_1
155565,14MUS-JO041,North West,2014,34453,0_0_23_2_16_0_0_0_0_0_0,0,0,23,2,16,0,0,0,0,0,0,0_0,0_0_23,0_0_23_2
155566,14MUS-JO045,North West,2014,34454,0_0_33_47_3_0_0_0_0_0_0,0,0,33,47,3,0,0,0,0,0,0,0_0,0_0_33,0_0_33_47
155567,14MUS-JO055,North West,2014,,,,,,,,,,,,,,_,__,___
155568,14MUS-JO060,North West,2014,34455,0_0_28_1_2_0_0_0_0_0_0,0,0,28,1,2,0,0,0,0,0,0,0_0,0_0_28,0_0_28_1
155569,14MUS-JO064,North West,2014,34456,0_0_33_12_378_0_0_0_0_0_0,0,0,33,12,378,0,0,0,0,0,0,0_0,0_0_33,0_0_33_12
155570,14MUS-JO066,North West,2014,34457,0_0_33_12_373_0_0_0_0_0_0,0,0,33,12,373,0,0,0,0,0,0,0_0,0_0_33,0_0_33_12
155571,14MUS-JO067,North West,2014,34458,0_0_33_12_367_0_0_0_0_0_0,0,0,33,12,367,0,0,0,0,0,0,0_0,0_0_33,0_0_33_12
155572,14MUS-JO068,North West,2014,34459,0_0_33_12_389_0_0_0_0_0_0,0,0,33,12,389,0,0,0,0,0,0,0_0,0_0_33,0_0_33_12
155573,14MUS-JO076,North West,2014,34460,1_1_17_21_1_1_0_0_0_0_0,1,1,17,21,1,1,0,0,0,0,0,1_1,1_1_17,1_1_17_21
155574,14MUS-JO077,North West,2014,34461,0_2_0_1_0_175_0_0_0_0_0,0,2,0,1,0,175,0,0,0,0,0,0_2,0_2_0,0_2_0_1
155575,14MUS-JO078,North West,2014,34462,0_0_23_34_2_0_0_0_0_0_0,0,0,23,34,2,0,0,0,0,0,0,0_0,0_0_23,0_0_23_34
155576,14MUS-JO084,North West,2014,34463,0_0_33_12_391_0_0_0_0_0_0,0,0,33,12,391,0,0,0,0,0,0,0_0,0_0_33,0_0_33_12
155577,20MUS-AH002,Gauteng,2020,34464,0_7_0_12_21_0_0_0_0_1_0,0,7,0,12,21,0,0,0,0,1,0,0_7,0_7_0,0_7_0_12
155578,20MUS-AH004,Gauteng,2020,34465,0_0_33_12_384_0_0_0_0_0_0,0,0,33,12,384,0,0,0,0,0,0,0_0,0_0_33,0_0_33_12
155579,20MUS-AH005,Gauteng,2020,34466,0_0_47_11_1_1_1_0_0_0_0,0,0,47,11,1,1,1,0,0,0,0,0_0,0_0_47,0_0_47_11
155580,20MUS-AH007,Gauteng,2020,,,,,,,,,,,,,,_,__,___
155581,20MUS-AH008,Gauteng,2020,34467,0_0_47_11_1_7_2_0_0_0_0,0,0,47,11,1,7,2,0,0,0,0,0_0,0_0_47,0_0_47_11
155582,20MUS-AH010,Gauteng,2020,,,,,,,,,,,,,,_,__,___
155583,20MUS-AH011,Gauteng,2020,34468,0_0_47_11_1_10_1_0_1_0_0,0,0,47,11,1,10,1,0,1,0,0,0_0,0_0_47,0_0_47_11
155584,20MUS-AH012,Gauteng,2020,34469,0_0_33_12_146_0_1_0_0_0_0,0,0,33,12,146,0,1,0,0,0,0,0_0,0_0_33,0_0_33_12
155585,20MUS-AH013,Gauteng,2020,34470,0_0_33_12_388_0_0_0_0_0_0,0,0,33,12,388,0,0,0,0,0,0,0_0,0_0_33,0_0_33_12
155586,20MUS-AH017,Gauteng,2020,,,,,,,,,,,,,,_,__,___
155587,20MUS-AH021,Gauteng,2020,,,,,,,,,,,,,,_,__,___
155588,20MUS-AH022,Gauteng,2020,34471,0_7_0_12_19_0_0_0_0_0_0,0,7,0,12,19,0,0,0,0,0,0,0_7,0_7_0,0_7_0_12
155589,20MUS-AH023,Gauteng,2020,34472;34481;34482;34495,0_7_0_12_13_0_1_0_0_0_0,0,7,0,12,13,0,1,0,0,0,0,0_7,0_7_0,0_7_0_12
155590,20MUS-AH027,Gauteng,2020,21981,0_23_0_3_0_0_0_0_0_0_0,0,23,0,3,0,0,0,0,0,0,0,0_23,0_23_0,0_23_0_3
155591,20MUS-AH030,Gauteng,2020,21983;29690;34473,0_0_23_9_4_1_0_0_0_0_0,0,0,23,9,4,1,0,0,0,0,0,0_0,0_0_23,0_0_23_9
155592,20MUS-AH032,Gauteng,2020,21984;29691,0_0_23_26_0_0_0_0_0_0_0,0,0,23,26,0,0,0,0,0,0,0,0_0,0_0_23,0_0_23_26
155593,20MUS-AH034,Gauteng,2020,34474,1_1_17_6_13_0_0_5_0_0_0,1,1,17,6,13,0,0,5,0,0,0,1_1,1_1_17,1_1_17_6
155594,20MUS-AH036,Gauteng,2020,,,,,,,,,,,,,,_,__,___
155595,20MUS-AH037,Gauteng,2020,34475,0_0_33_12_379_0_0_0_0_0_0,0,0,33,12,379,0,0,0,0,0,0,0_0,0_0_33,0_0_33_12
155596,20MUS-AH039,Gauteng,2020,34476,0_0_33_12_383_0_0_0_0_0_0,0,0,33,12,383,0,0,0,0,0,0,0_0,0_0_33,0_0_33_12
155597,20MUS-AH040,Gauteng,2020,,,,,,,,,,,,,,_,__,___
155598,20MUS-AH042,Gauteng,2020,,,,,,,,,,,,,,_,__,___
155599,20MUS-AH044-1,Gauteng,2020,34477,0_2_71_0_0_0_0_1_2_0_0,0,2,71,0,0,0,0,1,2,0,0,0_2,0_2_71,0_2_71_0
155600,20MUS-AH044-2,Gauteng,2020,34477;34478,0_2_71_0_0_0_0_1_2_0_0,0,2,71,0,0,0,0,1,2,0,0,0_2,0_2_71,0_2_71_0
155601,20MUS-AH045,Gauteng,2020,34479,0_7_0_12_20_0_0_0_0_0_0,0,7,0,12,20,0,0,0,0,0,0,0_7,0_7_0,0_7_0_12
155602,20MUS-AH052,Gauteng,2020,34480,11_0_5_0_1_0_0_0_0_0_0,11,0,5,0,1,0,0,0,0,0,0,11_0,11_0_5,11_0_5_0
155603,20MUS-AH053,Gauteng,2020,34481,0_7_0_12_13_0_1_0_0_0_0,0,7,0,12,13,0,1,0,0,0,0,0_7,0_7_0,0_7_0_12
155604,20MUS-AH054,Gauteng,2020,34482,0_7_0_12_13_0_1_0_0_0_0,0,7,0,12,13,0,1,0,0,0,0,0_7,0_7_0,0_7_0_12
155605,20MUS-AH055,Gauteng,2020,34483,1_1_17_24_0_0_0_0_0_0_0,1,1,17,24,0,0,0,0,0,0,0,1_1,1_1_17,1_1_17_24
155606,20MUS-AH057,Gauteng,2020,34484,0_7_0_12_13_1_0_0_0_0_0,0,7,0,12,13,1,0,0,0,0,0,0_7,0_7_0,0_7_0_12
155607,20MUS-AH061,Gauteng,2020,,,,,,,,,,,,,,_,__,___
155608,20MUS-AH063,Gauteng,2020,,,,,,,,,,,,,,_,__,___
155609,20MUS-AH065,Gauteng,2020,34485,1_1_27_7_0_2_0_0_0_1_0,1,1,27,7,0,2,0,0,0,1,0,1_1,1_1_27,1_1_27_7
155610,20MUS-AH067,Gauteng,2020,34486;34515,1_1_27_14_1_0_0_0_0_0_0,1,1,27,14,1,0,0,0,0,0,0,1_1,1_1_27,1_1_27_14
155611,20MUS-AH074,Gauteng,2020,34487,0_2_71_0_0_0_0_1_0_0_0,0,2,71,0,0,0,0,1,0,0,0,0_2,0_2_71,0_2_71_0
155612,20MUS-AH080,Gauteng,2020,34488,0_0_47_11_1_7_0_0_0_0_0,0,0,47,11,1,7,0,0,0,0,0,0_0,0_0_47,0_0_47_11
155613,20MUS-AH081,Gauteng,2020,34489,1_1_17_6_13_16_0_0_0_0_0,1,1,17,6,13,16,0,0,0,0,0,1_1,1_1_17,1_1_17_6
155614,20MUS-AH083,Gauteng,2020,34490,0_7_0_12_21_0_0_0_0_0_0,0,7,0,12,21,0,0,0,0,0,0,0_7,0_7_0,0_7_0_12
155615,20MUS-AH084,Gauteng,2020,34491;34507,1_1_27_7_0_2_0_0_0_0_0,1,1,27,7,0,2,0,0,0,0,0,1_1,1_1_27,1_1_27_7
155616,20MUS-AH085-1,Gauteng,2020,34492,0_0_47_11_12_0_0_0_0_0_0,0,0,47,11,12,0,0,0,0,0,0,0_0,0_0_47,0_0_47_11
155617,20MUS-AH085-2,Gauteng,2020,34492,0_0_47_11_12_0_0_0_0_0_0,0,0,47,11,12,0,0,0,0,0,0,0_0,0_0_47,0_0_47_11
155618,20MUS-AH095,Gauteng,2020,,,,,,,,,,,,,,_,__,___
155619,20MUS-AH096,Gauteng,2020,34493,0_2_71_0_0_0_1_0_0_0_0,0,2,71,0,0,0,1,0,0,0,0,0_2,0_2_71,0_2_71_0
155620,20MUS-AH098-1,Gauteng,2020,,,,,,,,,,,,,,_,__,___
155621,20MUS-AH098-2,Gauteng,2020,,,,,,,,,,,,,,_,__,___
155622,20MUS-AH103,Gauteng,2020,,,,,,,,,,,,,,_,__,___
155623,20MUS-AH104,Gauteng,2020,,,,,,,,,,,,,,_,__,___
155624,20MUS-AH105,Gauteng,2020,34494,0_7_0_12_15_1_0_0_0_0_0,0,7,0,12,15,1,0,0,0,0,0,0_7,0_7_0,0_7_0_12
155625,20MUS-AH108,Gauteng,2020,34495,0_7_0_12_13_0_1_0_0_0_0,0,7,0,12,13,0,1,0,0,0,0,0_7,0_7_0,0_7_0_12
155626,20MUS-AH110-1,Gauteng,2020,,,,,,,,,,,,,,_,__,___
155627,20MUS-AH110-2,Gauteng,2020,,,,,,,,,,,,,,_,__,___
155628,20MUS-AH112,Gauteng,2020,,,,,,,,,,,,,,_,__,___
155629,20MUS-AH114,Gauteng,2020,34496,0_0_47_11_10_0_0_0_1_0_0,0,0,47,11,10,0,0,0,1,0,0,0_0,0_0_47,0_0_47_11
155630,20MUS-AH117,Gauteng,2020,34497,0_0_33_12_395_0_0_0_0_0_0,0,0,33,12,395,0,0,0,0,0,0,0_0,0_0_33,0_0_33_12
155631,20MUS-AH121,Gauteng,2020,,,,,,,,,,,,,,_,__,___
155632,20MUS-AH122,Gauteng,2020,,,,,,,,,,,,,,_,__,___
155633,20MUS-AH124,Gauteng,2020,34498,0_0_33_12_382_0_0_0_0_0_0,0,0,33,12,382,0,0,0,0,0,0,0_0,0_0_33,0_0_33_12
155634,20MUS-AH125,Gauteng,2020,34499,0_7_0_12_25_0_0_0_0_0_0,0,7,0,12,25,0,0,0,0,0,0,0_7,0_7_0,0_7_0_12
155635,20MUS-AH127,Gauteng,2020,34500,0_0_47_11_1_8_2_0_0_0_0,0,0,47,11,1,8,2,0,0,0,0,0_0,0_0_47,0_0_47_11
155636,20MUS-AH129,Gauteng,2020,34501,0_2_1_0_574_1_0_0_0_0_0,0,2,1,0,574,1,0,0,0,0,0,0_2,0_2_1,0_2_1_0
155637,20MUS-AH135,Gauteng,2020,34502,1_1_27_7_4_0_0_0_0_0_0,1,1,27,7,4,0,0,0,0,0,0,1_1,1_1_27,1_1_27_7
155638,20MUS-AH138,Gauteng,2020,34503,0_0_47_11_10_0_0_0_0_0_0,0,0,47,11,10,0,0,0,0,0,0,0_0,0_0_47,0_0_47_11
155639,20MUS-AH139,Gauteng,2020,34504,1_1_27_16_0_0_0_0_0_0_0,1,1,27,16,0,0,0,0,0,0,0,1_1,1_1_27,1_1_27_16
155640,20MUS-AH141,Gauteng,2020,,,,,,,,,,,,,,_,__,___
155641,20MUS-AH143,Gauteng,2020,34505,0_0_23_9_0_4_0_0_0_0_0,0,0,23,9,0,4,0,0,0,0,0,0_0,0_0_23,0_0_23_9
155642,20MUS-AH144,Gauteng,2020,,,,,,,,,,,,,,_,__,___
155643,20MUS-AH145,Gauteng,2020,34506,0_7_0_12_23_0_0_0_0_0_0,0,7,0,12,23,0,0,0,0,0,0,0_7,0_7_0,0_7_0_12
155644,20MUS-AH146,Gauteng,2020,34507,1_1_27_7_0_2_0_0_0_0_0,1,1,27,7,0,2,0,0,0,0,0,1_1,1_1_27,1_1_27_7
155645,20MUS-AH148,Gauteng,2021,34508,0_0_33_12_283_0_1_0_0_0_0,0,0,33,12,283,0,1,0,0,0,0,0_0,0_0_33,0_0_33_12
155646,21MUS-AH003,Gauteng,2021,34509,0_0_33_12_381_0_0_0_0_0_0,0,0,33,12,381,0,0,0,0,0,0,0_0,0_0_33,0_0_33_12
155647,21MUS-AH004,Gauteng,2021,34510,1_1_17_13_3_0_0_0_0_0_0,1,1,17,13,3,0,0,0,0,0,0,1_1,1_1_17,1_1_17_13
155648,21MUS-AH008,Gauteng,2021,34511,1_1_27_18_1_0_0_0_0_0_0,1,1,27,18,1,0,0,0,0,0,0,1_1,1_1_27,1_1_27_18
155649,21MUS-AH010,Gauteng,2021,34512,0_0_47_11_1_0_2_0_0_0_0,0,0,47,11,1,0,2,0,0,0,0,0_0,0_0_47,0_0_47_11
155650,21MUS-AH012,Gauteng,2021,34513;34548,0_12_6_4_2_0_0_0_0_0_0,0,12,6,4,2,0,0,0,0,0,0,0_12,0_12_6,0_12_6_4
155651,21MUS-AH016,Gauteng,2021,34514,1_1_17_4_30_0_0_0_0_0_0,1,1,17,4,30,0,0,0,0,0,0,1_1,1_1_17,1_1_17_4
155652,21MUS-AH017,Gauteng,2021,,,,,,,,,,,,,,_,__,___
155653,21MUS-AH018,Gauteng,2021,,,,,,,,,,,,,,_,__,___
155654,21MUS-AH021-R,Gauteng,2021,21989,0_2_21_0_14_0_0_1_0_0_0,0,2,21,0,14,0,0,1,0,0,0,0_2,0_2_21,0_2_21_0
155655,21MUS-AH022,Gauteng,2021,34498,0_0_33_12_382_0_0_0_0_0_0,0,0,33,12,382,0,0,0,0,0,0,0_0,0_0_33,0_0_33_12
155656,21MUS-AH024,Gauteng,2021,34515,1_1_27_14_1_0_0_0_0_0_0,1,1,27,14,1,0,0,0,0,0,0,1_1,1_1_27,1_1_27_14
155657,21MUS-AH025,Gauteng,2021,,,,,,,,,,,,,,_,__,___
155658,21MUS-AH027,Gauteng,2021,34516,0_2_71_0_0_0_0_1_1_0_0,0,2,71,0,0,0,0,1,1,0,0,0_2,0_2_71,0_2_71_0
155659,21MUS-AH028,Gauteng,2021,34517,0_0_26_3_193_0_0_0_0_0_0,0,0,26,3,193,0,0,0,0,0,0,0_0,0_0_26,0_0_26_3
155660,21MUS-AH031,Gauteng,2021,34518,0_0_47_11_1_8_0_0_0_0_0,0,0,47,11,1,8,0,0,0,0,0,0_0,0_0_47,0_0_47_11
155661,21MUS-AH036,Gauteng,2021,34519,0_0_47_11_1_8_1_0_0_0_0,0,0,47,11,1,8,1,0,0,0,0,0_0,0_0_47,0_0_47_11
155662,21MUS-AH039,Gauteng,2021,34520,1_1_17_17_1_0_0_0_0_0_0,1,1,17,17,1,0,0,0,0,0,0,1_1,1_1_17,1_1_17_17
155663,21MUS-AH042,Gauteng,2021,34521,1_1_27_15_2_0_0_0_0_0_0,1,1,27,15,2,0,0,0,0,0,0,1_1,1_1_27,1_1_27_15
155665,21MUS-AH052,Gauteng,2021,34522,0_0_33_12_381_0_0_0_0_0_0,0,0,33,12,381,0,0,0,0,0,0,0_0,0_0_33,0_0_33_12
155666,21MUS-AH053,Gauteng,2021,34523,0_2_71_0_0_0_0_1_0_0_0,0,2,71,0,0,0,0,1,0,0,0,0_2,0_2_71,0_2_71_0
155667,21MUS-AH055,Gauteng,2021,34524,0_18_23_2_0_1_0_0_0_0_0,0,18,23,2,0,1,0,0,0,0,0,0_18,0_18_23,0_18_23_2
155668,21MUS-AH056,Gauteng,2021,,,,,,,,,,,,,,_,__,___
155669,21MUS-AH057,Gauteng,2021,34525,0_7_0_12_24_0_0_0_0_0_0,0,7,0,12,24,0,0,0,0,0,0,0_7,0_7_0,0_7_0_12
155670,21MUS-AH061,Gauteng,2021,34526,1_1_17_6_13_0_0_4_0_0_0,1,1,17,6,13,0,0,4,0,0,0,1_1,1_1_17,1_1_17_6
155671,21MUS-AH065,Gauteng,2021,,,,,,,,,,,,,,_,__,___
155672,21MUS-AH071,Gauteng,2021,34527,0_0_63_0_2_0_1_0_0_0_0,0,0,63,0,2,0,1,0,0,0,0,0_0,0_0_63,0_0_63_0
155673,21MUS-AH072,Gauteng,2021,34527,0_0_63_0_2_0_1_0_0_0_0,0,0,63,0,2,0,1,0,0,0,0,0_0,0_0_63,0_0_63_0
155674,21MUS-AH073,Gauteng,2021,34528,0_7_0_12_22_0_0_0_0_0_0,0,7,0,12,22,0,0,0,0,0,0,0_7,0_7_0,0_7_0_12
155675,21MUS-AH074,Gauteng,2021,34529,0_0_36_1_3_2_0_0_0_0_0,0,0,36,1,3,2,0,0,0,0,0,0_0,0_0_36,0_0_36_1
155676,21MUS-AH077,Gauteng,2021,,,,,,,,,,,,,,_,__,___
155677,21MUS-AH078,Gauteng,2021,34530,1_1_27_7_0_1_0_0_0_0_0,1,1,27,7,0,1,0,0,0,0,0,1_1,1_1_27,1_1_27_7
155678,21MUS-AH084,Gauteng,2021,,,,,,,,,,,,,,_,__,___
155679,21MUS-AH090,Gauteng,2021,34531,0_7_0_34_0_0_0_0_0_0_0,0,7,0,34,0,0,0,0,0,0,0,0_7,0_7_0,0_7_0_34
155680,21MUS-AH091,Gauteng,2021,34532,0_0_47_6_30_0_0_0_0_0_0,0,0,47,6,30,0,0,0,0,0,0,0_0,0_0_47,0_0_47_6
155681,21MUS-AH093,Gauteng,2021,34533,0_0_47_11_1_6_0_0_0_0_0,0,0,47,11,1,6,0,0,0,0,0,0_0,0_0_47,0_0_47_11
155682,21MUS-AH095,Gauteng,2021,34534,0_7_0_12_13_0_1_0_1_0_0,0,7,0,12,13,0,1,0,1,0,0,0_7,0_7_0,0_7_0_12
155683,21MUS-AH098,Gauteng,2021,,,,,,,,,,,,,,_,__,___
155684,21MUS-AH100,Gauteng,2021,,,,,,,,,,,,,,_,__,___
155685,21MUS-AH101,Gauteng,2021,,,,,,,,,,,,,,_,__,___
155686,21MUS-AH105-R,Gauteng,2021,34535,1_1_17_17_0_0_1_1_0_1_0,1,1,17,17,0,0,1,1,0,1,0,1_1,1_1_17,1_1_17_17
155687,21MUS-AH106,Gauteng,2021,34536,0_7_0_12_13_0_1_0_0_1_0,0,7,0,12,13,0,1,0,0,1,0,0_7,0_7_0,0_7_0_12
155688,21MUS-AH109,Gauteng,2021,34537,0_0_47_11_1_10_1_0_0_0_0,0,0,47,11,1,10,1,0,0,0,0,0_0,0_0_47,0_0_47_11
155689,21MUS-AH111,Gauteng,2021,34538,0_0_23_9_4_0_0_0_0_0_0,0,0,23,9,4,0,0,0,0,0,0,0_0,0_0_23,0_0_23_9
155690,21MUS-AH113,Gauteng,2021,34539,0_0_33_12_396_0_0_0_0_0_0,0,0,33,12,396,0,0,0,0,0,0,0_0,0_0_33,0_0_33_12
155691,21MUS-AH114,Gauteng,2021,34540,1_1_27_7_0_3_0_0_0_0_0,1,1,27,7,0,3,0,0,0,0,0,1_1,1_1_27,1_1_27_7
155692,21MUS-AH115,Gauteng,2021,,,,,,,,,,,,,,_,__,___
155693,21MUS-AH119,Gauteng,2021,,,,,,,,,,,,,,_,__,___
155694,21MUS-AH122,Gauteng,2021,34541,0_0_63_0_3_0_0_0_0_0_0,0,0,63,0,3,0,0,0,0,0,0,0_0,0_0_63,0_0_63_0
155695,21MUS-AH125,Gauteng,2021,34542,0_2_21_0_14_0_0_0_0_0_0,0,2,21,0,14,0,0,0,0,0,0,0_2,0_2_21,0_2_21_0
155696,21MUS-AH126,Gauteng,2021,34543,1_1_17_4_29_0_0_0_0_0_0,1,1,17,4,29,0,0,0,0,0,0,1_1,1_1_17,1_1_17_4
155697,21MUS-AH127,Gauteng,2021,,,,,,,,,,,,,,_,__,___
155698,21MUS-AH130,Gauteng,2021,34544,0_7_0_12_13_0_2_0_0_0_0,0,7,0,12,13,0,2,0,0,0,0,0_7,0_7_0,0_7_0_12
155699,21MUS-AH131,Gauteng,2021,34545,0_0_47_11_1_5_0_0_0_0_0,0,0,47,11,1,5,0,0,0,0,0,0_0,0_0_47,0_0_47_11
155701,21MUS-AH133,Gauteng,2021,21994,0_7_0_12_15_0_0_0_0_0_0,0,7,0,12,15,0,0,0,0,0,0,0_7,0_7_0,0_7_0_12
155702,21MUS-AH134,Gauteng,2021,34546,0_7_0_12_21_1_0_0_0_0_0,0,7,0,12,21,1,0,0,0,0,0,0_7,0_7_0,0_7_0_12
155703,21MUS-AH136,Gauteng,2021,34547,0_7_0_12_13_0_1_1_0_0_0,0,7,0,12,13,0,1,1,0,0,0,0_7,0_7_0,0_7_0_12
155704,21MUS-AH137,Gauteng,2021,,,,,,,,,,,,,,_,__,___
155705,21MUS-AH138,Gauteng,2021,34548,0_12_6_4_2_0_0_0_0_0_0,0,12,6,4,2,0,0,0,0,0,0,0_12,0_12_6,0_12_6_4
155706,21MUS-AH139,Gauteng,2021,34509;34522;34549,0_0_33_12_381_0_0_0_0_0_0,0,0,33,12,381,0,0,0,0,0,0,0_0,0_0_33,0_0_33_12
155707,21MUS-AH140,Gauteng,2021,34550,0_7_0_12_13_0_1_0_0_2_0,0,7,0,12,13,0,1,0,0,2,0,0_7,0_7_0,0_7_0_12
155710,21MUS-AH148,Gauteng,2021,34551,0_0_47_11_1_9_0_0_0_0_0,0,0,47,11,1,9,0,0,0,0,0,0_0,0_0_47,0_0_47_11
155711,21MUS-AH150,Gauteng,2021,,,,,,,,,,,,,,_,__,___
155712,21MUS-AH151,Gauteng,2021,34552,0_2_71_0_0_0_1_0_0_1_0,0,2,71,0,0,0,1,0,0,1,0,0_2,0_2_71,0_2_71_0
155714,21MUS-AH153-2,Gauteng,2021,,,,,,,,,,,,,,_,__,___
155718,21MUS-AH164,Gauteng,2021,34553,0_0_33_12_374_0_0_0_0_0_0,0,0,33,12,374,0,0,0,0,0,0,0_0,0_0_33,0_0_33_12
155719,21MUS-AH165,Gauteng,2021,34554,1_1_17_17_0_0_0_0_1_1_0,1,1,17,17,0,0,0,0,1,1,0,1_1,1_1_17,1_1_17_17
155720,21MUS-AH166,Gauteng,2021,21996,0_0_47_11_1_3_0_0_0_0_0,0,0,47,11,1,3,0,0,0,0,0,0_0,0_0_47,0_0_47_11
155722,21MUS-AH168,Gauteng,2021,34555,0_0_25_0_4_0_0_0_0_0_0,0,0,25,0,4,0,0,0,0,0,0,0_0,0_0_25,0_0_25_0
155723,21MUS-AH169-1,Gauteng,2021,34556,0_7_0_12_21_0_0_0_0_0_0,0,7,0,12,21,0,0,0,0,0,0,0_7,0_7_0,0_7_0_12
155725,21MUS-AH171,Gauteng,2021,,,,,,,,,,,,,,_,__,___
155726,21MUS-AH174,Gauteng,2021,34557,0_7_0_12_21_0_0_0_0_0_0,0,7,0,12,21,0,0,0,0,0,0,0_7,0_7_0,0_7_0_12
155728,21MUS-AH183,Gauteng,2021,34558,0_7_0_12_18_0_0_0_0_0_0,0,7,0,12,18,0,0,0,0,0,0,0_7,0_7_0,0_7_0_12
155729,21MUS-AH185,Gauteng,2021,,,,,,,,,,,,,,_,__,___
155730,21MUS-AH187,Gauteng,2021,34559,1_1_17_6_13_17_0_0_0_0_0,1,1,17,6,13,17,0,0,0,0,0,1_1,1_1_17,1_1_17_6
155733,21MUS-AH195,Gauteng,2021,34560,0_2_71_0_0_3_0_0_0_0_0,0,2,71,0,0,3,0,0,0,0,0,0_2,0_2_71,0_2_71_0
155734,21MUS-AH196,Gauteng,2021,34561,1_1_17_4_31_0_0_0_0_0_0,1,1,17,4,31,0,0,0,0,0,0,1_1,1_1_17,1_1_17_4
155735,21MUS-AH198,Gauteng,2021,34562,0_7_0_12_15_2_0_0_0_0_0,0,7,0,12,15,2,0,0,0,0,0,0_7,0_7_0,0_7_0_12
155738,21MUS-AH202,Gauteng,2021,34563,0_0_36_1_13_0_0_0_0_0_0,0,0,36,1,13,0,0,0,0,0,0,0_0,0_0_36,0_0_36_1
155741,21MUS-AH205,Gauteng,2021,34564,0_0_23_42_0_0_0_0_0_0_0,0,0,23,42,0,0,0,0,0,0,0,0_0,0_0_23,0_0_23_42
155742,21MUS-AH209,Gauteng,2021,34565,0_0_11_1_4_0_0_0_0_0_0,0,0,11,1,4,0,0,0,0,0,0,0_0,0_0_11,0_0_11_1
155743,21MUS-AH210,Gauteng,2021,34566,0_0_23_41_1_0_0_0_0_0_0,0,0,23,41,1,0,0,0,0,0,0,0_0,0_0_23,0_0_23_41
155744,21MUS-AH216,Gauteng,2021,,,,,,,,,,,,,,_,__,___
155748,21MUS-AH223-2,Gauteng,2021,34567,0_0_33_12_397_0_0_0_0_0_0,0,0,33,12,397,0,0,0,0,0,0,0_0,0_0_33,0_0_33_12
155749,15MUS-PI001,KwaZulu-Natal,2015,34568,0_0_47_6_26_0_0_0_0_0_0,0,0,47,6,26,0,0,0,0,0,0,0_0,0_0_47,0_0_47_6
155750,15MUS-PI002,KwaZulu-Natal,2015,34569,0_0_47_11_1_10_1_0_2_0_0,0,0,47,11,1,10,1,0,2,0,0,0_0,0_0_47,0_0_47_11
155751,15MUS-PI003,KwaZulu-Natal,2015,34570,0_0_47_6_31_0_0_0_0_0_0,0,0,47,6,31,0,0,0,0,0,0,0_0,0_0_47,0_0_47_6
155752,15MUS-PI004,KwaZulu-Natal,2015,34571,0_0_33_12_387_0_0_0_0_0_0,0,0,33,12,387,0,0,0,0,0,0,0_0,0_0_33,0_0_33_12
155753,15MUS-PI005-WGS,KwaZulu-Natal,2015,34572,1_1_27_2_0_1_0_0_0_0_0,1,1,27,2,0,1,0,0,0,0,0,1_1,1_1_27,1_1_27_2
155754,15MUS-PI006,KwaZulu-Natal,2015,34573,0_0_33_12_343_0_0_0_0_1_0,0,0,33,12,343,0,0,0,0,1,0,0_0,0_0_33,0_0_33_12
155755,15MUS-PI007,KwaZulu-Natal,2015,34574,0_0_36_1_14_0_0_0_0_0_0,0,0,36,1,14,0,0,0,0,0,0,0_0,0_0_36,0_0_36_1
155756,15MUS-PI011,KwaZulu-Natal,2015,34575,0_0_23_3_6_0_0_0_0_0_0,0,0,23,3,6,0,0,0,0,0,0,0_0,0_0_23,0_0_23_3
155757,15MUS-PI016,KwaZulu-Natal,2015,34576,0_0_33_12_89_2_1_0_0_0_0,0,0,33,12,89,2,1,0,0,0,0,0_0,0_0_33,0_0_33_12
155758,20MUS-AH109,Gauteng,2020,34577,0_7_0_12_21_2_0_0_0_0_0,0,7,0,12,21,2,0,0,0,0,0,0_7,0_7_0,0_7_0_12
155759,15MUS-PI020,KwaZulu-Natal,2015,,,,,,,,,,,,,,_,__,___
155760,15MUS-PI025,KwaZulu-Natal,2015,34578,0_0_25_0_3_0_0_0_0_0_0,0,0,25,0,3,0,0,0,0,0,0,0_0,0_0_25,0_0_25_0
155761,15MUS-PI026,KwaZulu-Natal,2015,34579,0_0_47_11_1_0_3_0_0_0_0,0,0,47,11,1,0,3,0,0,0,0,0_0,0_0_47,0_0_47_11
155762,15MUS-PI029,KwaZulu-Natal,2015,34580,0_0_33_12_375_0_0_0_0_0_0,0,0,33,12,375,0,0,0,0,0,0,0_0,0_0_33,0_0_33_12
155763,15MUS-PI030,KwaZulu-Natal,2015,34581,0_0_33_12_370_0_0_0_0_0_0,0,0,33,12,370,0,0,0,0,0,0,0_0,0_0_33,0_0_33_12
155764,15MUS-PI036,KwaZulu-Natal,2015,,,,,,,,,,,,,,_,__,___
155767,15MUS-PI048,KwaZulu-Natal,2015,34582,0_0_33_12_310_0_1_0_0_0_0,0,0,33,12,310,0,1,0,0,0,0,0_0,0_0_33,0_0_33_12
155768,15MUS-PI056,KwaZulu-Natal,2015,34583,0_0_33_12_390_0_0_0_0_0_0,0,0,33,12,390,0,0,0,0,0,0,0_0,0_0_33,0_0_33_12
155769,15MUS-PI063-WGS,KwaZulu-Natal,2015,,,,,,,,,,,,,,_,__,___
155770,15MUS-PI064,KwaZulu-Natal,2015,34584,0_0_23_3_5_1_0_0_0_0_0,0,0,23,3,5,1,0,0,0,0,0,0_0,0_0_23,0_0_23_3
155772,15MUS-PI066,KwaZulu-Natal,2015,34585,1_1_17_4_27_0_0_0_0_0_0,1,1,17,4,27,0,0,0,0,0,0,1_1,1_1_17,1_1_17_4
155773,15MUS-PI067,KwaZulu-Natal,2015,34586,0_0_33_12_380_0_0_0_0_0_0,0,0,33,12,380,0,0,0,0,0,0,0_0,0_0_33,0_0_33_12
155774,15MUS-PI068,KwaZulu-Natal,2015,,,,,,,,,,,,,,_,__,___
155775,15MUS-PI076,KwaZulu-Natal,2015,34587,0_0_33_12_377_0_0_0_0_0_0,0,0,33,12,377,0,0,0,0,0,0,0_0,0_0_33,0_0_33_12
155776,15MUS-PI077,KwaZulu-Natal,2015,34588,0_0_33_12_385_0_0_0_0_0_0,0,0,33,12,385,0,0,0,0,0,0,0_0,0_0_33,0_0_33_12
155777,15MUS-PI078,KwaZulu-Natal,2015,34589,0_2_21_0_7_0_1_0_0_0_0,0,2,21,0,7,0,1,0,0,0,0,0_2,0_2_21,0_2_21_0
155778,15MUS-PI080,KwaZulu-Natal,2015,,,,,,,,,,,,,,_,__,___
155779,15MUS-PI082,KwaZulu-Natal,2015,34590,0_0_47_11_1_7_2_0_1_0_0,0,0,47,11,1,7,2,0,1,0,0,0_0,0_0_47,0_0_47_11
155780,15MUS-PI089,KwaZulu-Natal,2015,34591,0_0_36_1_3_1_0_1_0_0_0,0,0,36,1,3,1,0,1,0,0,0,0_0,0_0_36,0_0_36_1
155781,15MUS-PI091-WGS,KwaZulu-Natal,2015,34592,1_1_52_0_1_0_0_0_0_0_0,1,1,52,0,1,0,0,0,0,0,0,1_1,1_1_52,1_1_52_0
155782,15MUS-PI092-WGS,KwaZulu-Natal,2015,34593,1_1_27_6_16_0_0_0_0_0_0,1,1,27,6,16,0,0,0,0,0,0,1_1,1_1_27,1_1_27_6
155783,15MUS-PI093,KwaZulu-Natal,2015,34594,0_0_47_6_13_1_0_0_0_0_0,0,0,47,6,13,1,0,0,0,0,0,0_0,0_0_47,0_0_47_6
155784,15MUS-PI095,KwaZulu-Natal,2015,34595,1_1_27_6_17_0_0_0_0_0_0,1,1,27,6,17,0,0,0,0,0,0,1_1,1_1_27,1_1_27_6
155785,15MUS-PI097,KwaZulu-Natal,2015,,,,,,,,,,,,,,_,__,___
155787,15MUS-PI099,KwaZulu-Natal,2015,34596,0_16_0_1_6_0_2_0_0_0_0,0,16,0,1,6,0,2,0,0,0,0,0_16,0_16_0,0_16_0_1
155788,15MUS-PI100,KwaZulu-Natal,2015,34597,0_0_33_12_369_0_0_0_0_0_0,0,0,33,12,369,0,0,0,0,0,0,0_0,0_0_33,0_0_33_12
155789,15MUS-PI103,KwaZulu-Natal,2015,34598,0_0_47_11_1_7_1_0_0_0_0,0,0,47,11,1,7,1,0,0,0,0,0_0,0_0_47,0_0_47_11
155791,15MUS-PI105,KwaZulu-Natal,2015,34599,0_0_36_1_7_0_1_0_0_0_0,0,0,36,1,7,0,1,0,0,0,0,0_0,0_0_36,0_0_36_1
155792,15MUS-PI107,KwaZulu-Natal,2015,34600,1_1_27_8_0_0_0_0_0_1_0,1,1,27,8,0,0,0,0,0,1,0,1_1,1_1_27,1_1_27_8
155793,15MUS-PI110,KwaZulu-Natal,2015,34601,0_0_47_11_1_10_0_0_0_0_0,0,0,47,11,1,10,0,0,0,0,0,0_0,0_0_47,0_0_47_11
155794,15MUS-PI111,KwaZulu-Natal,2015,34602,0_0_23_4_1_0_0_0_0_0_0,0,0,23,4,1,0,0,0,0,0,0,0_0,0_0_23,0_0_23_4
155795,15MUS-PI112,KwaZulu-Natal,2015,34603,0_0_33_180_0_0_0_0_0_0_0,0,0,33,180,0,0,0,0,0,0,0,0_0,0_0_33,0_0_33_180
155796,18MUS-KM003,,2018,,,,,,,,,,,,,,_,__,___
155797,18MUS-KM009,,2018,34604,0_0_63_0_2_1_0_0_1_0_0,0,0,63,0,2,1,0,0,1,0,0,0_0,0_0_63,0_0_63_0
155798,18MUS-KM012,,2018,21969;34605,0_18_28_0_0_0_0_0_0_0_0,0,18,28,0,0,0,0,0,0,0,0,0_18,0_18_28,0_18_28_0
155799,18MUS-KM013,,2018,21970;29688,0_0_23_25_0_0_0_0_0_0_0,0,0,23,25,0,0,0,0,0,0,0,0_0,0_0_23,0_0_23_25
155801,18MUS-KM021,,2018,21972;29689,0_0_23_34_0_0_0_0_0_0_0,0,0,23,34,0,0,0,0,0,0,0,0_0,0_0_23,0_0_23_34
155802,18MUS-KM024,,2018,34606,0_0_47_11_1_0_0_0_1_0_0,0,0,47,11,1,0,0,0,1,0,0,0_0,0_0_47,0_0_47_11
155803,18MUS-KM025,,2018,,,,,,,,,,,,,,_,__,___
155804,18MUS-KM026,,2018,34607,0_0_33_12_392_0_0_0_0_0_0,0,0,33,12,392,0,0,0,0,0,0,0_0,0_0_33,0_0_33_12